/*!40101 SET @OLD_CHARACTER_SET_CLIENT=@@CHARACTER_SET_CLIENT */;
/*!40101 SET @OLD_CHARACTER_SET_RESULTS=@@CHARACTER_SET_RESULTS */;
/*!40101 SET @OLD_COLLATION_CONNECTION=@@COLLATION_CONNECTION */;
/*!40101 SET NAMES utf8mb4 */;
/*!40014 SET @OLD_UNIQUE_CHECKS=@@UNIQUE_CHECKS, UNIQUE_CHECKS=0 */;
/*!40014 SET @OLD_FOREIGN_KEY_CHECKS=@@FOREIGN_KEY_CHECKS, FOREIGN_KEY_CHECKS=0 */;
/*!40101 SET @OLD_SQL_MODE=@@SQL_MODE, SQL_MODE='NO_AUTO_VALUE_ON_ZERO' */;
/*!40111 SET @OLD_SQL_NOTES=@@SQL_NOTES, SQL_NOTES=0 */;

CREATE TABLE `acc_account_opening_balances` (
  `id` bigint unsigned NOT NULL AUTO_INCREMENT,
  `acc_cost_center_id` bigint unsigned NOT NULL,
  `acc_account_id` bigint unsigned NOT NULL,
  `date` date NOT NULL,
  `dr_amount` decimal(10,2) DEFAULT NULL,
  `cr_amount` decimal(10,2) DEFAULT NULL,
  `business_unit` enum('PSML','TSLL') COLLATE utf8mb4_unicode_ci NOT NULL,
  `created_at` timestamp NULL DEFAULT NULL,
  `updated_at` timestamp NULL DEFAULT NULL,
  PRIMARY KEY (`id`)
) ENGINE=InnoDB AUTO_INCREMENT=6 DEFAULT CHARSET=utf8mb4 COLLATE=utf8mb4_unicode_ci;

CREATE TABLE `acc_accounts` (
  `id` bigint unsigned NOT NULL AUTO_INCREMENT,
  `acc_balance_and_income_line_id` bigint unsigned NOT NULL,
  `parent_account_id` bigint unsigned DEFAULT NULL,
  `account_name` varchar(255) COLLATE utf8mb4_unicode_ci NOT NULL,
  `account_code` varchar(255) COLLATE utf8mb4_unicode_ci NOT NULL,
  `account_type` int NOT NULL,
  `accountable_type` varchar(255) CHARACTER SET utf8mb4 COLLATE utf8mb4_unicode_ci DEFAULT NULL,
  `accountable_id` int DEFAULT NULL,
  `official_code` varchar(255) COLLATE utf8mb4_unicode_ci DEFAULT NULL,
  `is_archived` tinyint NOT NULL DEFAULT '0',
  `business_unit` enum('PSML','TSLL') COLLATE utf8mb4_unicode_ci NOT NULL,
  `created_at` timestamp NULL DEFAULT NULL,
  `updated_at` timestamp NULL DEFAULT NULL,
  PRIMARY KEY (`id`)
) ENGINE=InnoDB AUTO_INCREMENT=788 DEFAULT CHARSET=utf8mb4 COLLATE=utf8mb4_unicode_ci;

CREATE TABLE `acc_advance_adjustments` (
  `id` bigint unsigned NOT NULL AUTO_INCREMENT,
  `business_unit` enum('PSML','TSLL') COLLATE utf8mb4_unicode_ci NOT NULL,
  `deleted_at` timestamp NULL DEFAULT NULL,
  `created_at` timestamp NULL DEFAULT NULL,
  `updated_at` timestamp NULL DEFAULT NULL,
  PRIMARY KEY (`id`)
) ENGINE=InnoDB DEFAULT CHARSET=utf8mb4 COLLATE=utf8mb4_unicode_ci;

CREATE TABLE `acc_balance_and_income_lines` (
  `id` bigint unsigned NOT NULL AUTO_INCREMENT,
  `acc_cost_center_id` bigint DEFAULT NULL,
  `line_type` enum('base_header','balance_header','income_header','balance_line','income_line') COLLATE utf8mb4_unicode_ci NOT NULL,
  `line_text` varchar(255) COLLATE utf8mb4_unicode_ci NOT NULL,
  `value_type` enum('D','C') COLLATE utf8mb4_unicode_ci NOT NULL,
  `parent_id` int DEFAULT NULL,
  `visible_index` int DEFAULT NULL,
  `printed_no` varchar(255) COLLATE utf8mb4_unicode_ci DEFAULT NULL,
  `_lft` int DEFAULT NULL,
  `_rgt` int DEFAULT NULL,
  `business_unit` enum('PSML','TSLL') COLLATE utf8mb4_unicode_ci NOT NULL,
  `created_at` timestamp NULL DEFAULT NULL,
  `updated_at` timestamp NULL DEFAULT NULL,
  PRIMARY KEY (`id`)
) ENGINE=InnoDB AUTO_INCREMENT=138 DEFAULT CHARSET=utf8mb4 COLLATE=utf8mb4_unicode_ci;

CREATE TABLE `acc_bank_accounts` (
  `id` bigint unsigned NOT NULL AUTO_INCREMENT,
  `bank_name` varchar(255) COLLATE utf8mb4_unicode_ci NOT NULL,
  `branch_name` varchar(255) COLLATE utf8mb4_unicode_ci NOT NULL,
  `account_type` varchar(255) COLLATE utf8mb4_unicode_ci NOT NULL,
  `account_name` varchar(255) COLLATE utf8mb4_unicode_ci NOT NULL,
  `account_number` varchar(255) COLLATE utf8mb4_unicode_ci NOT NULL,
  `routing_number` varchar(255) COLLATE utf8mb4_unicode_ci DEFAULT NULL,
  `contact_number` varchar(255) COLLATE utf8mb4_unicode_ci DEFAULT NULL,
  `opening_date` date DEFAULT NULL,
  `opening_balance` double(20,2) NOT NULL,
  `business_unit` enum('PSML','TSLL') COLLATE utf8mb4_unicode_ci NOT NULL,
  `created_at` timestamp NULL DEFAULT NULL,
  `updated_at` timestamp NULL DEFAULT NULL,
  PRIMARY KEY (`id`)
) ENGINE=InnoDB AUTO_INCREMENT=10 DEFAULT CHARSET=utf8mb4 COLLATE=utf8mb4_unicode_ci;

CREATE TABLE `acc_bank_reconciliations` (
  `id` bigint unsigned NOT NULL AUTO_INCREMENT,
  `acc_transaction_id` int NOT NULL,
  `reconciliation_date` date NOT NULL,
  `status` varchar(255) COLLATE utf8mb4_unicode_ci NOT NULL,
  `business_unit` enum('PSML','TSLL') COLLATE utf8mb4_unicode_ci NOT NULL,
  `created_at` timestamp NULL DEFAULT NULL,
  `updated_at` timestamp NULL DEFAULT NULL,
  PRIMARY KEY (`id`)
) ENGINE=InnoDB AUTO_INCREMENT=22 DEFAULT CHARSET=utf8mb4 COLLATE=utf8mb4_unicode_ci;

CREATE TABLE `acc_cash_accounts` (
  `id` bigint unsigned NOT NULL AUTO_INCREMENT,
  `name` varchar(255) COLLATE utf8mb4_unicode_ci NOT NULL,
  `business_unit` enum('PSML','TSLL') COLLATE utf8mb4_unicode_ci NOT NULL,
  `created_at` timestamp NULL DEFAULT NULL,
  `updated_at` timestamp NULL DEFAULT NULL,
  PRIMARY KEY (`id`)
) ENGINE=InnoDB AUTO_INCREMENT=4 DEFAULT CHARSET=utf8mb4 COLLATE=utf8mb4_unicode_ci;

CREATE TABLE `acc_cash_requisition_lines` (
  `id` bigint unsigned NOT NULL AUTO_INCREMENT,
  `acc_cash_requisition_id` bigint unsigned NOT NULL,
  `particular` varchar(255) COLLATE utf8mb4_unicode_ci NOT NULL,
  `remarks` text CHARACTER SET utf8mb4 COLLATE utf8mb4_unicode_ci,
  `amount` double(8,2) NOT NULL,
  `created_at` timestamp NULL DEFAULT NULL,
  `updated_at` timestamp NULL DEFAULT NULL,
  PRIMARY KEY (`id`),
  KEY `acc_cash_requisition_lines_acc_cash_requisition_id_foreign` (`acc_cash_requisition_id`),
  CONSTRAINT `acc_cash_requisition_lines_acc_cash_requisition_id_foreign` FOREIGN KEY (`acc_cash_requisition_id`) REFERENCES `acc_cash_requisitions` (`id`) ON DELETE CASCADE
) ENGINE=InnoDB AUTO_INCREMENT=22 DEFAULT CHARSET=utf8mb4 COLLATE=utf8mb4_unicode_ci;

CREATE TABLE `acc_cash_requisitions` (
  `id` bigint unsigned NOT NULL AUTO_INCREMENT,
  `acc_cost_center_id` bigint unsigned NOT NULL,
  `applied_date` date NOT NULL,
  `requisitor_id` bigint unsigned NOT NULL,
  `scm_pr_id` bigint unsigned DEFAULT NULL,
  `total_amount` double(10,2) DEFAULT NULL,
  `purpose` text COLLATE utf8mb4_unicode_ci,
  `remarks` text COLLATE utf8mb4_unicode_ci,
  `business_unit` enum('PSML','TSLL') COLLATE utf8mb4_unicode_ci NOT NULL,
  `created_at` timestamp NULL DEFAULT NULL,
  `updated_at` timestamp NULL DEFAULT NULL,
  PRIMARY KEY (`id`)
) ENGINE=InnoDB AUTO_INCREMENT=9 DEFAULT CHARSET=utf8mb4 COLLATE=utf8mb4_unicode_ci;

CREATE TABLE `acc_cost_centers` (
  `id` bigint unsigned NOT NULL AUTO_INCREMENT,
  `name` varchar(255) CHARACTER SET utf8mb4 COLLATE utf8mb4_unicode_ci NOT NULL,
  `short_name` varchar(255) CHARACTER SET utf8mb4 COLLATE utf8mb4_unicode_ci NOT NULL,
  `type` varchar(255) CHARACTER SET utf8mb4 COLLATE utf8mb4_unicode_ci NOT NULL,
  `business_unit` enum('PSML','TSLL') COLLATE utf8mb4_unicode_ci NOT NULL,
  `created_at` timestamp NULL DEFAULT NULL,
  `updated_at` timestamp NULL DEFAULT NULL,
  PRIMARY KEY (`id`)
) ENGINE=InnoDB AUTO_INCREMENT=14 DEFAULT CHARSET=utf8mb4 COLLATE=utf8mb4_unicode_ci;

CREATE TABLE `acc_depreciations` (
  `id` bigint unsigned NOT NULL AUTO_INCREMENT,
  `business_unit` enum('PSML','TSLL') COLLATE utf8mb4_unicode_ci NOT NULL,
  `deleted_at` timestamp NULL DEFAULT NULL,
  `created_at` timestamp NULL DEFAULT NULL,
  `updated_at` timestamp NULL DEFAULT NULL,
  PRIMARY KEY (`id`)
) ENGINE=InnoDB DEFAULT CHARSET=utf8mb4 COLLATE=utf8mb4_unicode_ci;

CREATE TABLE `acc_fixed_asset_costs` (
  `id` bigint unsigned NOT NULL AUTO_INCREMENT,
  `acc_fixed_asset_id` bigint unsigned NOT NULL,
  `particular` varchar(255) COLLATE utf8mb4_unicode_ci NOT NULL,
  `remarks` varchar(255) COLLATE utf8mb4_unicode_ci DEFAULT NULL,
  `amount` double(8,2) NOT NULL,
  `created_at` timestamp NULL DEFAULT NULL,
  `updated_at` timestamp NULL DEFAULT NULL,
  PRIMARY KEY (`id`),
  KEY `acc_fixed_asset_costs_acc_fixed_asset_id_foreign` (`acc_fixed_asset_id`),
  CONSTRAINT `acc_fixed_asset_costs_acc_fixed_asset_id_foreign` FOREIGN KEY (`acc_fixed_asset_id`) REFERENCES `acc_fixed_assets` (`id`) ON DELETE CASCADE
) ENGINE=InnoDB AUTO_INCREMENT=35 DEFAULT CHARSET=utf8mb4 COLLATE=utf8mb4_unicode_ci;

CREATE TABLE `acc_fixed_assets` (
  `id` bigint unsigned NOT NULL AUTO_INCREMENT,
  `acc_cost_center_id` bigint unsigned NOT NULL,
  `scm_mrr_id` bigint unsigned NOT NULL,
  `scm_material_id` bigint unsigned NOT NULL,
  `brand` varchar(255) COLLATE utf8mb4_unicode_ci DEFAULT NULL,
  `model` varchar(255) COLLATE utf8mb4_unicode_ci DEFAULT NULL,
  `serial` varchar(255) COLLATE utf8mb4_unicode_ci DEFAULT NULL,
  `acc_parent_account_id` bigint unsigned NOT NULL,
  `acc_account_id` bigint unsigned NOT NULL,
  `asset_tag` varchar(255) COLLATE utf8mb4_unicode_ci DEFAULT NULL,
  `location` varchar(255) COLLATE utf8mb4_unicode_ci DEFAULT NULL,
  `acquisition_date` date NOT NULL,
  `useful_life` double(8,2) NOT NULL,
  `depreciation_rate` double(8,2) NOT NULL,
  `acquisition_cost` double(8,2) NOT NULL,
  `business_unit` enum('PSML','TSLL') COLLATE utf8mb4_unicode_ci NOT NULL,
  `created_at` timestamp NULL DEFAULT NULL,
  `updated_at` timestamp NULL DEFAULT NULL,
  PRIMARY KEY (`id`)
) ENGINE=InnoDB AUTO_INCREMENT=7 DEFAULT CHARSET=utf8mb4 COLLATE=utf8mb4_unicode_ci;

CREATE TABLE `acc_ledger_entries` (
  `id` bigint unsigned NOT NULL AUTO_INCREMENT,
  `acc_transaction_id` bigint unsigned NOT NULL,
  `acc_balance_and_income_line_id` bigint unsigned DEFAULT NULL,
  `acc_cost_center_id` bigint unsigned DEFAULT NULL,
  `acc_account_id` bigint unsigned NOT NULL,
  `dr_amount` decimal(16,2) DEFAULT NULL,
  `cr_amount` decimal(16,2) DEFAULT NULL,
  `ref_bill` varchar(255) COLLATE utf8mb4_unicode_ci DEFAULT NULL,
  `bill_status` varchar(255) COLLATE utf8mb4_unicode_ci DEFAULT NULL,
  `purpose` text COLLATE utf8mb4_unicode_ci,
  `remarks` text COLLATE utf8mb4_unicode_ci,
  `created_at` timestamp NULL DEFAULT NULL,
  `updated_at` timestamp NULL DEFAULT NULL,
  PRIMARY KEY (`id`)
) ENGINE=InnoDB AUTO_INCREMENT=897 DEFAULT CHARSET=utf8mb4 COLLATE=utf8mb4_unicode_ci;

CREATE TABLE `acc_loan_receiveds` (
  `id` bigint unsigned NOT NULL AUTO_INCREMENT,
  `acc_loan_id` bigint unsigned NOT NULL,
  `received_date` date NOT NULL,
  `payment_method` varchar(255) COLLATE utf8mb4_unicode_ci NOT NULL,
  `received_acc_account_id` bigint unsigned NOT NULL,
  `instrument_no` varchar(255) COLLATE utf8mb4_unicode_ci NOT NULL,
  `instrument_date` date NOT NULL,
  `received_amount` decimal(20,2) NOT NULL,
  `interest_rate` double(5,2) NOT NULL,
  `business_unit` enum('PSML','TSLL') COLLATE utf8mb4_unicode_ci NOT NULL,
  `created_at` timestamp NULL DEFAULT NULL,
  `updated_at` timestamp NULL DEFAULT NULL,
  PRIMARY KEY (`id`)
) ENGINE=InnoDB AUTO_INCREMENT=5 DEFAULT CHARSET=utf8mb4 COLLATE=utf8mb4_unicode_ci;

CREATE TABLE `acc_loans` (
  `id` bigint unsigned NOT NULL AUTO_INCREMENT,
  `loanable_type` varchar(255) COLLATE utf8mb4_unicode_ci NOT NULL,
  `loanable_id` bigint unsigned NOT NULL,
  `loan_type` varchar(255) COLLATE utf8mb4_unicode_ci NOT NULL,
  `loan_number` varchar(255) COLLATE utf8mb4_unicode_ci NOT NULL,
  `loan_name` varchar(255) COLLATE utf8mb4_unicode_ci NOT NULL,
  `total_sanctioned` decimal(20,2) NOT NULL,
  `sanctioned_limit` decimal(20,2) NOT NULL,
  `total_installment` int NOT NULL,
  `interest_rate` double(5,2) NOT NULL,
  `opening_date` varchar(255) COLLATE utf8mb4_unicode_ci NOT NULL,
  `maturity_date` date NOT NULL,
  `emi_date` date NOT NULL,
  `emi_amount` decimal(8,2) NOT NULL,
  `loan_purpose` text COLLATE utf8mb4_unicode_ci NOT NULL,
  `mortgage` text COLLATE utf8mb4_unicode_ci,
  `remarks` text COLLATE utf8mb4_unicode_ci,
  `business_unit` enum('PSML','TSLL') COLLATE utf8mb4_unicode_ci NOT NULL,
  `created_at` timestamp NULL DEFAULT NULL,
  `updated_at` timestamp NULL DEFAULT NULL,
  PRIMARY KEY (`id`)
) ENGINE=InnoDB AUTO_INCREMENT=4 DEFAULT CHARSET=utf8mb4 COLLATE=utf8mb4_unicode_ci;

CREATE TABLE `acc_salaries` (
  `id` bigint unsigned NOT NULL AUTO_INCREMENT,
  `business_unit` enum('PSML','TSLL') COLLATE utf8mb4_unicode_ci NOT NULL,
  `deleted_at` timestamp NULL DEFAULT NULL,
  `created_at` timestamp NULL DEFAULT NULL,
  `updated_at` timestamp NULL DEFAULT NULL,
  PRIMARY KEY (`id`)
) ENGINE=InnoDB DEFAULT CHARSET=utf8mb4 COLLATE=utf8mb4_unicode_ci;

CREATE TABLE `acc_salary_heads` (
  `id` bigint unsigned NOT NULL AUTO_INCREMENT,
  `name` varchar(255) COLLATE utf8mb4_unicode_ci NOT NULL,
  `business_unit` enum('PSML','TSLL') COLLATE utf8mb4_unicode_ci NOT NULL,
  `created_at` timestamp NULL DEFAULT NULL,
  `updated_at` timestamp NULL DEFAULT NULL,
  PRIMARY KEY (`id`)
) ENGINE=InnoDB AUTO_INCREMENT=15 DEFAULT CHARSET=utf8mb4 COLLATE=utf8mb4_unicode_ci;

CREATE TABLE `acc_transactions` (
  `id` bigint unsigned NOT NULL AUTO_INCREMENT,
  `acc_cost_center_id` bigint unsigned DEFAULT NULL,
  `voucher_type` varchar(255) COLLATE utf8mb4_unicode_ci NOT NULL,
  `transactionable_type` varchar(255) CHARACTER SET utf8mb4 COLLATE utf8mb4_unicode_ci DEFAULT NULL,
  `transactionable_id` bigint unsigned DEFAULT NULL,
  `transaction_date` date NOT NULL,
  `bill_no` varchar(255) COLLATE utf8mb4_unicode_ci DEFAULT NULL,
  `mr_no` varchar(255) COLLATE utf8mb4_unicode_ci DEFAULT NULL,
  `narration` text COLLATE utf8mb4_unicode_ci,
  `instrument_type` varchar(255) COLLATE utf8mb4_unicode_ci DEFAULT NULL,
  `instrument_no` varchar(255) COLLATE utf8mb4_unicode_ci DEFAULT NULL,
  `instrument_date` date DEFAULT NULL,
  `business_unit` enum('PSML','TSLL') CHARACTER SET utf8mb4 COLLATE utf8mb4_unicode_ci DEFAULT NULL,
  `created_at` timestamp NULL DEFAULT NULL,
  `updated_at` timestamp NULL DEFAULT NULL,
  PRIMARY KEY (`id`)
) ENGINE=InnoDB AUTO_INCREMENT=394 DEFAULT CHARSET=utf8mb4 COLLATE=utf8mb4_unicode_ci;

CREATE TABLE `balance_income_line` (
  `id` int DEFAULT NULL,
  `line_type` varchar(14) CHARACTER SET utf8 COLLATE utf8_general_ci DEFAULT NULL,
  `line_text` varchar(51) CHARACTER SET utf8 COLLATE utf8_general_ci DEFAULT NULL,
  `value_type` varchar(1) CHARACTER SET utf8 COLLATE utf8_general_ci DEFAULT NULL,
  `parent_id` varchar(2) CHARACTER SET utf8 COLLATE utf8_general_ci DEFAULT NULL,
  `visible_index` varchar(2) CHARACTER SET utf8 COLLATE utf8_general_ci DEFAULT NULL,
  `printed_no` varchar(2) CHARACTER SET utf8 COLLATE utf8_general_ci DEFAULT NULL,
  `lft` int DEFAULT NULL,
  `rgt` int DEFAULT NULL,
  `business_unit` varchar(4) CHARACTER SET utf8 COLLATE utf8_general_ci DEFAULT NULL,
  `created_at` datetime DEFAULT NULL,
  `updated_at` datetime DEFAULT NULL
) ENGINE=InnoDB DEFAULT CHARSET=utf8mb4 COLLATE=utf8mb4_0900_ai_ci;

CREATE TABLE `crw_agencies` (
  `id` bigint unsigned NOT NULL AUTO_INCREMENT,
  `agency_name` varchar(255) CHARACTER SET utf8mb4 COLLATE utf8mb4_unicode_ci NOT NULL,
  `legal_name` varchar(255) COLLATE utf8mb4_unicode_ci NOT NULL,
  `tax_identification` varchar(255) COLLATE utf8mb4_unicode_ci DEFAULT NULL,
  `business_license_no` varchar(255) COLLATE utf8mb4_unicode_ci DEFAULT NULL,
  `company_reg_no` varchar(255) COLLATE utf8mb4_unicode_ci DEFAULT NULL,
  `address` varchar(255) COLLATE utf8mb4_unicode_ci NOT NULL,
  `phone` varchar(255) COLLATE utf8mb4_unicode_ci NOT NULL,
  `email` varchar(255) COLLATE utf8mb4_unicode_ci NOT NULL,
  `website` varchar(255) COLLATE utf8mb4_unicode_ci DEFAULT NULL,
  `logo` varchar(255) COLLATE utf8mb4_unicode_ci DEFAULT NULL,
  `country` varchar(255) COLLATE utf8mb4_unicode_ci DEFAULT NULL,
  `business_unit` enum('PSML','TSLL') COLLATE utf8mb4_unicode_ci NOT NULL,
  `created_at` timestamp NULL DEFAULT NULL,
  `updated_at` timestamp NULL DEFAULT NULL,
  PRIMARY KEY (`id`)
) ENGINE=InnoDB AUTO_INCREMENT=51 DEFAULT CHARSET=utf8mb4 COLLATE=utf8mb4_unicode_ci;

CREATE TABLE `crw_agency_bill_lines` (
  `id` bigint unsigned NOT NULL AUTO_INCREMENT,
  `crw_agency_bill_id` bigint unsigned NOT NULL,
  `particular` varchar(255) COLLATE utf8mb4_unicode_ci NOT NULL,
  `description` text COLLATE utf8mb4_unicode_ci,
  `per` varchar(255) COLLATE utf8mb4_unicode_ci DEFAULT NULL,
  `quantity` int NOT NULL,
  `rate` decimal(8,2) NOT NULL,
  `amount` decimal(8,2) NOT NULL,
  `created_at` timestamp NULL DEFAULT NULL,
  `updated_at` timestamp NULL DEFAULT NULL,
  PRIMARY KEY (`id`),
  KEY `crw_agency_bill_lines_crw_agency_bill_id_foreign` (`crw_agency_bill_id`),
  CONSTRAINT `crw_agency_bill_lines_crw_agency_bill_id_foreign` FOREIGN KEY (`crw_agency_bill_id`) REFERENCES `crw_agency_bills` (`id`) ON DELETE CASCADE
) ENGINE=InnoDB AUTO_INCREMENT=30 DEFAULT CHARSET=utf8mb4 COLLATE=utf8mb4_unicode_ci;

CREATE TABLE `crw_agency_bills` (
  `id` bigint unsigned NOT NULL AUTO_INCREMENT,
  `crw_agency_id` bigint unsigned NOT NULL,
  `crw_agency_contract_id` bigint unsigned NOT NULL,
  `applied_date` date NOT NULL,
  `invoice_date` date NOT NULL,
  `invoice_no` varchar(255) COLLATE utf8mb4_unicode_ci NOT NULL,
  `invoice_type` varchar(255) COLLATE utf8mb4_unicode_ci NOT NULL,
  `invoice_currency` varchar(255) COLLATE utf8mb4_unicode_ci NOT NULL,
  `invoice_amount` decimal(8,2) NOT NULL,
  `grand_total` decimal(8,2) NOT NULL,
  `discount` decimal(8,2) NOT NULL DEFAULT '0.00',
  `net_amount` decimal(8,2) NOT NULL,
  `remarks` text COLLATE utf8mb4_unicode_ci,
  `business_unit` enum('PSML','TSLL') COLLATE utf8mb4_unicode_ci NOT NULL,
  `created_at` timestamp NULL DEFAULT NULL,
  `updated_at` timestamp NULL DEFAULT NULL,
  PRIMARY KEY (`id`)
) ENGINE=InnoDB AUTO_INCREMENT=9 DEFAULT CHARSET=utf8mb4 COLLATE=utf8mb4_unicode_ci;

CREATE TABLE `crw_agency_contact_persons` (
  `id` bigint unsigned NOT NULL AUTO_INCREMENT,
  `crw_agency_id` bigint unsigned NOT NULL,
  `name` varchar(255) COLLATE utf8mb4_unicode_ci NOT NULL,
  `contact_no` varchar(255) COLLATE utf8mb4_unicode_ci NOT NULL,
  `email` varchar(255) COLLATE utf8mb4_unicode_ci DEFAULT NULL,
  `position` varchar(255) COLLATE utf8mb4_unicode_ci DEFAULT NULL,
  `purpose` varchar(255) COLLATE utf8mb4_unicode_ci DEFAULT NULL,
  `created_at` timestamp NULL DEFAULT NULL,
  `updated_at` timestamp NULL DEFAULT NULL,
  PRIMARY KEY (`id`),
  KEY `fk_crw_agency_contact_person_id` (`crw_agency_id`),
  CONSTRAINT `fk_crw_agency_contact_person_id` FOREIGN KEY (`crw_agency_id`) REFERENCES `crw_agencies` (`id`) ON DELETE CASCADE
) ENGINE=InnoDB AUTO_INCREMENT=45 DEFAULT CHARSET=utf8mb4 COLLATE=utf8mb4_unicode_ci;

CREATE TABLE `crw_agency_contracts` (
  `id` bigint unsigned NOT NULL AUTO_INCREMENT,
  `crw_agency_id` bigint unsigned NOT NULL,
  `contract_name` varchar(255) CHARACTER SET utf8mb4 COLLATE utf8mb4_unicode_ci NOT NULL,
  `billing_cycle` varchar(255) COLLATE utf8mb4_unicode_ci NOT NULL,
  `billing_currency` varchar(255) COLLATE utf8mb4_unicode_ci NOT NULL,
  `validity_from` date NOT NULL,
  `validity_till` date NOT NULL,
  `service_offered` text COLLATE utf8mb4_unicode_ci NOT NULL,
  `terms_and_conditions` text COLLATE utf8mb4_unicode_ci NOT NULL,
  `remarks` text COLLATE utf8mb4_unicode_ci,
  `attachment` varchar(255) COLLATE utf8mb4_unicode_ci DEFAULT NULL,
  `account_holder_name` varchar(255) COLLATE utf8mb4_unicode_ci NOT NULL,
  `bank_name` varchar(255) COLLATE utf8mb4_unicode_ci NOT NULL,
  `bank_address` varchar(255) COLLATE utf8mb4_unicode_ci NOT NULL,
  `account_no` varchar(255) COLLATE utf8mb4_unicode_ci NOT NULL,
  `swift_code` varchar(255) COLLATE utf8mb4_unicode_ci DEFAULT NULL,
  `business_unit` enum('PSML','TSLL') COLLATE utf8mb4_unicode_ci NOT NULL,
  `created_at` timestamp NULL DEFAULT NULL,
  `updated_at` timestamp NULL DEFAULT NULL,
  PRIMARY KEY (`id`)
) ENGINE=InnoDB AUTO_INCREMENT=13 DEFAULT CHARSET=utf8mb4 COLLATE=utf8mb4_unicode_ci;

CREATE TABLE `crw_attendance_lines` (
  `id` bigint unsigned NOT NULL AUTO_INCREMENT,
  `crw_attendance_id` bigint unsigned NOT NULL,
  `crw_crew_id` bigint unsigned NOT NULL,
  `crw_crew_assignment_id` bigint unsigned NOT NULL,
  `attendance_line_composite` varchar(255) COLLATE utf8mb4_unicode_ci NOT NULL,
  `present_days` int NOT NULL,
  `absent_days` int NOT NULL,
  `payable_days` int NOT NULL,
  `created_at` timestamp NULL DEFAULT NULL,
  `updated_at` timestamp NULL DEFAULT NULL,
  PRIMARY KEY (`id`),
  KEY `crw_attendance_lines_crw_attendance_id_foreign` (`crw_attendance_id`),
  CONSTRAINT `crw_attendance_lines_crw_attendance_id_foreign` FOREIGN KEY (`crw_attendance_id`) REFERENCES `crw_attendances` (`id`) ON DELETE CASCADE
) ENGINE=InnoDB DEFAULT CHARSET=utf8mb4 COLLATE=utf8mb4_unicode_ci;

CREATE TABLE `crw_attendances` (
  `id` bigint unsigned NOT NULL AUTO_INCREMENT,
  `ops_vessel_id` bigint unsigned NOT NULL,
  `year` year NOT NULL,
  `month_no` int NOT NULL,
  `working_days` int NOT NULL,
  `business_unit` enum('PSML','TSLL') COLLATE utf8mb4_unicode_ci NOT NULL,
  `created_at` timestamp NULL DEFAULT NULL,
  `updated_at` timestamp NULL DEFAULT NULL,
  PRIMARY KEY (`id`)
) ENGINE=InnoDB DEFAULT CHARSET=utf8mb4 COLLATE=utf8mb4_unicode_ci;

CREATE TABLE `crw_bank_accounts` (
  `id` bigint unsigned NOT NULL AUTO_INCREMENT,
  `crw_crew_id` bigint unsigned NOT NULL,
  `bank_name` varchar(255) COLLATE utf8mb4_unicode_ci NOT NULL,
  `account_holder` varchar(255) COLLATE utf8mb4_unicode_ci NOT NULL,
  `address` text COLLATE utf8mb4_unicode_ci NOT NULL,
  `account_no` varchar(255) COLLATE utf8mb4_unicode_ci NOT NULL,
  `currency` varchar(255) COLLATE utf8mb4_unicode_ci NOT NULL,
  `swift_code` varchar(255) COLLATE utf8mb4_unicode_ci DEFAULT NULL,
  `benificiary_name` varchar(255) COLLATE utf8mb4_unicode_ci NOT NULL,
  `benificiary_attachment` varchar(255) COLLATE utf8mb4_unicode_ci NOT NULL,
  `is_active` tinyint NOT NULL,
  `business_unit` enum('PSML','TSLL') COLLATE utf8mb4_unicode_ci NOT NULL,
  `created_at` timestamp NULL DEFAULT NULL,
  `updated_at` timestamp NULL DEFAULT NULL,
  PRIMARY KEY (`id`)
) ENGINE=InnoDB DEFAULT CHARSET=utf8mb4 COLLATE=utf8mb4_unicode_ci;

CREATE TABLE `crw_crew_assignments` (
  `id` bigint unsigned NOT NULL AUTO_INCREMENT,
  `ops_vessel_id` bigint unsigned NOT NULL,
  `crw_crew_id` bigint unsigned NOT NULL,
  `position_onboard` varchar(255) COLLATE utf8mb4_unicode_ci NOT NULL,
  `date_of_joining` date NOT NULL,
  `port_of_joining` varchar(255) COLLATE utf8mb4_unicode_ci NOT NULL,
  `approx_duration` varchar(255) COLLATE utf8mb4_unicode_ci NOT NULL,
  `remarks` varchar(255) COLLATE utf8mb4_unicode_ci DEFAULT NULL,
  `business_unit` enum('PSML','TSLL') COLLATE utf8mb4_unicode_ci NOT NULL,
  `created_at` timestamp NULL DEFAULT NULL,
  `updated_at` timestamp NULL DEFAULT NULL,
  PRIMARY KEY (`id`)
) ENGINE=InnoDB AUTO_INCREMENT=5 DEFAULT CHARSET=utf8mb4 COLLATE=utf8mb4_unicode_ci;

CREATE TABLE `crw_crew_checklist_lines` (
  `id` bigint unsigned NOT NULL AUTO_INCREMENT,
  `crw_crew_checklist_id` bigint unsigned NOT NULL,
  `item_name` varchar(255) COLLATE utf8mb4_unicode_ci NOT NULL,
  `remarks` text COLLATE utf8mb4_unicode_ci,
  `created_at` timestamp NULL DEFAULT NULL,
  `updated_at` timestamp NULL DEFAULT NULL,
  PRIMARY KEY (`id`),
  KEY `crw_crew_checklist_lines_crw_crew_checklist_id_foreign` (`crw_crew_checklist_id`),
  CONSTRAINT `crw_crew_checklist_lines_crw_crew_checklist_id_foreign` FOREIGN KEY (`crw_crew_checklist_id`) REFERENCES `crw_crew_checklists` (`id`) ON DELETE CASCADE
) ENGINE=InnoDB AUTO_INCREMENT=44 DEFAULT CHARSET=utf8mb4 COLLATE=utf8mb4_unicode_ci;

CREATE TABLE `crw_crew_checklists` (
  `id` bigint unsigned NOT NULL AUTO_INCREMENT,
  `effective_date` date NOT NULL,
  `remarks` text COLLATE utf8mb4_unicode_ci,
  `business_unit` enum('PSML','TSLL') COLLATE utf8mb4_unicode_ci NOT NULL,
  `created_at` timestamp NULL DEFAULT NULL,
  `updated_at` timestamp NULL DEFAULT NULL,
  PRIMARY KEY (`id`)
) ENGINE=InnoDB AUTO_INCREMENT=16 DEFAULT CHARSET=utf8mb4 COLLATE=utf8mb4_unicode_ci;

CREATE TABLE `crw_crew_document_renewals` (
  `id` bigint unsigned NOT NULL AUTO_INCREMENT,
  `crw_crew_document_id` bigint unsigned NOT NULL,
  `issue_date` date DEFAULT NULL,
  `expire_date` date DEFAULT NULL,
  `reference_no` varchar(255) COLLATE utf8mb4_unicode_ci DEFAULT NULL,
  `attachment` varchar(255) COLLATE utf8mb4_unicode_ci DEFAULT NULL,
  `created_at` timestamp NULL DEFAULT NULL,
  `updated_at` timestamp NULL DEFAULT NULL,
  PRIMARY KEY (`id`),
  KEY `fk_crw_crew_document_renewal_id` (`crw_crew_document_id`),
  CONSTRAINT `fk_crw_crew_document_renewal_id` FOREIGN KEY (`crw_crew_document_id`) REFERENCES `crw_crew_documents` (`id`) ON DELETE CASCADE
) ENGINE=InnoDB AUTO_INCREMENT=9 DEFAULT CHARSET=utf8mb4 COLLATE=utf8mb4_unicode_ci;

CREATE TABLE `crw_crew_documents` (
  `id` bigint unsigned NOT NULL AUTO_INCREMENT,
  `crw_crew_profile_id` bigint unsigned NOT NULL,
  `document_name` varchar(255) CHARACTER SET utf8mb4 COLLATE utf8mb4_unicode_ci NOT NULL,
  `issuing_authority` varchar(255) COLLATE utf8mb4_unicode_ci NOT NULL,
  `validity_period` varchar(255) COLLATE utf8mb4_unicode_ci NOT NULL,
  `validity_period_in_month` double(8,2) NOT NULL,
  `business_unit` enum('PSML','TSLL') COLLATE utf8mb4_unicode_ci NOT NULL,
  `created_at` timestamp NULL DEFAULT NULL,
  `updated_at` timestamp NULL DEFAULT NULL,
  PRIMARY KEY (`id`)
) ENGINE=InnoDB AUTO_INCREMENT=70 DEFAULT CHARSET=utf8mb4 COLLATE=utf8mb4_unicode_ci;

CREATE TABLE `crw_crew_educations` (
  `id` bigint unsigned NOT NULL AUTO_INCREMENT,
  `crw_crew_profile_id` bigint unsigned NOT NULL,
  `exam_title` varchar(255) COLLATE utf8mb4_unicode_ci NOT NULL,
  `major` varchar(255) COLLATE utf8mb4_unicode_ci NOT NULL,
  `institute` varchar(255) COLLATE utf8mb4_unicode_ci NOT NULL,
  `result` varchar(255) COLLATE utf8mb4_unicode_ci NOT NULL,
  `passing_year` year NOT NULL,
  `duration` varchar(255) COLLATE utf8mb4_unicode_ci DEFAULT NULL,
  `achievement` varchar(255) COLLATE utf8mb4_unicode_ci DEFAULT NULL,
  `created_at` timestamp NULL DEFAULT NULL,
  `updated_at` timestamp NULL DEFAULT NULL,
  PRIMARY KEY (`id`),
  KEY `crw_crew_educations_crw_crew_profile_id_foreign` (`crw_crew_profile_id`),
  CONSTRAINT `crw_crew_educations_crw_crew_profile_id_foreign` FOREIGN KEY (`crw_crew_profile_id`) REFERENCES `crw_crew_profiles` (`id`) ON DELETE CASCADE
) ENGINE=InnoDB AUTO_INCREMENT=65 DEFAULT CHARSET=utf8mb4 COLLATE=utf8mb4_unicode_ci;

CREATE TABLE `crw_crew_experiences` (
  `id` bigint unsigned NOT NULL AUTO_INCREMENT,
  `crw_crew_profile_id` bigint unsigned NOT NULL,
  `employer_name` varchar(255) COLLATE utf8mb4_unicode_ci NOT NULL,
  `from_date` date NOT NULL,
  `till_date` date NOT NULL,
  `last_designation` varchar(255) COLLATE utf8mb4_unicode_ci NOT NULL,
  `reason_for_leave` text COLLATE utf8mb4_unicode_ci NOT NULL,
  `created_at` timestamp NULL DEFAULT NULL,
  `updated_at` timestamp NULL DEFAULT NULL,
  PRIMARY KEY (`id`),
  KEY `crw_crew_experiences_crw_crew_profile_id_foreign` (`crw_crew_profile_id`),
  CONSTRAINT `crw_crew_experiences_crw_crew_profile_id_foreign` FOREIGN KEY (`crw_crew_profile_id`) REFERENCES `crw_crew_profiles` (`id`) ON DELETE CASCADE
) ENGINE=InnoDB AUTO_INCREMENT=63 DEFAULT CHARSET=utf8mb4 COLLATE=utf8mb4_unicode_ci;

CREATE TABLE `crw_crew_languages` (
  `id` bigint unsigned NOT NULL AUTO_INCREMENT,
  `crw_crew_profile_id` bigint unsigned NOT NULL,
  `language_name` varchar(255) COLLATE utf8mb4_unicode_ci NOT NULL,
  `writing` varchar(255) COLLATE utf8mb4_unicode_ci NOT NULL,
  `reading` varchar(255) COLLATE utf8mb4_unicode_ci NOT NULL,
  `speaking` varchar(255) COLLATE utf8mb4_unicode_ci NOT NULL,
  `listening` varchar(255) COLLATE utf8mb4_unicode_ci NOT NULL,
  `created_at` timestamp NULL DEFAULT NULL,
  `updated_at` timestamp NULL DEFAULT NULL,
  PRIMARY KEY (`id`),
  KEY `crw_crew_languages_crw_crew_profile_id_foreign` (`crw_crew_profile_id`),
  CONSTRAINT `crw_crew_languages_crw_crew_profile_id_foreign` FOREIGN KEY (`crw_crew_profile_id`) REFERENCES `crw_crew_profiles` (`id`) ON DELETE CASCADE
) ENGINE=InnoDB AUTO_INCREMENT=62 DEFAULT CHARSET=utf8mb4 COLLATE=utf8mb4_unicode_ci;

CREATE TABLE `crw_crew_nominees` (
  `id` bigint unsigned NOT NULL AUTO_INCREMENT,
  `crw_crew_profile_id` bigint unsigned NOT NULL,
  `name` varchar(255) COLLATE utf8mb4_unicode_ci NOT NULL,
  `profession` varchar(255) COLLATE utf8mb4_unicode_ci NOT NULL,
  `address` varchar(255) COLLATE utf8mb4_unicode_ci NOT NULL,
  `relationship` varchar(255) COLLATE utf8mb4_unicode_ci NOT NULL,
  `contact_no` varchar(255) COLLATE utf8mb4_unicode_ci DEFAULT NULL,
  `email` varchar(255) COLLATE utf8mb4_unicode_ci DEFAULT NULL,
  `is_relative` varchar(255) COLLATE utf8mb4_unicode_ci NOT NULL,
  `created_at` timestamp NULL DEFAULT NULL,
  `updated_at` timestamp NULL DEFAULT NULL,
  PRIMARY KEY (`id`),
  KEY `crw_crew_nominees_crw_crew_profile_id_foreign` (`crw_crew_profile_id`),
  CONSTRAINT `crw_crew_nominees_crw_crew_profile_id_foreign` FOREIGN KEY (`crw_crew_profile_id`) REFERENCES `crw_crew_profiles` (`id`) ON DELETE CASCADE
) ENGINE=InnoDB AUTO_INCREMENT=72 DEFAULT CHARSET=utf8mb4 COLLATE=utf8mb4_unicode_ci;

CREATE TABLE `crw_crew_profiles` (
  `id` bigint unsigned NOT NULL AUTO_INCREMENT,
  `crw_recruitment_approval_id` bigint unsigned DEFAULT NULL,
  `hired_by` enum('Agency','Company') COLLATE utf8mb4_unicode_ci DEFAULT NULL,
  `agency_id` bigint unsigned DEFAULT NULL,
  `crw_rank_id` bigint unsigned DEFAULT NULL,
  `department_name` varchar(50) COLLATE utf8mb4_unicode_ci NOT NULL,
  `employee_type` varchar(255) COLLATE utf8mb4_unicode_ci NOT NULL,
  `is_officer` tinyint NOT NULL DEFAULT '0',
  `first_name` varchar(255) COLLATE utf8mb4_unicode_ci NOT NULL,
  `last_name` varchar(255) COLLATE utf8mb4_unicode_ci NOT NULL,
  `full_name` varchar(255) COLLATE utf8mb4_unicode_ci NOT NULL,
  `father_name` varchar(255) COLLATE utf8mb4_unicode_ci NOT NULL,
  `mother_name` varchar(255) COLLATE utf8mb4_unicode_ci NOT NULL,
  `date_of_birth` date NOT NULL,
  `gender` varchar(255) COLLATE utf8mb4_unicode_ci NOT NULL,
  `religion` varchar(255) COLLATE utf8mb4_unicode_ci NOT NULL,
  `marital_status` varchar(255) COLLATE utf8mb4_unicode_ci NOT NULL,
  `nationality` varchar(255) COLLATE utf8mb4_unicode_ci NOT NULL,
  `nid_no` varchar(255) COLLATE utf8mb4_unicode_ci DEFAULT NULL,
  `passport_no` varchar(255) COLLATE utf8mb4_unicode_ci DEFAULT NULL,
  `passport_issue_date` date DEFAULT NULL,
  `blood_group` varchar(255) COLLATE utf8mb4_unicode_ci DEFAULT NULL,
  `height` varchar(50) COLLATE utf8mb4_unicode_ci DEFAULT NULL,
  `weight` varchar(50) COLLATE utf8mb4_unicode_ci DEFAULT NULL,
  `pre_address` varchar(255) COLLATE utf8mb4_unicode_ci NOT NULL,
  `pre_city` varchar(255) COLLATE utf8mb4_unicode_ci NOT NULL,
  `pre_mobile_no` varchar(255) COLLATE utf8mb4_unicode_ci NOT NULL,
  `pre_email` varchar(255) COLLATE utf8mb4_unicode_ci DEFAULT NULL,
  `per_address` varchar(255) COLLATE utf8mb4_unicode_ci NOT NULL,
  `per_city` varchar(255) COLLATE utf8mb4_unicode_ci NOT NULL,
  `per_mobile_no` varchar(255) COLLATE utf8mb4_unicode_ci NOT NULL,
  `per_email` varchar(255) COLLATE utf8mb4_unicode_ci DEFAULT NULL,
  `picture` varchar(255) COLLATE utf8mb4_unicode_ci DEFAULT NULL,
  `attachment` varchar(255) COLLATE utf8mb4_unicode_ci DEFAULT NULL,
  `business_unit` enum('PSML','TSLL') COLLATE utf8mb4_unicode_ci NOT NULL,
  `created_at` timestamp NULL DEFAULT NULL,
  `updated_at` timestamp NULL DEFAULT NULL,
  PRIMARY KEY (`id`)
) ENGINE=InnoDB AUTO_INCREMENT=47 DEFAULT CHARSET=utf8mb4 COLLATE=utf8mb4_unicode_ci;

CREATE TABLE `crw_crew_references` (
  `id` bigint unsigned NOT NULL AUTO_INCREMENT,
  `crw_crew_profile_id` bigint unsigned NOT NULL,
  `name` varchar(255) COLLATE utf8mb4_unicode_ci NOT NULL,
  `organization` varchar(255) COLLATE utf8mb4_unicode_ci NOT NULL,
  `designation` varchar(255) COLLATE utf8mb4_unicode_ci NOT NULL,
  `address` text COLLATE utf8mb4_unicode_ci NOT NULL,
  `contact_personal` varchar(255) COLLATE utf8mb4_unicode_ci NOT NULL,
  `contact_office` varchar(255) COLLATE utf8mb4_unicode_ci DEFAULT NULL,
  `email` varchar(255) COLLATE utf8mb4_unicode_ci DEFAULT NULL,
  `relation` varchar(255) COLLATE utf8mb4_unicode_ci NOT NULL,
  `created_at` timestamp NULL DEFAULT NULL,
  `updated_at` timestamp NULL DEFAULT NULL,
  PRIMARY KEY (`id`),
  KEY `crw_crew_references_crw_crew_profile_id_foreign` (`crw_crew_profile_id`),
  CONSTRAINT `crw_crew_references_crw_crew_profile_id_foreign` FOREIGN KEY (`crw_crew_profile_id`) REFERENCES `crw_crew_profiles` (`id`) ON DELETE CASCADE
) ENGINE=InnoDB AUTO_INCREMENT=61 DEFAULT CHARSET=utf8mb4 COLLATE=utf8mb4_unicode_ci;

CREATE TABLE `crw_crew_requisition_lines` (
  `id` bigint unsigned NOT NULL AUTO_INCREMENT,
  `crw_crew_requisition_id` bigint unsigned NOT NULL,
  `crw_rank_id` int unsigned NOT NULL,
  `required_manpower` int NOT NULL,
  `remarks` text COLLATE utf8mb4_unicode_ci,
  `created_at` timestamp NULL DEFAULT NULL,
  `updated_at` timestamp NULL DEFAULT NULL,
  PRIMARY KEY (`id`),
  KEY `crw_crew_requisition_lines_crw_crew_requisition_id_foreign` (`crw_crew_requisition_id`),
  CONSTRAINT `crw_crew_requisition_lines_crw_crew_requisition_id_foreign` FOREIGN KEY (`crw_crew_requisition_id`) REFERENCES `crw_crew_requisitions` (`id`) ON DELETE CASCADE
) ENGINE=InnoDB AUTO_INCREMENT=25 DEFAULT CHARSET=utf8mb4 COLLATE=utf8mb4_unicode_ci;

CREATE TABLE `crw_crew_requisitions` (
  `id` bigint unsigned NOT NULL AUTO_INCREMENT,
  `ops_vessel_id` bigint unsigned NOT NULL,
  `applied_date` date NOT NULL,
  `total_required_manpower` int NOT NULL,
  `remarks` text COLLATE utf8mb4_unicode_ci,
  `business_unit` enum('PSML','TSLL') COLLATE utf8mb4_unicode_ci NOT NULL,
  `created_at` timestamp NULL DEFAULT NULL,
  `updated_at` timestamp NULL DEFAULT NULL,
  PRIMARY KEY (`id`)
) ENGINE=InnoDB AUTO_INCREMENT=9 DEFAULT CHARSET=utf8mb4 COLLATE=utf8mb4_unicode_ci;

CREATE TABLE `crw_crew_trainings` (
  `id` bigint unsigned NOT NULL AUTO_INCREMENT,
  `crw_crew_profile_id` bigint unsigned NOT NULL,
  `training_title` varchar(255) COLLATE utf8mb4_unicode_ci NOT NULL,
  `covered_topic` varchar(255) COLLATE utf8mb4_unicode_ci NOT NULL,
  `year` year NOT NULL,
  `institute` varchar(255) COLLATE utf8mb4_unicode_ci NOT NULL,
  `duration` varchar(255) COLLATE utf8mb4_unicode_ci DEFAULT NULL,
  `location` varchar(255) COLLATE utf8mb4_unicode_ci DEFAULT NULL,
  `created_at` timestamp NULL DEFAULT NULL,
  `updated_at` timestamp NULL DEFAULT NULL,
  PRIMARY KEY (`id`),
  KEY `crw_crew_trainings_crw_crew_profile_id_foreign` (`crw_crew_profile_id`),
  CONSTRAINT `crw_crew_trainings_crw_crew_profile_id_foreign` FOREIGN KEY (`crw_crew_profile_id`) REFERENCES `crw_crew_profiles` (`id`) ON DELETE CASCADE
) ENGINE=InnoDB AUTO_INCREMENT=65 DEFAULT CHARSET=utf8mb4 COLLATE=utf8mb4_unicode_ci;

CREATE TABLE `crw_incident_participants` (
  `id` bigint unsigned NOT NULL AUTO_INCREMENT,
  `crw_incident_id` bigint unsigned NOT NULL,
  `crw_crew_id` bigint unsigned NOT NULL,
  `injury_status` varchar(255) COLLATE utf8mb4_unicode_ci NOT NULL,
  `notes` text COLLATE utf8mb4_unicode_ci,
  `created_at` timestamp NULL DEFAULT NULL,
  `updated_at` timestamp NULL DEFAULT NULL,
  PRIMARY KEY (`id`),
  KEY `crw_incident_participants_crw_incident_id_foreign` (`crw_incident_id`),
  CONSTRAINT `crw_incident_participants_crw_incident_id_foreign` FOREIGN KEY (`crw_incident_id`) REFERENCES `crw_incidents` (`id`) ON DELETE CASCADE
) ENGINE=InnoDB AUTO_INCREMENT=9 DEFAULT CHARSET=utf8mb4 COLLATE=utf8mb4_unicode_ci;

CREATE TABLE `crw_incidents` (
  `id` bigint unsigned NOT NULL AUTO_INCREMENT,
  `ops_vessel_id` bigint unsigned NOT NULL,
  `date_time` datetime NOT NULL,
  `type` varchar(255) COLLATE utf8mb4_unicode_ci NOT NULL,
  `location` varchar(255) COLLATE utf8mb4_unicode_ci NOT NULL,
  `reported_by` varchar(255) COLLATE utf8mb4_unicode_ci NOT NULL,
  `attachment` varchar(255) COLLATE utf8mb4_unicode_ci DEFAULT NULL,
  `description` text COLLATE utf8mb4_unicode_ci,
  `business_unit` enum('PSML','TSLL') COLLATE utf8mb4_unicode_ci NOT NULL,
  `created_at` timestamp NULL DEFAULT NULL,
  `updated_at` timestamp NULL DEFAULT NULL,
  PRIMARY KEY (`id`)
) ENGINE=InnoDB AUTO_INCREMENT=4 DEFAULT CHARSET=utf8mb4 COLLATE=utf8mb4_unicode_ci;

CREATE TABLE `crw_payroll_batch_head_lines` (
  `id` bigint unsigned NOT NULL AUTO_INCREMENT,
  `payroll_batch_line_id` bigint unsigned NOT NULL,
  `payroll_batch_head_id` bigint unsigned NOT NULL,
  `crew_id` bigint unsigned NOT NULL,
  `particular` varchar(255) COLLATE utf8mb4_unicode_ci NOT NULL,
  `amount` varchar(255) COLLATE utf8mb4_unicode_ci NOT NULL,
  `created_at` timestamp NULL DEFAULT NULL,
  `updated_at` timestamp NULL DEFAULT NULL,
  PRIMARY KEY (`id`)
) ENGINE=InnoDB DEFAULT CHARSET=utf8mb4 COLLATE=utf8mb4_unicode_ci;

CREATE TABLE `crw_payroll_batch_heads` (
  `id` bigint unsigned NOT NULL AUTO_INCREMENT,
  `payroll_batch_id` bigint unsigned NOT NULL,
  `head_type` varchar(255) COLLATE utf8mb4_unicode_ci NOT NULL,
  `head_name` varchar(255) COLLATE utf8mb4_unicode_ci NOT NULL,
  `unit` varchar(255) COLLATE utf8mb4_unicode_ci NOT NULL,
  `based_on` varchar(255) COLLATE utf8mb4_unicode_ci NOT NULL,
  `amount` decimal(8,2) NOT NULL,
  `created_at` timestamp NULL DEFAULT NULL,
  `updated_at` timestamp NULL DEFAULT NULL,
  PRIMARY KEY (`id`)
) ENGINE=InnoDB DEFAULT CHARSET=utf8mb4 COLLATE=utf8mb4_unicode_ci;

CREATE TABLE `crw_payroll_batch_lines` (
  `id` bigint unsigned NOT NULL AUTO_INCREMENT,
  `crw_crew_id` bigint unsigned NOT NULL,
  `crw_payroll_batch_id` bigint unsigned NOT NULL,
  `crw_salary_structure_id` bigint unsigned NOT NULL,
  `attendance_line_composite` varchar(255) COLLATE utf8mb4_unicode_ci DEFAULT NULL,
  `gross_salary` decimal(8,2) NOT NULL,
  `payable_days` int DEFAULT NULL,
  `payable_amount` decimal(8,2) DEFAULT NULL,
  `total_earnings` decimal(8,2) DEFAULT NULL,
  `total_deductions` decimal(8,2) DEFAULT NULL,
  `net_payable_amount` decimal(8,2) NOT NULL,
  `payment_date` date DEFAULT NULL,
  `crw_bank_account_id` bigint unsigned DEFAULT NULL,
  `created_at` timestamp NULL DEFAULT NULL,
  `updated_at` timestamp NULL DEFAULT NULL,
  PRIMARY KEY (`id`)
) ENGINE=InnoDB DEFAULT CHARSET=utf8mb4 COLLATE=utf8mb4_unicode_ci;

CREATE TABLE `crw_payroll_batches` (
  `id` bigint unsigned NOT NULL AUTO_INCREMENT,
  `ops_vessel_id` bigint unsigned NOT NULL,
  `month_no` int NOT NULL,
  `year` year NOT NULL,
  `compensation_type` varchar(255) COLLATE utf8mb4_unicode_ci NOT NULL,
  `start_date` date NOT NULL,
  `end_date` date NOT NULL,
  `process_date` date NOT NULL,
  `net_payment` decimal(8,2) NOT NULL,
  `currency` varchar(255) COLLATE utf8mb4_unicode_ci NOT NULL,
  `working_days` int NOT NULL,
  `business_unit` enum('PSML','TSLL') COLLATE utf8mb4_unicode_ci NOT NULL,
  `created_at` timestamp NULL DEFAULT NULL,
  `updated_at` timestamp NULL DEFAULT NULL,
  PRIMARY KEY (`id`)
) ENGINE=InnoDB DEFAULT CHARSET=utf8mb4 COLLATE=utf8mb4_unicode_ci;

CREATE TABLE `crw_policies` (
  `id` bigint unsigned NOT NULL AUTO_INCREMENT,
  `name` varchar(255) COLLATE utf8mb4_unicode_ci NOT NULL,
  `type` varchar(255) COLLATE utf8mb4_unicode_ci DEFAULT NULL,
  `attachment` varchar(255) COLLATE utf8mb4_unicode_ci DEFAULT NULL,
  `business_unit` enum('PSML','TSLL') COLLATE utf8mb4_unicode_ci NOT NULL,
  `created_at` timestamp NULL DEFAULT NULL,
  `updated_at` timestamp NULL DEFAULT NULL,
  PRIMARY KEY (`id`)
) ENGINE=InnoDB AUTO_INCREMENT=16 DEFAULT CHARSET=utf8mb4 COLLATE=utf8mb4_unicode_ci;

CREATE TABLE `crw_ranks` (
  `id` bigint unsigned NOT NULL AUTO_INCREMENT,
  `name` varchar(255) COLLATE utf8mb4_unicode_ci NOT NULL,
  `short_name` varchar(255) COLLATE utf8mb4_unicode_ci NOT NULL,
  `business_unit` enum('PSML','TSLL') COLLATE utf8mb4_unicode_ci NOT NULL,
  `created_at` timestamp NULL DEFAULT NULL,
  `updated_at` timestamp NULL DEFAULT NULL,
  PRIMARY KEY (`id`)
) ENGINE=InnoDB AUTO_INCREMENT=30 DEFAULT CHARSET=utf8mb4 COLLATE=utf8mb4_unicode_ci;

CREATE TABLE `crw_recruitment_approval_lines` (
  `id` bigint unsigned NOT NULL AUTO_INCREMENT,
  `crw_recruitment_approval_id` bigint unsigned NOT NULL,
  `crw_rank_id` int unsigned NOT NULL,
  `candidate_name` varchar(255) COLLATE utf8mb4_unicode_ci NOT NULL,
  `candidate_contact` varchar(255) COLLATE utf8mb4_unicode_ci NOT NULL,
  `candidate_email` varchar(255) COLLATE utf8mb4_unicode_ci DEFAULT NULL,
  `remarks` text COLLATE utf8mb4_unicode_ci,
  `created_at` timestamp NULL DEFAULT NULL,
  `updated_at` timestamp NULL DEFAULT NULL,
  PRIMARY KEY (`id`),
  KEY `fk_crw_recruitment_approval_id` (`crw_recruitment_approval_id`),
  CONSTRAINT `fk_crw_recruitment_approval_id` FOREIGN KEY (`crw_recruitment_approval_id`) REFERENCES `crw_recruitment_approvals` (`id`) ON DELETE CASCADE
) ENGINE=InnoDB AUTO_INCREMENT=35 DEFAULT CHARSET=utf8mb4 COLLATE=utf8mb4_unicode_ci;

CREATE TABLE `crw_recruitment_approvals` (
  `id` bigint unsigned NOT NULL AUTO_INCREMENT,
  `applied_date` date NOT NULL,
  `page_title` varchar(255) COLLATE utf8mb4_unicode_ci NOT NULL,
  `subject` varchar(255) COLLATE utf8mb4_unicode_ci NOT NULL,
  `total_approved` int NOT NULL,
  `crew_agreed_to_join` int NOT NULL,
  `crew_selected` int NOT NULL,
  `crew_panel` int NOT NULL,
  `crew_rest` int NOT NULL,
  `body` text COLLATE utf8mb4_unicode_ci NOT NULL,
  `remarks` text COLLATE utf8mb4_unicode_ci,
  `business_unit` enum('PSML','TSLL') COLLATE utf8mb4_unicode_ci NOT NULL,
  `created_at` timestamp NULL DEFAULT NULL,
  `updated_at` timestamp NULL DEFAULT NULL,
  PRIMARY KEY (`id`)
) ENGINE=InnoDB AUTO_INCREMENT=14 DEFAULT CHARSET=utf8mb4 COLLATE=utf8mb4_unicode_ci;

CREATE TABLE `crw_salary_structure_breakdowns` (
  `id` bigint unsigned NOT NULL AUTO_INCREMENT,
  `crw_salary_structure_id` bigint unsigned NOT NULL,
  `component_type` enum('Earnings','Deductions') COLLATE utf8mb4_unicode_ci NOT NULL,
  `component_category` varchar(255) COLLATE utf8mb4_unicode_ci NOT NULL,
  `component_name` varchar(255) COLLATE utf8mb4_unicode_ci NOT NULL,
  `amount` decimal(8,2) NOT NULL,
  `created_at` timestamp NULL DEFAULT NULL,
  `updated_at` timestamp NULL DEFAULT NULL,
  PRIMARY KEY (`id`),
  KEY `crw_salary_structure_breakdowns_crw_salary_structure_id_foreign` (`crw_salary_structure_id`),
  CONSTRAINT `crw_salary_structure_breakdowns_crw_salary_structure_id_foreign` FOREIGN KEY (`crw_salary_structure_id`) REFERENCES `crw_salary_structures` (`id`) ON DELETE CASCADE
) ENGINE=InnoDB DEFAULT CHARSET=utf8mb4 COLLATE=utf8mb4_unicode_ci;

CREATE TABLE `crw_salary_structures` (
  `id` bigint unsigned NOT NULL AUTO_INCREMENT,
  `crw_crew_id` bigint unsigned NOT NULL,
  `increment_sequence` int NOT NULL,
  `effective_date` date NOT NULL,
  `promotion_id` bigint unsigned DEFAULT NULL,
  `currency` varchar(255) COLLATE utf8mb4_unicode_ci NOT NULL,
  `gross_salary` date NOT NULL,
  `is_active` tinyint NOT NULL,
  `business_unit` enum('PSML','TSLL') COLLATE utf8mb4_unicode_ci NOT NULL,
  `created_at` timestamp NULL DEFAULT NULL,
  `updated_at` timestamp NULL DEFAULT NULL,
  PRIMARY KEY (`id`)
) ENGINE=InnoDB DEFAULT CHARSET=utf8mb4 COLLATE=utf8mb4_unicode_ci;

CREATE TABLE `crw_vessel_required_crew_lines` (
  `id` bigint unsigned NOT NULL AUTO_INCREMENT,
  `crw_vessel_required_crew_id` bigint unsigned NOT NULL,
  `crw_rank_id` int unsigned NOT NULL,
  `required_manpower` int NOT NULL,
  `eligibility` text COLLATE utf8mb4_unicode_ci,
  `remarks` text COLLATE utf8mb4_unicode_ci,
  `created_at` timestamp NULL DEFAULT NULL,
  `updated_at` timestamp NULL DEFAULT NULL,
  PRIMARY KEY (`id`),
  KEY `fk_crw_vessel_required_crew_id` (`crw_vessel_required_crew_id`),
  CONSTRAINT `fk_crw_vessel_required_crew_id` FOREIGN KEY (`crw_vessel_required_crew_id`) REFERENCES `crw_vessel_required_crews` (`id`) ON DELETE CASCADE
) ENGINE=InnoDB AUTO_INCREMENT=27 DEFAULT CHARSET=utf8mb4 COLLATE=utf8mb4_unicode_ci;

CREATE TABLE `crw_vessel_required_crews` (
  `id` bigint unsigned NOT NULL AUTO_INCREMENT,
  `ops_vessel_id` bigint unsigned NOT NULL,
  `total_crew` int NOT NULL,
  `effective_date` date NOT NULL,
  `remarks` text COLLATE utf8mb4_unicode_ci,
  `business_unit` enum('PSML','TSLL') CHARACTER SET utf8mb4 COLLATE utf8mb4_unicode_ci NOT NULL,
  `created_at` timestamp NULL DEFAULT NULL,
  `updated_at` timestamp NULL DEFAULT NULL,
  PRIMARY KEY (`id`)
) ENGINE=InnoDB AUTO_INCREMENT=9 DEFAULT CHARSET=utf8mb4 COLLATE=utf8mb4_unicode_ci;

CREATE TABLE `failed_jobs` (
  `id` bigint unsigned NOT NULL AUTO_INCREMENT,
  `uuid` varchar(255) COLLATE utf8mb4_unicode_ci NOT NULL,
  `connection` text COLLATE utf8mb4_unicode_ci NOT NULL,
  `queue` text COLLATE utf8mb4_unicode_ci NOT NULL,
  `payload` longtext COLLATE utf8mb4_unicode_ci NOT NULL,
  `exception` longtext COLLATE utf8mb4_unicode_ci NOT NULL,
  `failed_at` timestamp NOT NULL DEFAULT CURRENT_TIMESTAMP,
  PRIMARY KEY (`id`),
  UNIQUE KEY `failed_jobs_uuid_unique` (`uuid`)
) ENGINE=InnoDB DEFAULT CHARSET=utf8mb4 COLLATE=utf8mb4_unicode_ci;

CREATE TABLE `migrations` (
  `id` int unsigned NOT NULL AUTO_INCREMENT,
  `migration` varchar(255) COLLATE utf8mb4_unicode_ci NOT NULL,
  `batch` int NOT NULL,
  PRIMARY KEY (`id`)
) ENGINE=InnoDB AUTO_INCREMENT=469 DEFAULT CHARSET=utf8mb4 COLLATE=utf8mb4_unicode_ci;

CREATE TABLE `mnt_critical_functions` (
  `id` bigint unsigned NOT NULL AUTO_INCREMENT,
  `function_name` varchar(255) COLLATE utf8mb4_unicode_ci NOT NULL,
  `notes` text COLLATE utf8mb4_unicode_ci,
  `created_at` timestamp NULL DEFAULT NULL,
  `updated_at` timestamp NULL DEFAULT NULL,
  PRIMARY KEY (`id`)
) ENGINE=InnoDB AUTO_INCREMENT=9 DEFAULT CHARSET=utf8mb4 COLLATE=utf8mb4_unicode_ci;

CREATE TABLE `mnt_critical_item_cats` (
  `id` bigint unsigned NOT NULL AUTO_INCREMENT,
  `mnt_critical_function_id` bigint unsigned NOT NULL,
  `category_name` varchar(255) COLLATE utf8mb4_unicode_ci DEFAULT NULL,
  `notes` text COLLATE utf8mb4_unicode_ci,
  `created_at` timestamp NULL DEFAULT NULL,
  `updated_at` timestamp NULL DEFAULT NULL,
  PRIMARY KEY (`id`),
  KEY `mnt_critical_item_cats_mnt_critical_function_id_foreign` (`mnt_critical_function_id`),
  CONSTRAINT `mnt_critical_item_cats_mnt_critical_function_id_foreign` FOREIGN KEY (`mnt_critical_function_id`) REFERENCES `mnt_critical_functions` (`id`)
) ENGINE=InnoDB AUTO_INCREMENT=8 DEFAULT CHARSET=utf8mb4 COLLATE=utf8mb4_unicode_ci;

CREATE TABLE `mnt_critical_item_sps` (
  `id` bigint unsigned NOT NULL AUTO_INCREMENT,
  `mnt_critical_vessel_item_id` bigint unsigned NOT NULL,
  `sp_name` varchar(255) COLLATE utf8mb4_unicode_ci NOT NULL,
  `unit` varchar(255) COLLATE utf8mb4_unicode_ci DEFAULT NULL,
  `min_rob` int NOT NULL,
  `created_at` timestamp NULL DEFAULT NULL,
  `updated_at` timestamp NULL DEFAULT NULL,
  PRIMARY KEY (`id`),
  KEY `mnt_critical_item_sps_mnt_critical_vessel_item_id_foreign` (`mnt_critical_vessel_item_id`),
  CONSTRAINT `mnt_critical_item_sps_mnt_critical_vessel_item_id_foreign` FOREIGN KEY (`mnt_critical_vessel_item_id`) REFERENCES `mnt_critical_vessel_items` (`id`)
) ENGINE=InnoDB AUTO_INCREMENT=12 DEFAULT CHARSET=utf8mb4 COLLATE=utf8mb4_unicode_ci;

CREATE TABLE `mnt_critical_items` (
  `id` bigint unsigned NOT NULL AUTO_INCREMENT,
  `mnt_critical_item_cat_id` bigint unsigned NOT NULL,
  `item_name` varchar(255) COLLATE utf8mb4_unicode_ci NOT NULL,
  `specification` text CHARACTER SET utf8mb4 COLLATE utf8mb4_unicode_ci,
  `notes` text COLLATE utf8mb4_unicode_ci,
  `created_at` timestamp NULL DEFAULT NULL,
  `updated_at` timestamp NULL DEFAULT NULL,
  PRIMARY KEY (`id`),
  KEY `mnt_critical_items_mnt_critical_item_cat_id_foreign` (`mnt_critical_item_cat_id`),
  CONSTRAINT `mnt_critical_items_mnt_critical_item_cat_id_foreign` FOREIGN KEY (`mnt_critical_item_cat_id`) REFERENCES `mnt_critical_item_cats` (`id`)
) ENGINE=InnoDB AUTO_INCREMENT=10 DEFAULT CHARSET=utf8mb4 COLLATE=utf8mb4_unicode_ci;

CREATE TABLE `mnt_critical_sp_list_lines` (
  `id` bigint unsigned NOT NULL AUTO_INCREMENT,
  `mnt_critical_sp_list_id` bigint unsigned NOT NULL,
  `mnt_critical_item_sp_id` bigint unsigned NOT NULL,
  `min_rob` int NOT NULL,
  `rob` int NOT NULL,
  `remarks` text COLLATE utf8mb4_unicode_ci,
  `created_at` timestamp NULL DEFAULT NULL,
  `updated_at` timestamp NULL DEFAULT NULL,
  PRIMARY KEY (`id`),
  KEY `mnt_critical_sp_list_lines_mnt_critical_sp_list_id_foreign` (`mnt_critical_sp_list_id`),
  KEY `mnt_critical_sp_list_lines_mnt_critical_item_sp_id_foreign` (`mnt_critical_item_sp_id`),
  CONSTRAINT `mnt_critical_sp_list_lines_mnt_critical_item_sp_id_foreign` FOREIGN KEY (`mnt_critical_item_sp_id`) REFERENCES `mnt_critical_item_sps` (`id`),
  CONSTRAINT `mnt_critical_sp_list_lines_mnt_critical_sp_list_id_foreign` FOREIGN KEY (`mnt_critical_sp_list_id`) REFERENCES `mnt_critical_sp_lists` (`id`)
) ENGINE=InnoDB AUTO_INCREMENT=3 DEFAULT CHARSET=utf8mb4 COLLATE=utf8mb4_unicode_ci;

CREATE TABLE `mnt_critical_sp_lists` (
  `id` bigint unsigned NOT NULL AUTO_INCREMENT,
  `ops_vessel_id` bigint unsigned NOT NULL,
  `record_date` date NOT NULL,
  `reference_no` varchar(255) COLLATE utf8mb4_unicode_ci DEFAULT NULL,
  `business_unit` enum('TSLL','PSML') CHARACTER SET utf8mb4 COLLATE utf8mb4_unicode_ci DEFAULT NULL,
  `created_at` timestamp NULL DEFAULT NULL,
  `updated_at` timestamp NULL DEFAULT NULL,
  PRIMARY KEY (`id`),
  KEY `mnt_critical_sp_lists_ops_vessel_id_foreign` (`ops_vessel_id`),
  CONSTRAINT `mnt_critical_sp_lists_ops_vessel_id_foreign` FOREIGN KEY (`ops_vessel_id`) REFERENCES `ops_vessels` (`id`)
) ENGINE=InnoDB AUTO_INCREMENT=3 DEFAULT CHARSET=utf8mb4 COLLATE=utf8mb4_unicode_ci;

CREATE TABLE `mnt_critical_vessel_items` (
  `id` bigint unsigned NOT NULL AUTO_INCREMENT,
  `ops_vessel_id` bigint unsigned NOT NULL,
  `mnt_critical_item_id` bigint unsigned NOT NULL,
  `is_critical` int NOT NULL DEFAULT '0' COMMENT '0=No, 1=Yes',
  `notes` text COLLATE utf8mb4_unicode_ci,
  `business_unit` enum('TSLL','PSML') CHARACTER SET utf8mb4 COLLATE utf8mb4_unicode_ci DEFAULT NULL,
  `created_at` timestamp NULL DEFAULT NULL,
  `updated_at` timestamp NULL DEFAULT NULL,
  PRIMARY KEY (`id`),
  KEY `mnt_critical_vessel_items_ops_vessel_id_foreign` (`ops_vessel_id`),
  KEY `mnt_critical_vessel_items_mnt_critical_item_id_foreign` (`mnt_critical_item_id`),
  CONSTRAINT `mnt_critical_vessel_items_mnt_critical_item_id_foreign` FOREIGN KEY (`mnt_critical_item_id`) REFERENCES `mnt_critical_items` (`id`),
  CONSTRAINT `mnt_critical_vessel_items_ops_vessel_id_foreign` FOREIGN KEY (`ops_vessel_id`) REFERENCES `ops_vessels` (`id`)
) ENGINE=InnoDB AUTO_INCREMENT=10 DEFAULT CHARSET=utf8mb4 COLLATE=utf8mb4_unicode_ci;

CREATE TABLE `mnt_item_groups` (
  `id` bigint unsigned NOT NULL AUTO_INCREMENT,
  `mnt_ship_department_id` bigint unsigned DEFAULT NULL,
  `name` varchar(255) COLLATE utf8mb4_unicode_ci NOT NULL,
  `short_code` varchar(255) COLLATE utf8mb4_unicode_ci NOT NULL,
  `business_unit` enum('TSLL','PSML') CHARACTER SET utf8mb4 COLLATE utf8mb4_unicode_ci DEFAULT NULL,
  `created_at` timestamp NULL DEFAULT NULL,
  `updated_at` timestamp NULL DEFAULT NULL,
  PRIMARY KEY (`id`),
  KEY `FK_mnt_item_groups_mnt_ship_departments` (`mnt_ship_department_id`),
  CONSTRAINT `FK_mnt_item_groups_mnt_ship_departments` FOREIGN KEY (`mnt_ship_department_id`) REFERENCES `mnt_ship_departments` (`id`)
) ENGINE=InnoDB AUTO_INCREMENT=26 DEFAULT CHARSET=utf8mb4 COLLATE=utf8mb4_unicode_ci;

CREATE TABLE `mnt_items` (
  `id` bigint unsigned NOT NULL AUTO_INCREMENT,
  `mnt_item_group_id` bigint unsigned NOT NULL,
  `name` varchar(255) COLLATE utf8mb4_unicode_ci NOT NULL,
  `item_code` varchar(255) COLLATE utf8mb4_unicode_ci NOT NULL,
  `description` text COLLATE utf8mb4_unicode_ci,
  `business_unit` enum('TSLL','PSML') CHARACTER SET utf8mb4 COLLATE utf8mb4_unicode_ci DEFAULT NULL,
  `has_run_hour` int NOT NULL,
  `created_at` timestamp NULL DEFAULT NULL,
  `updated_at` timestamp NULL DEFAULT NULL,
  PRIMARY KEY (`id`),
  KEY `mnt_items_mnt_item_group_id_foreign` (`mnt_item_group_id`),
  CONSTRAINT `mnt_items_mnt_item_group_id_foreign` FOREIGN KEY (`mnt_item_group_id`) REFERENCES `mnt_item_groups` (`id`)
) ENGINE=InnoDB AUTO_INCREMENT=34 DEFAULT CHARSET=utf8mb4 COLLATE=utf8mb4_unicode_ci;

CREATE TABLE `mnt_job_lines` (
  `id` bigint unsigned NOT NULL AUTO_INCREMENT,
  `mnt_job_id` bigint unsigned NOT NULL,
  `job_description` text COLLATE utf8mb4_unicode_ci NOT NULL,
  `cycle` int DEFAULT NULL,
  `cycle_unit` varchar(255) COLLATE utf8mb4_unicode_ci DEFAULT NULL,
  `last_done` date DEFAULT NULL,
  `min_limit` varchar(255) COLLATE utf8mb4_unicode_ci DEFAULT NULL,
  `previous_run_hour` int DEFAULT '0',
  `remarks` text COLLATE utf8mb4_unicode_ci,
  `status` varchar(255) COLLATE utf8mb4_unicode_ci DEFAULT NULL,
  `created_at` timestamp NULL DEFAULT NULL,
  `updated_at` timestamp NULL DEFAULT NULL,
  PRIMARY KEY (`id`),
  KEY `mnt_job_lines_mnt_job_id_foreign` (`mnt_job_id`),
  CONSTRAINT `mnt_job_lines_mnt_job_id_foreign` FOREIGN KEY (`mnt_job_id`) REFERENCES `mnt_jobs` (`id`)
) ENGINE=InnoDB AUTO_INCREMENT=61 DEFAULT CHARSET=utf8mb4 COLLATE=utf8mb4_unicode_ci;

CREATE TABLE `mnt_jobs` (
  `id` bigint unsigned NOT NULL AUTO_INCREMENT,
  `ops_vessel_id` bigint unsigned NOT NULL,
  `mnt_item_id` bigint unsigned NOT NULL,
  `present_run_hour` int DEFAULT NULL,
  `business_unit` enum('TSLL','PSML') COLLATE utf8mb4_unicode_ci NOT NULL DEFAULT 'TSLL',
  `created_at` timestamp NULL DEFAULT NULL,
  `updated_at` timestamp NULL DEFAULT NULL,
  PRIMARY KEY (`id`),
  KEY `mnt_jobs_ops_vessel_id_foreign` (`ops_vessel_id`),
  KEY `mnt_jobs_mnt_item_id_foreign` (`mnt_item_id`),
  CONSTRAINT `mnt_jobs_mnt_item_id_foreign` FOREIGN KEY (`mnt_item_id`) REFERENCES `mnt_items` (`id`),
  CONSTRAINT `mnt_jobs_ops_vessel_id_foreign` FOREIGN KEY (`ops_vessel_id`) REFERENCES `ops_vessels` (`id`)
) ENGINE=InnoDB AUTO_INCREMENT=44 DEFAULT CHARSET=utf8mb4 COLLATE=utf8mb4_unicode_ci;

CREATE TABLE `mnt_run_hours` (
  `id` bigint unsigned NOT NULL AUTO_INCREMENT,
  `ops_vessel_id` bigint unsigned NOT NULL,
  `mnt_item_id` bigint unsigned NOT NULL,
  `previous_run_hour` int NOT NULL DEFAULT '0',
  `running_hour` int NOT NULL DEFAULT '0',
  `present_run_hour` int NOT NULL,
  `updated_on` date NOT NULL,
  `business_unit` enum('TSLL','PSML') CHARACTER SET utf8mb4 COLLATE utf8mb4_unicode_ci DEFAULT NULL,
  `created_at` timestamp NULL DEFAULT NULL,
  `updated_at` timestamp NULL DEFAULT NULL,
  PRIMARY KEY (`id`),
  KEY `mnt_run_hours_ops_vessel_id_foreign` (`ops_vessel_id`),
  KEY `mnt_run_hours_mnt_item_id_foreign` (`mnt_item_id`),
  CONSTRAINT `mnt_run_hours_mnt_item_id_foreign` FOREIGN KEY (`mnt_item_id`) REFERENCES `mnt_items` (`id`),
  CONSTRAINT `mnt_run_hours_ops_vessel_id_foreign` FOREIGN KEY (`ops_vessel_id`) REFERENCES `ops_vessels` (`id`)
) ENGINE=InnoDB AUTO_INCREMENT=87 DEFAULT CHARSET=utf8mb4 COLLATE=utf8mb4_unicode_ci;

CREATE TABLE `mnt_ship_departments` (
  `id` bigint unsigned NOT NULL AUTO_INCREMENT,
  `name` varchar(255) COLLATE utf8mb4_unicode_ci NOT NULL,
  `short_code` varchar(255) COLLATE utf8mb4_unicode_ci NOT NULL,
  `business_unit` enum('TSLL','PSML') CHARACTER SET utf8mb4 COLLATE utf8mb4_unicode_ci DEFAULT NULL,
  `created_at` timestamp NULL DEFAULT NULL,
  `updated_at` timestamp NULL DEFAULT NULL,
  PRIMARY KEY (`id`)
) ENGINE=InnoDB AUTO_INCREMENT=43 DEFAULT CHARSET=utf8mb4 COLLATE=utf8mb4_unicode_ci;

CREATE TABLE `mnt_survey_items` (
  `id` bigint unsigned NOT NULL AUTO_INCREMENT,
  `item_name` varchar(255) COLLATE utf8mb4_unicode_ci NOT NULL,
  `created_at` timestamp NULL DEFAULT NULL,
  `updated_at` timestamp NULL DEFAULT NULL,
  PRIMARY KEY (`id`)
) ENGINE=InnoDB AUTO_INCREMENT=3 DEFAULT CHARSET=utf8mb4 COLLATE=utf8mb4_unicode_ci;

CREATE TABLE `mnt_survey_types` (
  `id` bigint unsigned NOT NULL AUTO_INCREMENT,
  `survey_type_name` varchar(255) COLLATE utf8mb4_unicode_ci NOT NULL,
  `due_period` varchar(255) COLLATE utf8mb4_unicode_ci DEFAULT NULL,
  `window_period` varchar(255) COLLATE utf8mb4_unicode_ci DEFAULT NULL,
  `created_at` timestamp NULL DEFAULT NULL,
  `updated_at` timestamp NULL DEFAULT NULL,
  PRIMARY KEY (`id`)
) ENGINE=InnoDB AUTO_INCREMENT=2 DEFAULT CHARSET=utf8mb4 COLLATE=utf8mb4_unicode_ci;

CREATE TABLE `mnt_surveys` (
  `id` bigint unsigned NOT NULL AUTO_INCREMENT,
  `ops_vessel_id` bigint unsigned NOT NULL,
  `mnt_survey_item_id` bigint unsigned NOT NULL,
  `mnt_survey_type_id` bigint unsigned NOT NULL,
  `short_code` varchar(255) CHARACTER SET utf8mb4 COLLATE utf8mb4_unicode_ci DEFAULT NULL,
  `survey_name` varchar(255) COLLATE utf8mb4_unicode_ci NOT NULL,
  `range_date_from` date NOT NULL,
  `range_date_to` date NOT NULL,
  `assigned_date` date NOT NULL,
  `due_date` date NOT NULL,
  `business_unit` enum('PSML','TSLL') COLLATE utf8mb4_unicode_ci NOT NULL,
  `created_at` timestamp NULL DEFAULT NULL,
  `updated_at` timestamp NULL DEFAULT NULL,
  PRIMARY KEY (`id`),
  KEY `mnt_surveys_ops_vessel_id_foreign` (`ops_vessel_id`),
  KEY `mnt_surveys_mnt_survey_item_id_foreign` (`mnt_survey_item_id`),
  KEY `mnt_surveys_mnt_survey_type_id_foreign` (`mnt_survey_type_id`),
  CONSTRAINT `mnt_surveys_mnt_survey_item_id_foreign` FOREIGN KEY (`mnt_survey_item_id`) REFERENCES `mnt_survey_items` (`id`),
  CONSTRAINT `mnt_surveys_mnt_survey_type_id_foreign` FOREIGN KEY (`mnt_survey_type_id`) REFERENCES `mnt_survey_types` (`id`),
  CONSTRAINT `mnt_surveys_ops_vessel_id_foreign` FOREIGN KEY (`ops_vessel_id`) REFERENCES `ops_vessels` (`id`)
) ENGINE=InnoDB DEFAULT CHARSET=utf8mb4 COLLATE=utf8mb4_unicode_ci;

CREATE TABLE `mnt_work_requisition_items` (
  `id` bigint unsigned NOT NULL AUTO_INCREMENT,
  `mnt_work_requisition_id` bigint unsigned NOT NULL,
  `mnt_item_id` bigint unsigned NOT NULL,
  `present_run_hour` int DEFAULT NULL,
  `created_at` timestamp NULL DEFAULT NULL,
  `updated_at` timestamp NULL DEFAULT NULL,
  PRIMARY KEY (`id`),
  KEY `mnt_work_requisition_items_mnt_work_requisition_id_foreign` (`mnt_work_requisition_id`),
  KEY `mnt_work_requisition_items_mnt_item_id_foreign` (`mnt_item_id`),
  CONSTRAINT `mnt_work_requisition_items_mnt_item_id_foreign` FOREIGN KEY (`mnt_item_id`) REFERENCES `mnt_items` (`id`),
  CONSTRAINT `mnt_work_requisition_items_mnt_work_requisition_id_foreign` FOREIGN KEY (`mnt_work_requisition_id`) REFERENCES `mnt_work_requisitions` (`id`)
) ENGINE=InnoDB AUTO_INCREMENT=46 DEFAULT CHARSET=utf8mb4 COLLATE=utf8mb4_unicode_ci;

CREATE TABLE `mnt_work_requisition_lines` (
  `id` bigint unsigned NOT NULL AUTO_INCREMENT,
  `mnt_work_requisition_item_id` bigint unsigned NOT NULL,
  `mnt_job_line_id` bigint unsigned NOT NULL,
  `job_description` text CHARACTER SET utf8mb4 COLLATE utf8mb4_unicode_ci,
  `cycle` int DEFAULT NULL,
  `cycle_unit` varchar(50) COLLATE utf8mb4_unicode_ci DEFAULT NULL,
  `min_limit` int DEFAULT NULL,
  `last_done` date DEFAULT NULL,
  `present_run_hour` int DEFAULT NULL,
  `previous_run_hour` int DEFAULT NULL,
  `next_due` varchar(50) COLLATE utf8mb4_unicode_ci DEFAULT NULL,
  `start_date` date DEFAULT NULL,
  `completion_date` date DEFAULT NULL,
  `status` int DEFAULT '0' COMMENT '0=Pending, 1=WIP, 2=Done',
  `checking` int DEFAULT NULL,
  `replace` int DEFAULT NULL,
  `cleaning` int DEFAULT NULL,
  `remarks` text CHARACTER SET utf8mb4 COLLATE utf8mb4_unicode_ci,
  `created_at` timestamp NULL DEFAULT NULL,
  `updated_at` timestamp NULL DEFAULT NULL,
  PRIMARY KEY (`id`),
  KEY `mnt_work_requisition_lines_mnt_work_requisition_item_id_foreign` (`mnt_work_requisition_item_id`),
  KEY `mnt_work_requisition_lines_mnt_job_line_id_foreign` (`mnt_job_line_id`),
  CONSTRAINT `mnt_work_requisition_lines_mnt_job_line_id_foreign` FOREIGN KEY (`mnt_job_line_id`) REFERENCES `mnt_job_lines` (`id`),
  CONSTRAINT `mnt_work_requisition_lines_mnt_work_requisition_item_id_foreign` FOREIGN KEY (`mnt_work_requisition_item_id`) REFERENCES `mnt_work_requisition_items` (`id`)
) ENGINE=InnoDB AUTO_INCREMENT=77 DEFAULT CHARSET=utf8mb4 COLLATE=utf8mb4_unicode_ci;

CREATE TABLE `mnt_work_requisition_materials` (
  `id` bigint unsigned NOT NULL AUTO_INCREMENT,
  `mnt_work_requisition_id` bigint unsigned NOT NULL,
  `material_name_and_code` varchar(255) CHARACTER SET utf8mb4 COLLATE utf8mb4_unicode_ci NOT NULL,
  `specification` text COLLATE utf8mb4_unicode_ci,
  `unit` varchar(255) COLLATE utf8mb4_unicode_ci DEFAULT NULL,
  `quantity` int NOT NULL,
  `remarks` text COLLATE utf8mb4_unicode_ci,
  `created_at` timestamp NULL DEFAULT NULL,
  `updated_at` timestamp NULL DEFAULT NULL,
  PRIMARY KEY (`id`),
  KEY `mnt_work_requisition_materials_mnt_work_requisition_id_foreign` (`mnt_work_requisition_id`),
  CONSTRAINT `mnt_work_requisition_materials_mnt_work_requisition_id_foreign` FOREIGN KEY (`mnt_work_requisition_id`) REFERENCES `mnt_work_requisitions` (`id`)
) ENGINE=InnoDB AUTO_INCREMENT=9 DEFAULT CHARSET=utf8mb4 COLLATE=utf8mb4_unicode_ci;

CREATE TABLE `mnt_work_requisitions` (
  `id` bigint unsigned NOT NULL AUTO_INCREMENT,
  `reference_no` varchar(255) CHARACTER SET utf8mb4 COLLATE utf8mb4_unicode_ci DEFAULT NULL,
  `ops_vessel_id` bigint unsigned NOT NULL,
  `assigned_to` varchar(255) COLLATE utf8mb4_unicode_ci DEFAULT NULL,
  `responsible_person` varchar(255) COLLATE utf8mb4_unicode_ci DEFAULT NULL,
  `scm_vendor_id` bigint unsigned DEFAULT NULL,
  `maintenance_type` enum('Schedule','Breakdown','Dry Dock') COLLATE utf8mb4_unicode_ci NOT NULL,
  `requisition_date` date NOT NULL,
  `priority` varchar(255) COLLATE utf8mb4_unicode_ci DEFAULT NULL,
  `est_start_date` date DEFAULT NULL,
  `est_completion_date` date DEFAULT NULL,
  `act_start_date` date DEFAULT NULL,
  `act_completion_date` date DEFAULT NULL,
  `status` int NOT NULL DEFAULT '0' COMMENT '0=Pending, 1=WIP, 2=Done',
  `business_unit` enum('TSLL','PSML') COLLATE utf8mb4_unicode_ci NOT NULL,
  `created_at` timestamp NULL DEFAULT NULL,
  `updated_at` timestamp NULL DEFAULT NULL,
  PRIMARY KEY (`id`),
  KEY `mnt_work_requisitions_ops_vessel_id_foreign` (`ops_vessel_id`),
  KEY `mnt_work_requisitions_scm_vendor_id_foreign` (`scm_vendor_id`),
  CONSTRAINT `mnt_work_requisitions_ops_vessel_id_foreign` FOREIGN KEY (`ops_vessel_id`) REFERENCES `ops_vessels` (`id`),
  CONSTRAINT `mnt_work_requisitions_scm_vendor_id_foreign` FOREIGN KEY (`scm_vendor_id`) REFERENCES `scm_vendors` (`id`)
) ENGINE=InnoDB AUTO_INCREMENT=50 DEFAULT CHARSET=utf8mb4 COLLATE=utf8mb4_unicode_ci;

CREATE TABLE `model_has_permissions` (
  `permission_id` bigint unsigned NOT NULL,
  `model_type` varchar(255) COLLATE utf8mb4_unicode_ci NOT NULL,
  `model_id` bigint unsigned NOT NULL,
  PRIMARY KEY (`permission_id`,`model_id`,`model_type`),
  KEY `model_has_permissions_model_id_model_type_index` (`model_id`,`model_type`),
  CONSTRAINT `model_has_permissions_permission_id_foreign` FOREIGN KEY (`permission_id`) REFERENCES `permissions` (`id`) ON DELETE CASCADE
) ENGINE=InnoDB DEFAULT CHARSET=utf8mb4 COLLATE=utf8mb4_unicode_ci;

CREATE TABLE `model_has_roles` (
  `role_id` bigint unsigned NOT NULL,
  `model_type` varchar(255) COLLATE utf8mb4_unicode_ci NOT NULL,
  `model_id` bigint unsigned NOT NULL,
  PRIMARY KEY (`role_id`,`model_id`,`model_type`),
  KEY `model_has_roles_model_id_model_type_index` (`model_id`,`model_type`),
  CONSTRAINT `model_has_roles_role_id_foreign` FOREIGN KEY (`role_id`) REFERENCES `roles` (`id`) ON DELETE CASCADE
) ENGINE=InnoDB DEFAULT CHARSET=utf8mb4 COLLATE=utf8mb4_unicode_ci;

CREATE TABLE `oauth_access_tokens` (
  `id` varchar(100) COLLATE utf8mb4_unicode_ci NOT NULL,
  `user_id` bigint unsigned DEFAULT NULL,
  `client_id` bigint unsigned NOT NULL,
  `name` varchar(255) COLLATE utf8mb4_unicode_ci DEFAULT NULL,
  `scopes` text COLLATE utf8mb4_unicode_ci,
  `revoked` tinyint(1) NOT NULL,
  `created_at` timestamp NULL DEFAULT NULL,
  `updated_at` timestamp NULL DEFAULT NULL,
  `expires_at` datetime DEFAULT NULL,
  PRIMARY KEY (`id`),
  KEY `oauth_access_tokens_user_id_index` (`user_id`)
) ENGINE=InnoDB DEFAULT CHARSET=utf8mb4 COLLATE=utf8mb4_unicode_ci;

CREATE TABLE `oauth_auth_codes` (
  `id` varchar(100) COLLATE utf8mb4_unicode_ci NOT NULL,
  `user_id` bigint unsigned NOT NULL,
  `client_id` bigint unsigned NOT NULL,
  `scopes` text COLLATE utf8mb4_unicode_ci,
  `revoked` tinyint(1) NOT NULL,
  `expires_at` datetime DEFAULT NULL,
  PRIMARY KEY (`id`),
  KEY `oauth_auth_codes_user_id_index` (`user_id`)
) ENGINE=InnoDB DEFAULT CHARSET=utf8mb4 COLLATE=utf8mb4_unicode_ci;

CREATE TABLE `oauth_clients` (
  `id` bigint unsigned NOT NULL AUTO_INCREMENT,
  `user_id` bigint unsigned DEFAULT NULL,
  `name` varchar(255) COLLATE utf8mb4_unicode_ci NOT NULL,
  `secret` varchar(100) COLLATE utf8mb4_unicode_ci DEFAULT NULL,
  `provider` varchar(255) COLLATE utf8mb4_unicode_ci DEFAULT NULL,
  `redirect` text COLLATE utf8mb4_unicode_ci NOT NULL,
  `personal_access_client` tinyint(1) NOT NULL,
  `password_client` tinyint(1) NOT NULL,
  `revoked` tinyint(1) NOT NULL,
  `created_at` timestamp NULL DEFAULT NULL,
  `updated_at` timestamp NULL DEFAULT NULL,
  PRIMARY KEY (`id`),
  KEY `oauth_clients_user_id_index` (`user_id`)
) ENGINE=InnoDB AUTO_INCREMENT=3 DEFAULT CHARSET=utf8mb4 COLLATE=utf8mb4_unicode_ci;

CREATE TABLE `oauth_personal_access_clients` (
  `id` bigint unsigned NOT NULL AUTO_INCREMENT,
  `client_id` bigint unsigned NOT NULL,
  `created_at` timestamp NULL DEFAULT NULL,
  `updated_at` timestamp NULL DEFAULT NULL,
  PRIMARY KEY (`id`)
) ENGINE=InnoDB AUTO_INCREMENT=2 DEFAULT CHARSET=utf8mb4 COLLATE=utf8mb4_unicode_ci;

CREATE TABLE `oauth_refresh_tokens` (
  `id` varchar(100) COLLATE utf8mb4_unicode_ci NOT NULL,
  `access_token_id` varchar(100) COLLATE utf8mb4_unicode_ci NOT NULL,
  `revoked` tinyint(1) NOT NULL,
  `expires_at` datetime DEFAULT NULL,
  PRIMARY KEY (`id`),
  KEY `oauth_refresh_tokens_access_token_id_index` (`access_token_id`)
) ENGINE=InnoDB DEFAULT CHARSET=utf8mb4 COLLATE=utf8mb4_unicode_ci;

CREATE TABLE `ops_bulk_noon_report_cargo_tanks` (
  `id` bigint unsigned NOT NULL AUTO_INCREMENT,
  `ops_bulk_noon_report_id` bigint unsigned NOT NULL,
  `cargo_tanks` varchar(255) COLLATE utf8mb4_unicode_ci DEFAULT NULL,
  `liq_level` varchar(255) COLLATE utf8mb4_unicode_ci DEFAULT NULL,
  `pressure` varchar(255) COLLATE utf8mb4_unicode_ci DEFAULT NULL,
  `vapor_temp` varchar(255) COLLATE utf8mb4_unicode_ci DEFAULT NULL,
  `liq_temp` varchar(255) COLLATE utf8mb4_unicode_ci DEFAULT NULL,
  `quantity_mt` double(8,2) DEFAULT NULL,
  `created_at` timestamp NULL DEFAULT NULL,
  `updated_at` timestamp NULL DEFAULT NULL,
  PRIMARY KEY (`id`),
  KEY `ops_bulk_noon_report_cargo_tanks_ops_bulk_noon_report_id_foreign` (`ops_bulk_noon_report_id`),
  CONSTRAINT `ops_bulk_noon_report_cargo_tanks_ops_bulk_noon_report_id_foreign` FOREIGN KEY (`ops_bulk_noon_report_id`) REFERENCES `ops_bulk_noon_reports` (`id`)
) ENGINE=InnoDB AUTO_INCREMENT=11 DEFAULT CHARSET=utf8mb4 COLLATE=utf8mb4_unicode_ci;

CREATE TABLE `ops_bulk_noon_report_consumption_heads` (
  `id` bigint unsigned NOT NULL AUTO_INCREMENT,
  `ops_bulk_noon_report_consumption_id` bigint unsigned NOT NULL,
  `type` varchar(255) COLLATE utf8mb4_unicode_ci DEFAULT NULL,
  `amount` double(8,2) DEFAULT NULL,
  `created_at` timestamp NULL DEFAULT NULL,
  `updated_at` timestamp NULL DEFAULT NULL,
  PRIMARY KEY (`id`)
) ENGINE=InnoDB AUTO_INCREMENT=9 DEFAULT CHARSET=utf8mb4 COLLATE=utf8mb4_unicode_ci;

CREATE TABLE `ops_bulk_noon_report_consumptions` (
  `id` bigint unsigned NOT NULL AUTO_INCREMENT,
  `ops_bulk_noon_report_id` bigint unsigned NOT NULL,
  `ops_bunker_id` bigint unsigned DEFAULT NULL,
  `scm_material_id` bigint unsigned DEFAULT NULL,
  `type` varchar(255) COLLATE utf8mb4_unicode_ci DEFAULT NULL,
  `consumption` varchar(255) COLLATE utf8mb4_unicode_ci DEFAULT NULL,
  `previous_rob` varchar(255) COLLATE utf8mb4_unicode_ci DEFAULT NULL,
  `received` varchar(255) COLLATE utf8mb4_unicode_ci DEFAULT NULL,
  `rob` varchar(255) COLLATE utf8mb4_unicode_ci DEFAULT NULL,
  `created_at` timestamp NULL DEFAULT NULL,
  `updated_at` timestamp NULL DEFAULT NULL,
  PRIMARY KEY (`id`),
  KEY `ops_bulk_noon_report_consumptions_scm_material_id_foreign` (`scm_material_id`),
  CONSTRAINT `ops_bulk_noon_report_consumptions_scm_material_id_foreign` FOREIGN KEY (`scm_material_id`) REFERENCES `scm_materials` (`id`) ON DELETE CASCADE
) ENGINE=InnoDB AUTO_INCREMENT=5 DEFAULT CHARSET=utf8mb4 COLLATE=utf8mb4_unicode_ci;

CREATE TABLE `ops_bulk_noon_report_distances` (
  `id` bigint unsigned NOT NULL AUTO_INCREMENT,
  `ops_bulk_noon_report_id` bigint NOT NULL,
  `cp_ordered_speed` varchar(255) COLLATE utf8mb4_unicode_ci DEFAULT NULL,
  `reported_speed` varchar(255) COLLATE utf8mb4_unicode_ci DEFAULT NULL,
  `observed_distance` double(8,2) DEFAULT NULL,
  `engine_distance` double(8,2) DEFAULT NULL,
  `main_engine_revs` varchar(255) COLLATE utf8mb4_unicode_ci DEFAULT NULL,
  `slip_percent` varchar(255) COLLATE utf8mb4_unicode_ci DEFAULT NULL,
  `salinity` varchar(255) COLLATE utf8mb4_unicode_ci DEFAULT NULL,
  `ballast` varchar(255) COLLATE utf8mb4_unicode_ci DEFAULT NULL,
  `average_rpm` double(8,2) DEFAULT NULL,
  `fwd_draft` varchar(255) COLLATE utf8mb4_unicode_ci DEFAULT NULL,
  `mild_draft` varchar(255) COLLATE utf8mb4_unicode_ci DEFAULT NULL,
  `aft_draft` varchar(255) COLLATE utf8mb4_unicode_ci DEFAULT NULL,
  `heading` varchar(255) COLLATE utf8mb4_unicode_ci DEFAULT NULL,
  `steaming_hours` time DEFAULT NULL,
  `s_dwt` varchar(255) COLLATE utf8mb4_unicode_ci DEFAULT NULL,
  `s_displacement` varchar(255) COLLATE utf8mb4_unicode_ci DEFAULT NULL,
  `status` tinyint DEFAULT NULL,
  `business_unit` enum('PSML','TSLL','ALL') CHARACTER SET utf8mb4 COLLATE utf8mb4_unicode_ci DEFAULT NULL,
  `created_at` timestamp NULL DEFAULT NULL,
  `updated_at` timestamp NULL DEFAULT NULL,
  PRIMARY KEY (`id`)
) ENGINE=InnoDB AUTO_INCREMENT=3 DEFAULT CHARSET=utf8mb4 COLLATE=utf8mb4_unicode_ci;

CREATE TABLE `ops_bulk_noon_report_engine_inputs` (
  `id` bigint unsigned NOT NULL AUTO_INCREMENT,
  `ops_bulk_noon_report_id` bigint NOT NULL,
  `type` varchar(255) COLLATE utf8mb4_unicode_ci DEFAULT NULL,
  `engine_unit` varchar(255) COLLATE utf8mb4_unicode_ci DEFAULT NULL,
  `pco` varchar(255) COLLATE utf8mb4_unicode_ci DEFAULT NULL,
  `rack` varchar(255) COLLATE utf8mb4_unicode_ci DEFAULT NULL,
  `exh_temp` varchar(255) COLLATE utf8mb4_unicode_ci DEFAULT NULL,
  `business_unit` enum('PSML','TSLL','ALL') CHARACTER SET utf8mb4 COLLATE utf8mb4_unicode_ci DEFAULT NULL,
  `created_at` timestamp NULL DEFAULT NULL,
  `updated_at` timestamp NULL DEFAULT NULL,
  PRIMARY KEY (`id`)
) ENGINE=InnoDB AUTO_INCREMENT=5 DEFAULT CHARSET=utf8mb4 COLLATE=utf8mb4_unicode_ci;

CREATE TABLE `ops_bulk_noon_report_ports` (
  `id` bigint unsigned NOT NULL AUTO_INCREMENT,
  `ops_bulk_noon_report_id` bigint unsigned NOT NULL,
  `last_port` varchar(255) COLLATE utf8mb4_unicode_ci DEFAULT NULL,
  `next_port` varchar(255) COLLATE utf8mb4_unicode_ci DEFAULT NULL,
  `eta` varchar(255) COLLATE utf8mb4_unicode_ci DEFAULT NULL,
  `distance_run` varchar(255) COLLATE utf8mb4_unicode_ci DEFAULT NULL,
  `dtg` varchar(255) COLLATE utf8mb4_unicode_ci DEFAULT NULL,
  `remarks` varchar(255) COLLATE utf8mb4_unicode_ci DEFAULT NULL,
  `created_at` timestamp NULL DEFAULT NULL,
  `updated_at` timestamp NULL DEFAULT NULL,
  PRIMARY KEY (`id`),
  KEY `ops_bulk_noon_report_ports_ops_bulk_noon_report_id_foreign` (`ops_bulk_noon_report_id`),
  CONSTRAINT `ops_bulk_noon_report_ports_ops_bulk_noon_report_id_foreign` FOREIGN KEY (`ops_bulk_noon_report_id`) REFERENCES `ops_bulk_noon_reports` (`id`)
) ENGINE=InnoDB AUTO_INCREMENT=6 DEFAULT CHARSET=utf8mb4 COLLATE=utf8mb4_unicode_ci;

CREATE TABLE `ops_bulk_noon_reports` (
  `id` bigint unsigned NOT NULL AUTO_INCREMENT,
  `ops_vessel_id` bigint unsigned NOT NULL,
  `ops_voyage_id` bigint unsigned NOT NULL,
  `ship_master` varchar(255) COLLATE utf8mb4_unicode_ci DEFAULT NULL,
  `chief_engineer` varchar(255) COLLATE utf8mb4_unicode_ci DEFAULT NULL,
  `wind_condition` varchar(255) COLLATE utf8mb4_unicode_ci DEFAULT NULL,
  `type` varchar(255) COLLATE utf8mb4_unicode_ci DEFAULT NULL,
  `date_time` varchar(255) COLLATE utf8mb4_unicode_ci DEFAULT NULL,
  `gmt_time` varchar(255) CHARACTER SET utf8mb4 COLLATE utf8mb4_unicode_ci DEFAULT NULL,
  `location` varchar(255) COLLATE utf8mb4_unicode_ci DEFAULT NULL,
  `latitude` varchar(255) COLLATE utf8mb4_unicode_ci DEFAULT NULL,
  `longitude` varchar(255) COLLATE utf8mb4_unicode_ci DEFAULT NULL,
  `fuel_figures_from` varchar(255) COLLATE utf8mb4_unicode_ci DEFAULT NULL,
  `fw_last_day_noon_rob` varchar(255) COLLATE utf8mb4_unicode_ci DEFAULT NULL,
  `fw_production` varchar(255) COLLATE utf8mb4_unicode_ci DEFAULT NULL,
  `fw_consumption` varchar(255) COLLATE utf8mb4_unicode_ci DEFAULT NULL,
  `fw_today_noon_rob` varchar(255) COLLATE utf8mb4_unicode_ci DEFAULT NULL,
  `remarks` text COLLATE utf8mb4_unicode_ci,
  `status` varchar(255) COLLATE utf8mb4_unicode_ci DEFAULT NULL,
  `business_unit` enum('PSML','TSLL','ALL') CHARACTER SET utf8mb4 COLLATE utf8mb4_unicode_ci DEFAULT NULL,
  `sea_condition` varchar(255) COLLATE utf8mb4_unicode_ci DEFAULT NULL,
  `created_at` timestamp NULL DEFAULT NULL,
  `updated_at` timestamp NULL DEFAULT NULL,
  PRIMARY KEY (`id`),
  KEY `ops_bulk_noon_reports_ops_vessel_id_foreign` (`ops_vessel_id`),
  KEY `ops_bulk_noon_reports_ops_voyage_id_foreign` (`ops_voyage_id`),
  CONSTRAINT `ops_bulk_noon_reports_ops_vessel_id_foreign` FOREIGN KEY (`ops_vessel_id`) REFERENCES `ops_vessels` (`id`),
  CONSTRAINT `ops_bulk_noon_reports_ops_voyage_id_foreign` FOREIGN KEY (`ops_voyage_id`) REFERENCES `ops_voyages` (`id`)
) ENGINE=InnoDB AUTO_INCREMENT=6 DEFAULT CHARSET=utf8mb4 COLLATE=utf8mb4_unicode_ci;

CREATE TABLE `ops_bunker_bill_lines` (
  `id` bigint unsigned NOT NULL AUTO_INCREMENT,
  `ops_bunker_bill_id` bigint unsigned NOT NULL,
  `pr_no` varchar(255) COLLATE utf8mb4_unicode_ci NOT NULL,
  `description` text COLLATE utf8mb4_unicode_ci,
  `amount` double(8,2) NOT NULL,
  `created_at` timestamp NULL DEFAULT NULL,
  `updated_at` timestamp NULL DEFAULT NULL,
  PRIMARY KEY (`id`),
  KEY `ops_bunker_bill_lines_ops_bunker_bill_id_foreign` (`ops_bunker_bill_id`),
  CONSTRAINT `ops_bunker_bill_lines_ops_bunker_bill_id_foreign` FOREIGN KEY (`ops_bunker_bill_id`) REFERENCES `ops_bunker_bills` (`id`) ON DELETE CASCADE
) ENGINE=InnoDB DEFAULT CHARSET=utf8mb4 COLLATE=utf8mb4_unicode_ci;

CREATE TABLE `ops_bunker_bills` (
  `id` bigint unsigned NOT NULL AUTO_INCREMENT,
  `date` date NOT NULL,
  `scm_vendor_id` bigint DEFAULT NULL,
  `vendor_bill_no` varchar(255) COLLATE utf8mb4_unicode_ci NOT NULL,
  `remarks` text COLLATE utf8mb4_unicode_ci NOT NULL,
  `attachment` text COLLATE utf8mb4_unicode_ci NOT NULL,
  `smr_file_path` varchar(255) COLLATE utf8mb4_unicode_ci NOT NULL,
  `sub_total` double(8,2) NOT NULL,
  `discount` double(8,2) NOT NULL,
  `grand_total` double(8,2) DEFAULT NULL,
  `business_unit` enum('PSML','TSLL','ALL') COLLATE utf8mb4_unicode_ci NOT NULL,
  `created_at` timestamp NULL DEFAULT NULL,
  `updated_at` timestamp NULL DEFAULT NULL,
  PRIMARY KEY (`id`)
) ENGINE=InnoDB DEFAULT CHARSET=utf8mb4 COLLATE=utf8mb4_unicode_ci;

CREATE TABLE `ops_bunker_requisitions` (
  `id` bigint unsigned NOT NULL AUTO_INCREMENT,
  `ops_vessel_id` bigint unsigned NOT NULL,
  `ops_voyage_id` bigint unsigned NOT NULL,
  `created_by` bigint DEFAULT NULL,
  `remarks` text COLLATE utf8mb4_unicode_ci,
  `status` varchar(255) COLLATE utf8mb4_unicode_ci NOT NULL DEFAULT 'pending',
  `business_unit` enum('PSML','TSLL','ALL') CHARACTER SET utf8mb4 COLLATE utf8mb4_unicode_ci NOT NULL,
  `created_at` timestamp NULL DEFAULT NULL,
  `updated_at` timestamp NULL DEFAULT NULL,
  PRIMARY KEY (`id`),
  KEY `ops_bunker_requisitions_ops_vessel_id_foreign` (`ops_vessel_id`),
  KEY `ops_bunker_requisitions_ops_voyage_id_foreign` (`ops_voyage_id`),
  CONSTRAINT `ops_bunker_requisitions_ops_vessel_id_foreign` FOREIGN KEY (`ops_vessel_id`) REFERENCES `ops_vessels` (`id`) ON DELETE CASCADE,
  CONSTRAINT `ops_bunker_requisitions_ops_voyage_id_foreign` FOREIGN KEY (`ops_voyage_id`) REFERENCES `ops_voyages` (`id`) ON DELETE CASCADE
) ENGINE=InnoDB DEFAULT CHARSET=utf8mb4 COLLATE=utf8mb4_unicode_ci;

CREATE TABLE `ops_bunkers` (
  `id` bigint unsigned NOT NULL AUTO_INCREMENT,
  `bunkerable_type` varchar(255) COLLATE utf8mb4_unicode_ci NOT NULL,
  `bunkerable_id` bigint NOT NULL,
  `scm_vendor_id` bigint DEFAULT NULL,
  `scm_material_id` bigint DEFAULT NULL,
  `unit` varchar(255) COLLATE utf8mb4_unicode_ci DEFAULT NULL,
  `quantity` double(8,2) DEFAULT NULL,
  `requested_quantity` double(8,2) DEFAULT NULL,
  `exchange_rate_bdt` double(8,2) DEFAULT NULL,
  `exchange_rate_usd` double(8,2) DEFAULT NULL,
  `rate` double(8,2) DEFAULT NULL,
  `amount` double(8,2) DEFAULT NULL,
  `opening_balance` double(8,2) DEFAULT NULL,
  `amount_usd` double(8,2) DEFAULT NULL,
  `amount_bdt` double(8,2) DEFAULT NULL,
  `fuel_con_24h` double(8,2) DEFAULT NULL,
  `fuel_con_voyage` double(8,2) DEFAULT NULL,
  `fuel_stock_l` double(8,2) DEFAULT NULL,
  `bunkering` varchar(255) COLLATE utf8mb4_unicode_ci DEFAULT NULL,
  `currency` varchar(255) COLLATE utf8mb4_unicode_ci DEFAULT NULL,
  `status` varchar(255) COLLATE utf8mb4_unicode_ci DEFAULT NULL,
  `business_unit` enum('PSML','TSLL','ALL') CHARACTER SET utf8mb4 COLLATE utf8mb4_unicode_ci DEFAULT NULL,
  `created_at` timestamp NULL DEFAULT NULL,
  `updated_at` timestamp NULL DEFAULT NULL,
  PRIMARY KEY (`id`)
) ENGINE=InnoDB AUTO_INCREMENT=179 DEFAULT CHARSET=utf8mb4 COLLATE=utf8mb4_unicode_ci;

CREATE TABLE `ops_cargo_tariff_lines` (
  `id` bigint unsigned NOT NULL AUTO_INCREMENT,
  `ops_cargo_tariff_id` bigint unsigned NOT NULL,
  `particular` varchar(255) CHARACTER SET utf8mb4 COLLATE utf8mb4_unicode_ci NOT NULL,
  `unit` varchar(255) CHARACTER SET utf8mb4 COLLATE utf8mb4_unicode_ci NOT NULL,
  `jan` double(8,2) DEFAULT NULL,
  `feb` double(8,2) DEFAULT NULL,
  `mar` double(8,2) DEFAULT NULL,
  `apr` double(8,2) DEFAULT NULL,
  `may` double(8,2) DEFAULT NULL,
  `jun` double(8,2) DEFAULT NULL,
  `jul` double(8,2) DEFAULT NULL,
  `aug` double(8,2) DEFAULT NULL,
  `sep` double(8,2) DEFAULT NULL,
  `oct` double(8,2) DEFAULT NULL,
  `nov` double(8,2) DEFAULT NULL,
  `dec` double(8,2) DEFAULT NULL,
  `business_unit` enum('PSML','TSLL','ALL') CHARACTER SET utf8mb4 COLLATE utf8mb4_unicode_ci DEFAULT NULL,
  `created_at` timestamp NULL DEFAULT NULL,
  `updated_at` timestamp NULL DEFAULT NULL,
  PRIMARY KEY (`id`),
  KEY `ops_cargo_tariff_lines_ops_cargo_tariff_id_foreign` (`ops_cargo_tariff_id`),
  CONSTRAINT `ops_cargo_tariff_lines_ops_cargo_tariff_id_foreign` FOREIGN KEY (`ops_cargo_tariff_id`) REFERENCES `ops_cargo_tariffs` (`id`) ON DELETE CASCADE
) ENGINE=InnoDB AUTO_INCREMENT=29 DEFAULT CHARSET=utf8mb4 COLLATE=utf8mb4_unicode_ci;

CREATE TABLE `ops_cargo_tariffs` (
  `id` bigint unsigned NOT NULL AUTO_INCREMENT,
  `tariff_name` varchar(255) COLLATE utf8mb4_unicode_ci NOT NULL,
  `ops_vessel_id` bigint unsigned NOT NULL,
  `ops_cargo_type_id` bigint unsigned NOT NULL,
  `loading_point` varchar(255) COLLATE utf8mb4_unicode_ci NOT NULL,
  `unloading_point` varchar(255) COLLATE utf8mb4_unicode_ci NOT NULL,
  `currency` varchar(255) COLLATE utf8mb4_unicode_ci NOT NULL,
  `status` enum('Active','Inactive') COLLATE utf8mb4_unicode_ci NOT NULL,
  `business_unit` enum('PSML','TSLL','ALL') CHARACTER SET utf8mb4 COLLATE utf8mb4_unicode_ci DEFAULT NULL,
  `created_at` timestamp NULL DEFAULT NULL,
  `updated_at` timestamp NULL DEFAULT NULL,
  PRIMARY KEY (`id`),
  KEY `ops_cargo_tariffs_ops_vessel_id_foreign` (`ops_vessel_id`),
  KEY `ops_cargo_tariffs_ops_cargo_type_id_foreign` (`ops_cargo_type_id`),
  CONSTRAINT `ops_cargo_tariffs_ops_cargo_type_id_foreign` FOREIGN KEY (`ops_cargo_type_id`) REFERENCES `ops_cargo_types` (`id`) ON DELETE CASCADE,
  CONSTRAINT `ops_cargo_tariffs_ops_vessel_id_foreign` FOREIGN KEY (`ops_vessel_id`) REFERENCES `ops_vessels` (`id`) ON DELETE CASCADE
) ENGINE=InnoDB AUTO_INCREMENT=16 DEFAULT CHARSET=utf8mb4 COLLATE=utf8mb4_unicode_ci;

CREATE TABLE `ops_cargo_types` (
  `id` bigint unsigned NOT NULL AUTO_INCREMENT,
  `cargo_type` varchar(255) COLLATE utf8mb4_unicode_ci NOT NULL,
  `description` text CHARACTER SET utf8mb4 COLLATE utf8mb4_unicode_ci,
  `business_unit` enum('PSML','TSLL','ALL') CHARACTER SET utf8mb4 COLLATE utf8mb4_unicode_ci DEFAULT NULL,
  `created_at` timestamp NULL DEFAULT NULL,
  `updated_at` timestamp NULL DEFAULT NULL,
  PRIMARY KEY (`id`)
) ENGINE=InnoDB AUTO_INCREMENT=13 DEFAULT CHARSET=utf8mb4 COLLATE=utf8mb4_unicode_ci;

CREATE TABLE `ops_cash_requisitions` (
  `id` bigint unsigned NOT NULL AUTO_INCREMENT,
  `date` date NOT NULL,
  `requisition_by` varchar(255) COLLATE utf8mb4_unicode_ci NOT NULL,
  `serial` varchar(255) COLLATE utf8mb4_unicode_ci NOT NULL,
  `unit` varchar(255) COLLATE utf8mb4_unicode_ci NOT NULL,
  `amount` double(8,2) DEFAULT NULL,
  `amount_in_words` varchar(255) COLLATE utf8mb4_unicode_ci NOT NULL,
  `amount_bdt` double(8,2) DEFAULT NULL,
  `amount_usd` double(8,2) DEFAULT NULL,
  `description` text COLLATE utf8mb4_unicode_ci NOT NULL,
  `salary_unit` varchar(255) COLLATE utf8mb4_unicode_ci NOT NULL,
  `pf_no` varchar(255) COLLATE utf8mb4_unicode_ci NOT NULL,
  `mobile_no` varchar(255) COLLATE utf8mb4_unicode_ci NOT NULL,
  `purpose` varchar(255) COLLATE utf8mb4_unicode_ci NOT NULL,
  `preferred_adjustment_method` varchar(255) COLLATE utf8mb4_unicode_ci NOT NULL,
  `approximate_adjustment_date` varchar(255) COLLATE utf8mb4_unicode_ci NOT NULL,
  `status` varchar(255) COLLATE utf8mb4_unicode_ci NOT NULL,
  `business_unit` enum('PSML','TSLL','ALL') CHARACTER SET utf8mb4 COLLATE utf8mb4_unicode_ci DEFAULT NULL,
  `approved_date` date DEFAULT NULL,
  `received_date` date DEFAULT NULL,
  `received_amount` double(8,2) DEFAULT NULL,
  `created_at` timestamp NULL DEFAULT NULL,
  `updated_at` timestamp NULL DEFAULT NULL,
  PRIMARY KEY (`id`)
) ENGINE=InnoDB DEFAULT CHARSET=utf8mb4 COLLATE=utf8mb4_unicode_ci;

CREATE TABLE `ops_charterer_bank_accounts` (
  `id` bigint unsigned NOT NULL AUTO_INCREMENT,
  `ops_charterer_profile_id` bigint unsigned NOT NULL,
  `bank_id` bigint DEFAULT NULL,
  `bank_branch_id` bigint DEFAULT NULL,
  `bank_name` varchar(255) COLLATE utf8mb4_unicode_ci DEFAULT NULL,
  `bank_branch_name` varchar(255) COLLATE utf8mb4_unicode_ci DEFAULT NULL,
  `account_name` varchar(255) COLLATE utf8mb4_unicode_ci NOT NULL,
  `account_no` varchar(255) COLLATE utf8mb4_unicode_ci NOT NULL,
  `swift_code` varchar(255) COLLATE utf8mb4_unicode_ci DEFAULT NULL,
  `routing_no` varchar(255) COLLATE utf8mb4_unicode_ci DEFAULT NULL,
  `currency` varchar(255) COLLATE utf8mb4_unicode_ci DEFAULT NULL,
  `country` varchar(255) COLLATE utf8mb4_unicode_ci DEFAULT NULL,
  `state_division` varchar(255) COLLATE utf8mb4_unicode_ci DEFAULT NULL,
  `city` varchar(255) COLLATE utf8mb4_unicode_ci DEFAULT NULL,
  `business_unit` enum('PSML','TSLL','BOTH') COLLATE utf8mb4_unicode_ci DEFAULT NULL,
  `created_at` timestamp NULL DEFAULT NULL,
  `updated_at` timestamp NULL DEFAULT NULL,
  PRIMARY KEY (`id`),
  KEY `ops_charterer_bank_accounts_ops_charterer_profile_id_foreign` (`ops_charterer_profile_id`),
  CONSTRAINT `ops_charterer_bank_accounts_ops_charterer_profile_id_foreign` FOREIGN KEY (`ops_charterer_profile_id`) REFERENCES `ops_charterer_profiles` (`id`) ON DELETE CASCADE
) ENGINE=InnoDB AUTO_INCREMENT=17 DEFAULT CHARSET=utf8mb4 COLLATE=utf8mb4_unicode_ci;

CREATE TABLE `ops_charterer_contracts` (
  `id` bigint unsigned NOT NULL AUTO_INCREMENT,
  `contract_type` enum('Voyage Wise','Day Wise') COLLATE utf8mb4_unicode_ci NOT NULL,
  `contract_name` varchar(255) COLLATE utf8mb4_unicode_ci DEFAULT '',
  `ops_vessel_id` bigint unsigned NOT NULL,
  `ops_charterer_profile_id` bigint unsigned NOT NULL,
  `country` varchar(255) COLLATE utf8mb4_unicode_ci DEFAULT NULL,
  `address` varchar(255) COLLATE utf8mb4_unicode_ci DEFAULT NULL,
  `billing_address` varchar(255) COLLATE utf8mb4_unicode_ci DEFAULT NULL,
  `email` varchar(255) COLLATE utf8mb4_unicode_ci DEFAULT NULL,
  `contact_no` varchar(255) COLLATE utf8mb4_unicode_ci DEFAULT NULL,
  `bank_id` bigint DEFAULT NULL,
  `bank_branch_id` bigint DEFAULT NULL,
  `bank_name` varchar(255) COLLATE utf8mb4_unicode_ci DEFAULT NULL,
  `bank_branch_name` varchar(255) COLLATE utf8mb4_unicode_ci DEFAULT NULL,
  `bank_account_no` varchar(255) COLLATE utf8mb4_unicode_ci DEFAULT NULL,
  `bank_account_name` varchar(255) COLLATE utf8mb4_unicode_ci DEFAULT NULL,
  `swift_code` varchar(255) COLLATE utf8mb4_unicode_ci DEFAULT NULL,
  `routing_no` varchar(255) COLLATE utf8mb4_unicode_ci DEFAULT NULL,
  `currency` varchar(255) COLLATE utf8mb4_unicode_ci DEFAULT NULL,
  `attachment` varchar(255) COLLATE utf8mb4_unicode_ci DEFAULT NULL,
  `status` varchar(255) CHARACTER SET utf8mb4 COLLATE utf8mb4_unicode_ci DEFAULT NULL,
  `business_unit` enum('PSML','TSLL','ALL') COLLATE utf8mb4_unicode_ci DEFAULT NULL,
  `created_at` timestamp NULL DEFAULT NULL,
  `updated_at` timestamp NULL DEFAULT NULL,
  PRIMARY KEY (`id`),
  KEY `ops_charterer_contracts_ops_vessel_id_foreign` (`ops_vessel_id`),
  KEY `ops_charterer_contracts_ops_charterer_profile_id_foreign` (`ops_charterer_profile_id`),
  CONSTRAINT `ops_charterer_contracts_ops_charterer_profile_id_foreign` FOREIGN KEY (`ops_charterer_profile_id`) REFERENCES `ops_charterer_profiles` (`id`) ON DELETE CASCADE,
  CONSTRAINT `ops_charterer_contracts_ops_vessel_id_foreign` FOREIGN KEY (`ops_vessel_id`) REFERENCES `ops_vessels` (`id`) ON DELETE CASCADE
) ENGINE=InnoDB AUTO_INCREMENT=30 DEFAULT CHARSET=utf8mb4 COLLATE=utf8mb4_unicode_ci;

CREATE TABLE `ops_charterer_contracts_financial_terms` (
  `id` bigint unsigned NOT NULL AUTO_INCREMENT,
  `ops_charterer_contract_id` bigint unsigned NOT NULL,
  `ops_voyage_id` bigint DEFAULT NULL,
  `ops_cargo_tariff_id` bigint DEFAULT NULL,
  `credit_days` varchar(255) COLLATE utf8mb4_unicode_ci DEFAULT NULL,
  `billing_cycle` varchar(255) COLLATE utf8mb4_unicode_ci DEFAULT NULL,
  `valid_from` date DEFAULT NULL,
  `valid_till` date DEFAULT NULL,
  `status` varchar(255) COLLATE utf8mb4_unicode_ci DEFAULT NULL,
  `approximate_load_amount` double(8,2) DEFAULT NULL,
  `per_mt_charge` double(8,2) DEFAULT NULL,
  `per_day_charge` double(8,2) DEFAULT NULL,
  `cleaning_fee` double(8,2) DEFAULT NULL,
  `cancellation_fee` double(8,2) DEFAULT NULL,
  `others_fee` double(8,2) DEFAULT NULL,
  `per_ton_charge` double(8,2) DEFAULT NULL,
  `bunker_provider` varchar(255) COLLATE utf8mb4_unicode_ci DEFAULT NULL,
  `created_at` timestamp NULL DEFAULT NULL,
  `updated_at` timestamp NULL DEFAULT NULL,
  PRIMARY KEY (`id`)
) ENGINE=InnoDB AUTO_INCREMENT=46 DEFAULT CHARSET=utf8mb4 COLLATE=utf8mb4_unicode_ci;

CREATE TABLE `ops_charterer_contracts_local_agents` (
  `id` bigint unsigned NOT NULL AUTO_INCREMENT,
  `ops_charterer_contract_id` bigint unsigned NOT NULL,
  `port_code` varchar(255) COLLATE utf8mb4_unicode_ci DEFAULT NULL,
  `agent_name` varchar(255) COLLATE utf8mb4_unicode_ci DEFAULT NULL,
  `agent_billing_name` varchar(255) COLLATE utf8mb4_unicode_ci DEFAULT NULL,
  `agent_billing_email` varchar(255) COLLATE utf8mb4_unicode_ci DEFAULT NULL,
  `created_at` timestamp NULL DEFAULT NULL,
  `updated_at` timestamp NULL DEFAULT NULL,
  PRIMARY KEY (`id`)
) ENGINE=InnoDB AUTO_INCREMENT=10 DEFAULT CHARSET=utf8mb4 COLLATE=utf8mb4_unicode_ci;

CREATE TABLE `ops_charterer_invoice_lines` (
  `id` bigint unsigned NOT NULL AUTO_INCREMENT,
  `ops_charterer_invoice_id` bigint unsigned NOT NULL,
  `charge_or_deduct` varchar(255) COLLATE utf8mb4_unicode_ci DEFAULT NULL,
  `particular` varchar(255) COLLATE utf8mb4_unicode_ci DEFAULT NULL,
  `cost_unit` varchar(255) COLLATE utf8mb4_unicode_ci DEFAULT NULL,
  `currency` varchar(255) COLLATE utf8mb4_unicode_ci DEFAULT NULL,
  `quantity` double(8,2) DEFAULT NULL,
  `rate` double(8,2) DEFAULT NULL,
  `exchange_rate_bdt` double(8,2) DEFAULT NULL,
  `exchange_rate_usd` double(8,2) DEFAULT NULL,
  `amount` double(8,2) DEFAULT NULL,
  `amount_bdt` double(8,2) DEFAULT NULL,
  `amount_usd` double(8,2) DEFAULT NULL,
  `created_at` timestamp NULL DEFAULT NULL,
  `updated_at` timestamp NULL DEFAULT NULL,
  PRIMARY KEY (`id`),
  KEY `ops_charterer_invoice_lines_ops_charterer_invoice_id_foreign` (`ops_charterer_invoice_id`),
  CONSTRAINT `ops_charterer_invoice_lines_ops_charterer_invoice_id_foreign` FOREIGN KEY (`ops_charterer_invoice_id`) REFERENCES `ops_charterer_invoices` (`id`) ON DELETE CASCADE
) ENGINE=InnoDB DEFAULT CHARSET=utf8mb4 COLLATE=utf8mb4_unicode_ci;

CREATE TABLE `ops_charterer_invoice_voyages` (
  `id` bigint unsigned NOT NULL AUTO_INCREMENT,
  `ops_charterer_invoice_id` bigint unsigned NOT NULL,
  `ops_voyage_id` bigint DEFAULT NULL,
  `cargo_quantity` varchar(255) CHARACTER SET utf8mb4 COLLATE utf8mb4_unicode_ci DEFAULT NULL,
  `initial_loading_point` varchar(255) COLLATE utf8mb4_unicode_ci DEFAULT NULL,
  `final_loading_point` varchar(255) COLLATE utf8mb4_unicode_ci DEFAULT NULL,
  `rate_per_mt` double(8,2) DEFAULT NULL,
  `total_amount` double(8,2) DEFAULT NULL,
  `created_at` timestamp NULL DEFAULT NULL,
  `updated_at` timestamp NULL DEFAULT NULL,
  PRIMARY KEY (`id`),
  KEY `ops_charterer_invoice_voyages_ops_charterer_invoice_id_foreign` (`ops_charterer_invoice_id`),
  CONSTRAINT `ops_charterer_invoice_voyages_ops_charterer_invoice_id_foreign` FOREIGN KEY (`ops_charterer_invoice_id`) REFERENCES `ops_charterer_invoices` (`id`) ON DELETE CASCADE
) ENGINE=InnoDB DEFAULT CHARSET=utf8mb4 COLLATE=utf8mb4_unicode_ci;

CREATE TABLE `ops_charterer_invoices` (
  `id` bigint unsigned NOT NULL AUTO_INCREMENT,
  `ops_charterer_profile_id` bigint unsigned NOT NULL,
  `ops_charterer_contract_id` bigint unsigned NOT NULL,
  `ops_voyage_id` bigint DEFAULT NULL,
  `contract_type` varchar(255) COLLATE utf8mb4_unicode_ci DEFAULT NULL,
  `bill_from` datetime DEFAULT NULL,
  `bill_till` datetime DEFAULT NULL,
  `total_days` bigint DEFAULT NULL,
  `total_amount` double(8,2) DEFAULT NULL,
  `others_billable_amount` double(8,2) DEFAULT NULL,
  `service_fee_deduction_amount` double(8,2) DEFAULT NULL,
  `discount_unit` varchar(255) COLLATE utf8mb4_unicode_ci DEFAULT NULL,
  `discounted_amount` double(8,2) DEFAULT NULL,
  `grand_total` double(8,2) DEFAULT NULL,
  `business_unit` enum('PSML','TSLL','BOTH') COLLATE utf8mb4_unicode_ci DEFAULT NULL,
  `created_at` timestamp NULL DEFAULT NULL,
  `updated_at` timestamp NULL DEFAULT NULL,
  PRIMARY KEY (`id`),
  KEY `ops_charterer_invoices_ops_charterer_profile_id_foreign` (`ops_charterer_profile_id`),
  KEY `ops_charterer_invoices_ops_charterer_contract_id_foreign` (`ops_charterer_contract_id`),
  CONSTRAINT `ops_charterer_invoices_ops_charterer_contract_id_foreign` FOREIGN KEY (`ops_charterer_contract_id`) REFERENCES `ops_charterer_contracts` (`id`) ON DELETE CASCADE,
  CONSTRAINT `ops_charterer_invoices_ops_charterer_profile_id_foreign` FOREIGN KEY (`ops_charterer_profile_id`) REFERENCES `ops_charterer_profiles` (`id`) ON DELETE CASCADE
) ENGINE=InnoDB DEFAULT CHARSET=utf8mb4 COLLATE=utf8mb4_unicode_ci;

CREATE TABLE `ops_charterer_profiles` (
  `id` bigint unsigned NOT NULL AUTO_INCREMENT,
  `company_legal_name` varchar(255) COLLATE utf8mb4_unicode_ci NOT NULL,
  `name` varchar(255) COLLATE utf8mb4_unicode_ci NOT NULL,
  `owner_code` varchar(255) COLLATE utf8mb4_unicode_ci NOT NULL,
  `country` varchar(255) COLLATE utf8mb4_unicode_ci NOT NULL,
  `contact_no` varchar(255) COLLATE utf8mb4_unicode_ci NOT NULL,
  `address` varchar(255) COLLATE utf8mb4_unicode_ci NOT NULL,
  `billing_address` varchar(255) COLLATE utf8mb4_unicode_ci NOT NULL,
  `billing_email` varchar(255) COLLATE utf8mb4_unicode_ci NOT NULL,
  `email` varchar(255) COLLATE utf8mb4_unicode_ci NOT NULL,
  `website` varchar(255) COLLATE utf8mb4_unicode_ci DEFAULT NULL,
  `business_unit` enum('PSML','TSLL','BOTH') COLLATE utf8mb4_unicode_ci DEFAULT NULL,
  `created_at` timestamp NULL DEFAULT NULL,
  `updated_at` timestamp NULL DEFAULT NULL,
  PRIMARY KEY (`id`)
) ENGINE=InnoDB AUTO_INCREMENT=8 DEFAULT CHARSET=utf8mb4 COLLATE=utf8mb4_unicode_ci;

CREATE TABLE `ops_contract_assigns` (
  `id` bigint unsigned NOT NULL AUTO_INCREMENT,
  `ops_vessel_id` bigint unsigned DEFAULT NULL,
  `ops_voyage_id` bigint unsigned DEFAULT NULL,
  `ops_cargo_tariff_id` bigint unsigned DEFAULT NULL,
  `ops_customer_id` bigint unsigned DEFAULT NULL,
  `ops_charterer_profile_id` bigint unsigned DEFAULT NULL,
  `ops_charterer_contract_id` bigint unsigned DEFAULT NULL,
  `assign_date` date DEFAULT NULL,
  `remarks` text COLLATE utf8mb4_unicode_ci,
  `business_unit` enum('PSML','TSLL','ALL') COLLATE utf8mb4_unicode_ci DEFAULT NULL,
  `created_at` timestamp NULL DEFAULT NULL,
  `updated_at` timestamp NULL DEFAULT NULL,
  PRIMARY KEY (`id`)
) ENGINE=InnoDB AUTO_INCREMENT=2 DEFAULT CHARSET=utf8mb4 COLLATE=utf8mb4_unicode_ci;

CREATE TABLE `ops_customer_invoice_lines` (
  `id` bigint unsigned NOT NULL AUTO_INCREMENT,
  `ops_customer_invoice_id` bigint unsigned NOT NULL,
  `ops_vessel_id` bigint unsigned NOT NULL,
  `ops_voyage_id` bigint unsigned NOT NULL,
  `amount` double(8,2) NOT NULL,
  `created_at` timestamp NULL DEFAULT NULL,
  `updated_at` timestamp NULL DEFAULT NULL,
  PRIMARY KEY (`id`),
  KEY `ops_customer_invoice_lines_ops_customer_invoice_id_foreign` (`ops_customer_invoice_id`),
  KEY `ops_customer_invoice_lines_ops_vessel_id_foreign` (`ops_vessel_id`),
  KEY `ops_customer_invoice_lines_ops_voyage_id_foreign` (`ops_voyage_id`),
  CONSTRAINT `ops_customer_invoice_lines_ops_customer_invoice_id_foreign` FOREIGN KEY (`ops_customer_invoice_id`) REFERENCES `ops_customer_invoices` (`id`) ON DELETE CASCADE,
  CONSTRAINT `ops_customer_invoice_lines_ops_vessel_id_foreign` FOREIGN KEY (`ops_vessel_id`) REFERENCES `ops_vessels` (`id`) ON DELETE CASCADE,
  CONSTRAINT `ops_customer_invoice_lines_ops_voyage_id_foreign` FOREIGN KEY (`ops_voyage_id`) REFERENCES `ops_vessels` (`id`) ON DELETE CASCADE
) ENGINE=InnoDB DEFAULT CHARSET=utf8mb4 COLLATE=utf8mb4_unicode_ci;

CREATE TABLE `ops_customer_invoices` (
  `id` bigint unsigned NOT NULL AUTO_INCREMENT,
  `ops_customer_id` bigint unsigned NOT NULL,
  `sub_total` double(8,2) NOT NULL,
  `discount` double(8,2) NOT NULL,
  `grand_total` double(8,2) NOT NULL,
  `business_unit` enum('PSML','TSLL','ALL') CHARACTER SET utf8mb4 COLLATE utf8mb4_unicode_ci NOT NULL,
  `created_at` timestamp NULL DEFAULT NULL,
  `updated_at` timestamp NULL DEFAULT NULL,
  PRIMARY KEY (`id`),
  KEY `ops_customer_invoices_ops_customer_id_foreign` (`ops_customer_id`),
  CONSTRAINT `ops_customer_invoices_ops_customer_id_foreign` FOREIGN KEY (`ops_customer_id`) REFERENCES `ops_customers` (`id`) ON DELETE CASCADE
) ENGINE=InnoDB DEFAULT CHARSET=utf8mb4 COLLATE=utf8mb4_unicode_ci;

CREATE TABLE `ops_customers` (
  `id` bigint unsigned NOT NULL AUTO_INCREMENT,
  `code` varchar(255) COLLATE utf8mb4_unicode_ci NOT NULL,
  `legal_name` varchar(255) COLLATE utf8mb4_unicode_ci NOT NULL,
  `name` varchar(255) COLLATE utf8mb4_unicode_ci NOT NULL,
  `postal_address` varchar(255) CHARACTER SET utf8mb4 COLLATE utf8mb4_unicode_ci DEFAULT NULL,
  `city` varchar(255) CHARACTER SET utf8mb4 COLLATE utf8mb4_unicode_ci DEFAULT NULL,
  `post_code` varchar(255) COLLATE utf8mb4_unicode_ci DEFAULT NULL,
  `country` varchar(255) COLLATE utf8mb4_unicode_ci NOT NULL,
  `tax_id` varchar(255) COLLATE utf8mb4_unicode_ci DEFAULT NULL,
  `business_license_no` varchar(255) COLLATE utf8mb4_unicode_ci DEFAULT NULL,
  `bin_gst_sst_type` varchar(255) COLLATE utf8mb4_unicode_ci DEFAULT NULL,
  `bin_gst_sst_no` varchar(255) COLLATE utf8mb4_unicode_ci DEFAULT NULL,
  `phone` varchar(255) COLLATE utf8mb4_unicode_ci NOT NULL,
  `company_reg_no` varchar(255) COLLATE utf8mb4_unicode_ci DEFAULT NULL,
  `email_general` varchar(255) COLLATE utf8mb4_unicode_ci DEFAULT NULL,
  `email_agreement` varchar(255) COLLATE utf8mb4_unicode_ci DEFAULT NULL,
  `email_invoice` varchar(255) COLLATE utf8mb4_unicode_ci DEFAULT NULL,
  `business_unit` enum('PSML','TSLL','ALL') CHARACTER SET utf8mb4 COLLATE utf8mb4_unicode_ci DEFAULT NULL,
  `created_at` timestamp NULL DEFAULT NULL,
  `updated_at` timestamp NULL DEFAULT NULL,
  PRIMARY KEY (`id`)
) ENGINE=InnoDB AUTO_INCREMENT=10 DEFAULT CHARSET=utf8mb4 COLLATE=utf8mb4_unicode_ci;

CREATE TABLE `ops_expense_heads` (
  `id` bigint unsigned NOT NULL AUTO_INCREMENT,
  `billing_type` varchar(255) COLLATE utf8mb4_unicode_ci NOT NULL,
  `head_id` bigint unsigned DEFAULT NULL,
  `name` varchar(255) COLLATE utf8mb4_unicode_ci DEFAULT NULL,
  `is_visible_in_voyage_report?` tinyint DEFAULT NULL,
  `business_unit` enum('PSML','TSLL','ALL') COLLATE utf8mb4_unicode_ci NOT NULL,
  `created_at` timestamp NULL DEFAULT NULL,
  `updated_at` timestamp NULL DEFAULT NULL,
  PRIMARY KEY (`id`),
  KEY `ops_expense_heads_head_id_foreign` (`head_id`),
  CONSTRAINT `ops_expense_heads_head_id_foreign` FOREIGN KEY (`head_id`) REFERENCES `ops_expense_heads` (`id`)
) ENGINE=InnoDB DEFAULT CHARSET=utf8mb4 COLLATE=utf8mb4_unicode_ci;

CREATE TABLE `ops_handover_takeovers` (
  `id` bigint unsigned NOT NULL AUTO_INCREMENT,
  `ops_vessel_id` bigint unsigned NOT NULL,
  `ops_charterer_profile_id` bigint unsigned NOT NULL,
  `note_type` enum('Delivery','Re-delivery') COLLATE utf8mb4_unicode_ci NOT NULL,
  `effective_date` date NOT NULL,
  `exchange_rate` double(8,2) NOT NULL,
  `currency` varchar(255) COLLATE utf8mb4_unicode_ci NOT NULL,
  `remarks` text COLLATE utf8mb4_unicode_ci,
  `business_unit` enum('PSML','TSLL','BOTH') COLLATE utf8mb4_unicode_ci DEFAULT NULL,
  `created_at` timestamp NULL DEFAULT NULL,
  `updated_at` timestamp NULL DEFAULT NULL,
  PRIMARY KEY (`id`),
  KEY `ops_handover_takeovers_ops_vessel_id_foreign` (`ops_vessel_id`),
  KEY `ops_handover_takeovers_ops_charterer_profile_id_foreign` (`ops_charterer_profile_id`),
  CONSTRAINT `ops_handover_takeovers_ops_charterer_profile_id_foreign` FOREIGN KEY (`ops_charterer_profile_id`) REFERENCES `ops_charterer_profiles` (`id`) ON DELETE CASCADE,
  CONSTRAINT `ops_handover_takeovers_ops_vessel_id_foreign` FOREIGN KEY (`ops_vessel_id`) REFERENCES `ops_vessels` (`id`) ON DELETE CASCADE
) ENGINE=InnoDB AUTO_INCREMENT=9 DEFAULT CHARSET=utf8mb4 COLLATE=utf8mb4_unicode_ci;

CREATE TABLE `ops_lighter_noon_reports` (
  `id` bigint unsigned NOT NULL AUTO_INCREMENT,
  `ops_vessel_id` bigint unsigned NOT NULL,
  `ops_voyage_id` bigint unsigned DEFAULT NULL,
  `ship_master` varchar(255) COLLATE utf8mb4_unicode_ci DEFAULT NULL,
  `chief_engineer` varchar(255) COLLATE utf8mb4_unicode_ci NOT NULL,
  `noon_position` varchar(255) COLLATE utf8mb4_unicode_ci DEFAULT NULL,
  `status` varchar(255) COLLATE utf8mb4_unicode_ci DEFAULT NULL,
  `engine_running_hours` varchar(255) COLLATE utf8mb4_unicode_ci DEFAULT NULL,
  `lat_long` varchar(255) COLLATE utf8mb4_unicode_ci DEFAULT NULL,
  `date` datetime NOT NULL,
  `last_port` varchar(255) COLLATE utf8mb4_unicode_ci DEFAULT NULL,
  `next_port` varchar(255) COLLATE utf8mb4_unicode_ci DEFAULT NULL,
  `business_unit` enum('PSML','TSLL','BOTH') COLLATE utf8mb4_unicode_ci DEFAULT NULL,
  `remarks` text COLLATE utf8mb4_unicode_ci,
  `created_at` timestamp NULL DEFAULT NULL,
  `updated_at` timestamp NULL DEFAULT NULL,
  PRIMARY KEY (`id`),
  KEY `ops_lighter_noon_reports_ops_vessel_id_foreign` (`ops_vessel_id`),
  KEY `ops_lighter_noon_reports_ops_voyage_id_foreign` (`ops_voyage_id`),
  CONSTRAINT `ops_lighter_noon_reports_ops_vessel_id_foreign` FOREIGN KEY (`ops_vessel_id`) REFERENCES `ops_vessels` (`id`) ON DELETE CASCADE,
  CONSTRAINT `ops_lighter_noon_reports_ops_voyage_id_foreign` FOREIGN KEY (`ops_voyage_id`) REFERENCES `ops_voyages` (`id`) ON DELETE CASCADE
) ENGINE=InnoDB AUTO_INCREMENT=9 DEFAULT CHARSET=utf8mb4 COLLATE=utf8mb4_unicode_ci;

CREATE TABLE `ops_maritime_certifications` (
  `id` bigint unsigned NOT NULL AUTO_INCREMENT,
  `name` varchar(255) COLLATE utf8mb4_unicode_ci NOT NULL,
  `type` varchar(255) COLLATE utf8mb4_unicode_ci NOT NULL,
  `validity` varchar(255) COLLATE utf8mb4_unicode_ci NOT NULL,
  `authority` varchar(255) COLLATE utf8mb4_unicode_ci DEFAULT NULL,
  `business_unit` enum('PSML','TSLL','ALL') CHARACTER SET utf8mb4 COLLATE utf8mb4_unicode_ci DEFAULT NULL,
  `created_at` timestamp NULL DEFAULT NULL,
  `updated_at` timestamp NULL DEFAULT NULL,
  PRIMARY KEY (`id`)
) ENGINE=InnoDB AUTO_INCREMENT=6 DEFAULT CHARSET=utf8mb4 COLLATE=utf8mb4_unicode_ci;

CREATE TABLE `ops_month_wise_expense_reports` (
  `id` bigint unsigned NOT NULL AUTO_INCREMENT,
  `ops_vessel_id` bigint unsigned NOT NULL,
  `from_date` date NOT NULL,
  `till_date` date NOT NULL,
  `grand_total_cost` double(8,2) NOT NULL,
  `left_over_amount` double(8,2) DEFAULT NULL,
  `remarks` varchar(255) COLLATE utf8mb4_unicode_ci DEFAULT NULL,
  `business_unit` enum('PSML','TSLL','ALL') COLLATE utf8mb4_unicode_ci NOT NULL,
  `created_at` timestamp NULL DEFAULT NULL,
  `updated_at` timestamp NULL DEFAULT NULL,
  PRIMARY KEY (`id`),
  KEY `ops_month_wise_expense_reports_ops_vessel_id_foreign` (`ops_vessel_id`),
  CONSTRAINT `ops_month_wise_expense_reports_ops_vessel_id_foreign` FOREIGN KEY (`ops_vessel_id`) REFERENCES `ops_vessels` (`id`)
) ENGINE=InnoDB DEFAULT CHARSET=utf8mb4 COLLATE=utf8mb4_unicode_ci;

CREATE TABLE `ops_ports` (
  `id` bigint unsigned NOT NULL AUTO_INCREMENT,
  `code` varchar(255) CHARACTER SET utf8mb4 COLLATE utf8mb4_unicode_ci NOT NULL,
  `name` varchar(255) COLLATE utf8mb4_unicode_ci NOT NULL,
  `is_active` int NOT NULL DEFAULT '1',
  `business_unit` enum('PSML','TSLL','ALL') CHARACTER SET utf8mb4 COLLATE utf8mb4_unicode_ci DEFAULT NULL,
  `created_at` timestamp NULL DEFAULT NULL,
  `updated_at` timestamp NULL DEFAULT NULL,
  PRIMARY KEY (`id`)
) ENGINE=InnoDB AUTO_INCREMENT=33 DEFAULT CHARSET=utf8mb4 COLLATE=utf8mb4_unicode_ci;

CREATE TABLE `ops_vessel_certificates` (
  `id` bigint unsigned NOT NULL AUTO_INCREMENT,
  `ops_vessel_id` bigint unsigned NOT NULL,
  `ops_maritime_certification_id` bigint unsigned NOT NULL,
  `issue_date` date DEFAULT NULL,
  `expire_date` date DEFAULT NULL,
  `attachment` text COLLATE utf8mb4_unicode_ci,
  `status` varchar(255) COLLATE utf8mb4_unicode_ci DEFAULT NULL,
  `reference_number` varchar(255) CHARACTER SET utf8mb4 COLLATE utf8mb4_unicode_ci DEFAULT NULL,
  `business_unit` enum('PSML','TSLL','ALL') CHARACTER SET utf8mb4 COLLATE utf8mb4_unicode_ci DEFAULT NULL,
  `created_by` bigint DEFAULT NULL,
  `created_at` timestamp NULL DEFAULT NULL,
  `updated_at` timestamp NULL DEFAULT NULL,
  PRIMARY KEY (`id`),
  KEY `ops_vessel_certificates_ops_vessel_id_foreign` (`ops_vessel_id`),
  KEY `ops_vessel_certificates_ops_maritime_certification_id_foreign` (`ops_maritime_certification_id`),
  CONSTRAINT `ops_vessel_certificates_ops_maritime_certification_id_foreign` FOREIGN KEY (`ops_maritime_certification_id`) REFERENCES `ops_maritime_certifications` (`id`) ON DELETE CASCADE,
  CONSTRAINT `ops_vessel_certificates_ops_vessel_id_foreign` FOREIGN KEY (`ops_vessel_id`) REFERENCES `ops_vessels` (`id`) ON DELETE CASCADE
) ENGINE=InnoDB AUTO_INCREMENT=108 DEFAULT CHARSET=utf8mb4 COLLATE=utf8mb4_unicode_ci;

CREATE TABLE `ops_vessel_expense_heads` (
  `id` bigint unsigned NOT NULL AUTO_INCREMENT,
  `vessel` varchar(255) COLLATE utf8mb4_unicode_ci NOT NULL,
  `ops_expense_head_id` bigint unsigned NOT NULL,
  `business_unit` enum('PSML','TSLL','ALL') COLLATE utf8mb4_unicode_ci NOT NULL,
  `created_at` timestamp NULL DEFAULT NULL,
  `updated_at` timestamp NULL DEFAULT NULL,
  PRIMARY KEY (`id`),
  KEY `ops_vessel_expense_heads_ops_expense_head_id_foreign` (`ops_expense_head_id`),
  CONSTRAINT `ops_vessel_expense_heads_ops_expense_head_id_foreign` FOREIGN KEY (`ops_expense_head_id`) REFERENCES `ops_expense_heads` (`id`) ON DELETE CASCADE
) ENGINE=InnoDB DEFAULT CHARSET=utf8mb4 COLLATE=utf8mb4_unicode_ci;

CREATE TABLE `ops_vessel_particulars` (
  `id` bigint unsigned NOT NULL AUTO_INCREMENT,
  `ops_vessel_id` bigint unsigned NOT NULL,
  `vessel_type` varchar(255) COLLATE utf8mb4_unicode_ci DEFAULT NULL,
  `class_no` varchar(255) COLLATE utf8mb4_unicode_ci DEFAULT NULL,
  `loa` varchar(255) COLLATE utf8mb4_unicode_ci DEFAULT NULL,
  `depth` varchar(255) COLLATE utf8mb4_unicode_ci DEFAULT NULL,
  `ecdis_type` varchar(255) COLLATE utf8mb4_unicode_ci DEFAULT NULL,
  `maker_ssas` varchar(255) COLLATE utf8mb4_unicode_ci DEFAULT NULL,
  `engine_type` varchar(255) COLLATE utf8mb4_unicode_ci DEFAULT NULL,
  `name` varchar(255) COLLATE utf8mb4_unicode_ci DEFAULT NULL,
  `previous_name` varchar(255) COLLATE utf8mb4_unicode_ci DEFAULT NULL,
  `short_code` varchar(255) COLLATE utf8mb4_unicode_ci NOT NULL,
  `manager` varchar(255) COLLATE utf8mb4_unicode_ci DEFAULT NULL,
  `delivery_date` date DEFAULT NULL,
  `call_sign` varchar(255) COLLATE utf8mb4_unicode_ci DEFAULT NULL,
  `owner_name` varchar(255) COLLATE utf8mb4_unicode_ci DEFAULT NULL,
  `classification` varchar(255) COLLATE utf8mb4_unicode_ci DEFAULT NULL,
  `flag` varchar(255) COLLATE utf8mb4_unicode_ci DEFAULT NULL,
  `previous_flag` varchar(255) COLLATE utf8mb4_unicode_ci DEFAULT NULL,
  `port_of_registry` varchar(255) COLLATE utf8mb4_unicode_ci DEFAULT NULL,
  `nrt` varchar(255) COLLATE utf8mb4_unicode_ci DEFAULT NULL,
  `dwt` varchar(255) COLLATE utf8mb4_unicode_ci DEFAULT NULL,
  `imo` varchar(255) COLLATE utf8mb4_unicode_ci DEFAULT NULL,
  `grt` varchar(255) COLLATE utf8mb4_unicode_ci DEFAULT NULL,
  `official_number` varchar(255) COLLATE utf8mb4_unicode_ci DEFAULT NULL,
  `keel_laying_date` datetime DEFAULT NULL,
  `launching_date` date DEFAULT NULL,
  `mmsi` varchar(255) COLLATE utf8mb4_unicode_ci DEFAULT NULL,
  `year_built` year DEFAULT NULL,
  `capacity` double(8,2) DEFAULT NULL,
  `total_cargo_hold` varchar(255) COLLATE utf8mb4_unicode_ci DEFAULT NULL,
  `tues_capacity` double(8,2) DEFAULT NULL,
  `overall_length` double(8,2) DEFAULT NULL,
  `overall_width` double(8,2) DEFAULT NULL,
  `depth_moulded` double(8,2) DEFAULT NULL,
  `bhp` varchar(255) COLLATE utf8mb4_unicode_ci DEFAULT NULL,
  `email` varchar(255) COLLATE utf8mb4_unicode_ci DEFAULT NULL,
  `lbc` varchar(255) COLLATE utf8mb4_unicode_ci DEFAULT NULL,
  `attachment` text COLLATE utf8mb4_unicode_ci,
  `remarks` text COLLATE utf8mb4_unicode_ci,
  `business_unit` enum('PSML','TSLL','ALL') COLLATE utf8mb4_unicode_ci DEFAULT NULL,
  `created_at` timestamp NULL DEFAULT NULL,
  `updated_at` timestamp NULL DEFAULT NULL,
  PRIMARY KEY (`id`),
  UNIQUE KEY `ops_vessel_particulars_short_code_unique` (`short_code`),
  KEY `ops_vessel_particulars_ops_vessel_id_foreign` (`ops_vessel_id`),
  CONSTRAINT `ops_vessel_particulars_ops_vessel_id_foreign` FOREIGN KEY (`ops_vessel_id`) REFERENCES `ops_vessels` (`id`) ON DELETE CASCADE
) ENGINE=InnoDB AUTO_INCREMENT=3 DEFAULT CHARSET=utf8mb4 COLLATE=utf8mb4_unicode_ci;

CREATE TABLE `ops_vessels` (
  `id` bigint unsigned NOT NULL AUTO_INCREMENT,
  `vessel_type` varchar(255) COLLATE utf8mb4_unicode_ci NOT NULL,
  `name` varchar(255) COLLATE utf8mb4_unicode_ci NOT NULL,
  `previous_name` varchar(255) COLLATE utf8mb4_unicode_ci DEFAULT NULL,
  `short_code` varchar(255) COLLATE utf8mb4_unicode_ci NOT NULL,
  `call_sign` varchar(255) COLLATE utf8mb4_unicode_ci NOT NULL,
  `owner_name` varchar(255) COLLATE utf8mb4_unicode_ci NOT NULL,
  `manager` varchar(255) COLLATE utf8mb4_unicode_ci NOT NULL,
  `classification` varchar(255) COLLATE utf8mb4_unicode_ci NOT NULL,
  `flag` varchar(255) COLLATE utf8mb4_unicode_ci NOT NULL,
  `previous_flag` varchar(255) COLLATE utf8mb4_unicode_ci DEFAULT NULL,
  `port_of_registry` varchar(255) COLLATE utf8mb4_unicode_ci NOT NULL,
  `delivery_date` date DEFAULT NULL,
  `nrt` varchar(255) COLLATE utf8mb4_unicode_ci NOT NULL,
  `dwt` varchar(255) COLLATE utf8mb4_unicode_ci NOT NULL,
  `imo` varchar(255) COLLATE utf8mb4_unicode_ci NOT NULL,
  `grt` varchar(255) COLLATE utf8mb4_unicode_ci NOT NULL,
  `official_number` varchar(255) COLLATE utf8mb4_unicode_ci NOT NULL,
  `keel_laying_date` date NOT NULL,
  `launching_date` date NOT NULL,
  `mmsi` varchar(255) COLLATE utf8mb4_unicode_ci NOT NULL,
  `overall_length` double(8,2) NOT NULL,
  `overall_width` double(8,2) NOT NULL,
  `year_built` year NOT NULL,
  `capacity` double(8,2) NOT NULL,
  `total_cargo_hold` varchar(255) COLLATE utf8mb4_unicode_ci NOT NULL,
  `live_tracking_config` varchar(255) COLLATE utf8mb4_unicode_ci DEFAULT NULL,
  `remarks` text COLLATE utf8mb4_unicode_ci,
  `business_unit` enum('PSML','TSLL','ALL') CHARACTER SET utf8mb4 COLLATE utf8mb4_unicode_ci DEFAULT NULL,
  `created_at` timestamp NULL DEFAULT NULL,
  `updated_at` timestamp NULL DEFAULT NULL,
  PRIMARY KEY (`id`),
  UNIQUE KEY `ops_vessels_short_code_unique` (`short_code`)
) ENGINE=InnoDB AUTO_INCREMENT=23 DEFAULT CHARSET=utf8mb4 COLLATE=utf8mb4_unicode_ci;

CREATE TABLE `ops_voyage_boat_note_lines` (
  `id` bigint unsigned NOT NULL AUTO_INCREMENT,
  `ops_voyage_boat_note_id` bigint unsigned NOT NULL,
  `voyage_note_type` enum('Boat Note','Draft Survey','Receipt Copy','Final Survey') CHARACTER SET utf8mb4 COLLATE utf8mb4_unicode_ci NOT NULL,
  `voyage_sector_id` bigint DEFAULT NULL,
  `loading_point` varchar(255) COLLATE utf8mb4_unicode_ci DEFAULT '',
  `unloading_point` varchar(255) COLLATE utf8mb4_unicode_ci DEFAULT '',
  `date` date DEFAULT NULL,
  `discharge_date` datetime DEFAULT NULL,
  `attachment` text CHARACTER SET utf8mb4 COLLATE utf8mb4_unicode_ci,
  `quantity` float DEFAULT NULL,
  `business_unit` enum('PSML','TSLL','BOTH') COLLATE utf8mb4_unicode_ci DEFAULT NULL,
  `created_at` timestamp NULL DEFAULT NULL,
  `updated_at` timestamp NULL DEFAULT NULL,
  PRIMARY KEY (`id`),
  KEY `ops_voyage_boat_note_lines_ops_voyage_boat_note_id_foreign` (`ops_voyage_boat_note_id`),
  CONSTRAINT `ops_voyage_boat_note_lines_ops_voyage_boat_note_id_foreign` FOREIGN KEY (`ops_voyage_boat_note_id`) REFERENCES `ops_voyage_boat_notes` (`id`) ON DELETE CASCADE
) ENGINE=InnoDB AUTO_INCREMENT=57 DEFAULT CHARSET=utf8mb4 COLLATE=utf8mb4_unicode_ci;

CREATE TABLE `ops_voyage_boat_notes` (
  `id` bigint unsigned NOT NULL AUTO_INCREMENT,
  `ops_voyage_id` bigint unsigned NOT NULL,
  `ops_vessel_id` bigint unsigned NOT NULL,
  `type` varchar(255) CHARACTER SET utf8mb4 COLLATE utf8mb4_unicode_ci DEFAULT NULL,
  `vessel_draft` varchar(255) CHARACTER SET utf8mb4 COLLATE utf8mb4_unicode_ci DEFAULT NULL,
  `water_density` varchar(255) CHARACTER SET utf8mb4 COLLATE utf8mb4_unicode_ci DEFAULT NULL,
  `business_unit` enum('PSML','TSLL','BOTH') COLLATE utf8mb4_unicode_ci DEFAULT NULL,
  `created_at` timestamp NULL DEFAULT NULL,
  `updated_at` timestamp NULL DEFAULT NULL,
  PRIMARY KEY (`id`),
  KEY `ops_voyage_boat_notes_ops_voyage_id_foreign` (`ops_voyage_id`),
  KEY `ops_voyage_boat_notes_ops_vessel_id_foreign` (`ops_vessel_id`),
  CONSTRAINT `ops_voyage_boat_notes_ops_vessel_id_foreign` FOREIGN KEY (`ops_vessel_id`) REFERENCES `ops_vessels` (`id`) ON DELETE CASCADE,
  CONSTRAINT `ops_voyage_boat_notes_ops_voyage_id_foreign` FOREIGN KEY (`ops_voyage_id`) REFERENCES `ops_voyages` (`id`) ON DELETE CASCADE
) ENGINE=InnoDB AUTO_INCREMENT=19 DEFAULT CHARSET=utf8mb4 COLLATE=utf8mb4_unicode_ci;

CREATE TABLE `ops_voyage_budget_entries` (
  `id` bigint unsigned NOT NULL AUTO_INCREMENT,
  `ops_vessel_id` bigint unsigned NOT NULL,
  `ops_voyage_id` bigint unsigned NOT NULL,
  `ops_voyage_budget_id` bigint unsigned NOT NULL,
  `ops_expense_head_id` bigint unsigned DEFAULT NULL,
  `perticular` varchar(255) COLLATE utf8mb4_unicode_ci DEFAULT NULL,
  `percentage` varchar(255) COLLATE utf8mb4_unicode_ci DEFAULT NULL,
  `currency` varchar(255) COLLATE utf8mb4_unicode_ci DEFAULT NULL,
  `amount` double(8,2) DEFAULT NULL,
  `exchange_rate_bdt` double(8,2) DEFAULT NULL,
  `exchange_rate_usd` double(8,2) DEFAULT NULL,
  `amount_bdt` double(8,2) DEFAULT NULL,
  `amount_usd` double(8,2) DEFAULT NULL,
  `remarks` text COLLATE utf8mb4_unicode_ci,
  `business_unit` enum('PSML','TSLL','ALL') COLLATE utf8mb4_unicode_ci NOT NULL,
  `created_at` timestamp NULL DEFAULT NULL,
  `updated_at` timestamp NULL DEFAULT NULL,
  PRIMARY KEY (`id`),
  KEY `ops_voyage_budget_entries_ops_vessel_id_foreign` (`ops_vessel_id`),
  KEY `ops_voyage_budget_entries_ops_voyage_id_foreign` (`ops_voyage_id`),
  KEY `ops_voyage_budget_entries_ops_voyage_budget_id_foreign` (`ops_voyage_budget_id`),
  KEY `ops_voyage_budget_entries_ops_expense_head_id_foreign` (`ops_expense_head_id`),
  CONSTRAINT `ops_voyage_budget_entries_ops_expense_head_id_foreign` FOREIGN KEY (`ops_expense_head_id`) REFERENCES `ops_expense_heads` (`id`),
  CONSTRAINT `ops_voyage_budget_entries_ops_vessel_id_foreign` FOREIGN KEY (`ops_vessel_id`) REFERENCES `ops_vessels` (`id`),
  CONSTRAINT `ops_voyage_budget_entries_ops_voyage_budget_id_foreign` FOREIGN KEY (`ops_voyage_budget_id`) REFERENCES `ops_voyage_budgets` (`id`),
  CONSTRAINT `ops_voyage_budget_entries_ops_voyage_id_foreign` FOREIGN KEY (`ops_voyage_id`) REFERENCES `ops_voyages` (`id`)
) ENGINE=InnoDB DEFAULT CHARSET=utf8mb4 COLLATE=utf8mb4_unicode_ci;

CREATE TABLE `ops_voyage_budgets` (
  `id` bigint unsigned NOT NULL AUTO_INCREMENT,
  `ops_vessel_id` bigint unsigned NOT NULL,
  `ops_voyage_id` bigint unsigned NOT NULL,
  `ops_expense_head_id` bigint unsigned DEFAULT NULL,
  `title` varchar(255) COLLATE utf8mb4_unicode_ci NOT NULL,
  `total` double(8,2) DEFAULT NULL,
  `business_unit` enum('PSML','TSLL','ALL') COLLATE utf8mb4_unicode_ci NOT NULL,
  `created_at` timestamp NULL DEFAULT NULL,
  `updated_at` timestamp NULL DEFAULT NULL,
  PRIMARY KEY (`id`),
  KEY `ops_voyage_budgets_ops_vessel_id_foreign` (`ops_vessel_id`),
  KEY `ops_voyage_budgets_ops_voyage_id_foreign` (`ops_voyage_id`),
  KEY `ops_voyage_budgets_ops_expense_head_id_foreign` (`ops_expense_head_id`),
  CONSTRAINT `ops_voyage_budgets_ops_expense_head_id_foreign` FOREIGN KEY (`ops_expense_head_id`) REFERENCES `ops_expense_heads` (`id`),
  CONSTRAINT `ops_voyage_budgets_ops_vessel_id_foreign` FOREIGN KEY (`ops_vessel_id`) REFERENCES `ops_vessels` (`id`),
  CONSTRAINT `ops_voyage_budgets_ops_voyage_id_foreign` FOREIGN KEY (`ops_voyage_id`) REFERENCES `ops_voyages` (`id`)
) ENGINE=InnoDB DEFAULT CHARSET=utf8mb4 COLLATE=utf8mb4_unicode_ci;

CREATE TABLE `ops_voyage_expenditure_entries` (
  `ops_voyage_expenditure_id` bigint unsigned NOT NULL,
  `particular_id` bigint unsigned NOT NULL,
  `type` varchar(255) COLLATE utf8mb4_unicode_ci NOT NULL DEFAULT 'expense' COMMENT 'expense',
  `invoice_id` varchar(255) COLLATE utf8mb4_unicode_ci DEFAULT NULL,
  `currency` varchar(255) COLLATE utf8mb4_unicode_ci DEFAULT NULL,
  `rate` varchar(255) COLLATE utf8mb4_unicode_ci DEFAULT NULL,
  `amount` double DEFAULT NULL,
  `amount_bdt` double DEFAULT NULL,
  `attachment` varchar(255) COLLATE utf8mb4_unicode_ci DEFAULT NULL,
  `remarks` varchar(255) COLLATE utf8mb4_unicode_ci DEFAULT NULL,
  `created_at` timestamp NULL DEFAULT NULL,
  `updated_at` timestamp NULL DEFAULT NULL,
  KEY `ops_voyage_expenditure_entries_ops_voyage_expenditure_id_foreign` (`ops_voyage_expenditure_id`),
  KEY `ops_voyage_expenditure_entries_particular_id_foreign` (`particular_id`),
  CONSTRAINT `ops_voyage_expenditure_entries_ops_voyage_expenditure_id_foreign` FOREIGN KEY (`ops_voyage_expenditure_id`) REFERENCES `ops_voyage_expenditures` (`id`) ON DELETE CASCADE,
  CONSTRAINT `ops_voyage_expenditure_entries_particular_id_foreign` FOREIGN KEY (`particular_id`) REFERENCES `ops_expense_heads` (`id`) ON DELETE CASCADE
) ENGINE=InnoDB DEFAULT CHARSET=utf8mb4 COLLATE=utf8mb4_unicode_ci;

CREATE TABLE `ops_voyage_expenditures` (
  `id` bigint unsigned NOT NULL AUTO_INCREMENT,
  `ops_voyage_id` bigint unsigned NOT NULL,
  `port` varchar(255) COLLATE utf8mb4_unicode_ci NOT NULL,
  `total_usd` bigint DEFAULT NULL,
  `total_bdt` bigint DEFAULT NULL,
  `expense_json` longtext COLLATE utf8mb4_unicode_ci,
  `date` date DEFAULT NULL,
  `type` varchar(255) COLLATE utf8mb4_unicode_ci DEFAULT NULL,
  `business_unit` enum('PSML','TSLL','ALL') COLLATE utf8mb4_unicode_ci NOT NULL,
  `created_at` timestamp NULL DEFAULT NULL,
  `updated_at` timestamp NULL DEFAULT NULL,
  PRIMARY KEY (`id`),
  KEY `ops_voyage_expenditures_ops_voyage_id_foreign` (`ops_voyage_id`),
  CONSTRAINT `ops_voyage_expenditures_ops_voyage_id_foreign` FOREIGN KEY (`ops_voyage_id`) REFERENCES `ops_voyages` (`id`)
) ENGINE=InnoDB DEFAULT CHARSET=utf8mb4 COLLATE=utf8mb4_unicode_ci;

CREATE TABLE `ops_voyage_port_schedules` (
  `id` bigint unsigned NOT NULL AUTO_INCREMENT,
  `ops_voyage_id` bigint unsigned NOT NULL,
  `port_code` varchar(255) COLLATE utf8mb4_unicode_ci NOT NULL,
  `ata` datetime DEFAULT NULL,
  `eta` datetime DEFAULT NULL,
  `atb` datetime DEFAULT NULL,
  `etb` datetime DEFAULT NULL,
  `atd` datetime DEFAULT NULL,
  `etd` datetime DEFAULT NULL,
  `load_commence` varchar(255) COLLATE utf8mb4_unicode_ci DEFAULT NULL,
  `load_complete` datetime DEFAULT NULL,
  `unload_commence` varchar(255) COLLATE utf8mb4_unicode_ci DEFAULT NULL,
  `unload_complete` datetime DEFAULT NULL,
  `operation_type` varchar(255) COLLATE utf8mb4_unicode_ci NOT NULL,
  `business_unit` enum('PSML','TSLL','BOTH') COLLATE utf8mb4_unicode_ci DEFAULT NULL,
  `created_at` timestamp NULL DEFAULT NULL,
  `updated_at` timestamp NULL DEFAULT NULL,
  PRIMARY KEY (`id`),
  KEY `ops_voyage_port_schedules_ops_voyage_id_foreign` (`ops_voyage_id`),
  CONSTRAINT `ops_voyage_port_schedules_ops_voyage_id_foreign` FOREIGN KEY (`ops_voyage_id`) REFERENCES `ops_voyages` (`id`) ON DELETE CASCADE
) ENGINE=InnoDB AUTO_INCREMENT=21 DEFAULT CHARSET=utf8mb4 COLLATE=utf8mb4_unicode_ci;

CREATE TABLE `ops_voyage_sectors` (
  `id` bigint unsigned NOT NULL AUTO_INCREMENT,
  `ops_voyage_id` bigint unsigned NOT NULL,
  `loading_point` varchar(255) CHARACTER SET utf8mb4 COLLATE utf8mb4_unicode_ci DEFAULT NULL,
  `unloading_point` varchar(255) CHARACTER SET utf8mb4 COLLATE utf8mb4_unicode_ci DEFAULT NULL,
  `rate` varchar(255) CHARACTER SET utf8mb4 COLLATE utf8mb4_unicode_ci DEFAULT NULL,
  `initial_survey_qty` double(8,2) DEFAULT NULL,
  `approx_amount` double(8,2) DEFAULT NULL,
  `discount` double(8,2) DEFAULT NULL,
  `discount_amount` double(8,2) DEFAULT NULL,
  `approx_amount_after_disscount` double(8,2) DEFAULT NULL,
  `final_survey_qty` double(8,2) DEFAULT NULL,
  `final_received_qty` double(8,2) DEFAULT NULL,
  `latest_qty` double(8,2) DEFAULT NULL,
  `boat_note_qty` double(8,2) DEFAULT NULL,
  `business_unit` enum('PSML','TSLL','ALL') COLLATE utf8mb4_unicode_ci DEFAULT NULL,
  `created_at` timestamp NULL DEFAULT NULL,
  `updated_at` timestamp NULL DEFAULT NULL,
  PRIMARY KEY (`id`),
  KEY `ops_voyage_sectors_ops_voyage_id_foreign` (`ops_voyage_id`),
  CONSTRAINT `ops_voyage_sectors_ops_voyage_id_foreign` FOREIGN KEY (`ops_voyage_id`) REFERENCES `ops_voyages` (`id`) ON DELETE CASCADE
) ENGINE=InnoDB AUTO_INCREMENT=25 DEFAULT CHARSET=utf8mb4 COLLATE=utf8mb4_unicode_ci;

CREATE TABLE `ops_voyages` (
  `id` bigint unsigned NOT NULL AUTO_INCREMENT,
  `ops_customer_id` bigint unsigned NOT NULL,
  `ops_vessel_id` bigint unsigned NOT NULL,
  `mother_vessel` varchar(255) COLLATE utf8mb4_unicode_ci DEFAULT NULL,
  `ops_cargo_type_id` bigint unsigned NOT NULL,
  `ops_cargo_tariff_id` bigint unsigned DEFAULT NULL,
  `voyage_sequence` varchar(255) CHARACTER SET utf8mb4 COLLATE utf8mb4_unicode_ci DEFAULT NULL,
  `voyage_no` varchar(255) COLLATE utf8mb4_unicode_ci NOT NULL,
  `route` varchar(255) COLLATE utf8mb4_unicode_ci NOT NULL,
  `load_port_distance` varchar(255) CHARACTER SET utf8mb4 COLLATE utf8mb4_unicode_ci DEFAULT NULL,
  `sail_date` datetime NOT NULL,
  `transit_date` datetime NOT NULL,
  `remarks` text CHARACTER SET utf8mb4 COLLATE utf8mb4_unicode_ci,
  `status` varchar(50) COLLATE utf8mb4_unicode_ci DEFAULT NULL,
  `business_unit` enum('PSML','TSLL','BOTH') COLLATE utf8mb4_unicode_ci DEFAULT NULL,
  `created_at` timestamp NULL DEFAULT NULL,
  `updated_at` timestamp NULL DEFAULT NULL,
  PRIMARY KEY (`id`),
  KEY `ops_voyages_ops_customer_id_foreign` (`ops_customer_id`),
  KEY `ops_voyages_ops_vessel_id_foreign` (`ops_vessel_id`),
  KEY `ops_voyages_ops_cargo_type_id_foreign` (`ops_cargo_type_id`),
  CONSTRAINT `ops_voyages_ops_cargo_type_id_foreign` FOREIGN KEY (`ops_cargo_type_id`) REFERENCES `ops_cargo_types` (`id`) ON DELETE CASCADE,
  CONSTRAINT `ops_voyages_ops_customer_id_foreign` FOREIGN KEY (`ops_customer_id`) REFERENCES `ops_customers` (`id`) ON DELETE CASCADE,
  CONSTRAINT `ops_voyages_ops_vessel_id_foreign` FOREIGN KEY (`ops_vessel_id`) REFERENCES `ops_vessels` (`id`) ON DELETE CASCADE
) ENGINE=InnoDB AUTO_INCREMENT=15 DEFAULT CHARSET=utf8mb4 COLLATE=utf8mb4_unicode_ci;

CREATE TABLE `password_reset_tokens` (
  `email` varchar(255) COLLATE utf8mb4_unicode_ci NOT NULL,
  `token` varchar(255) COLLATE utf8mb4_unicode_ci NOT NULL,
  `created_at` timestamp NULL DEFAULT NULL,
  PRIMARY KEY (`email`)
) ENGINE=InnoDB DEFAULT CHARSET=utf8mb4 COLLATE=utf8mb4_unicode_ci;

CREATE TABLE `permissions` (
  `id` bigint unsigned NOT NULL AUTO_INCREMENT,
  `name` varchar(255) CHARACTER SET utf8mb4 COLLATE utf8mb4_unicode_ci NOT NULL,
  `guard_name` varchar(255) CHARACTER SET utf8mb4 COLLATE utf8mb4_unicode_ci NOT NULL,
  `menu` varchar(50) CHARACTER SET utf8mb4 COLLATE utf8mb4_unicode_ci DEFAULT NULL,
  `subject` varchar(50) CHARACTER SET utf8mb4 COLLATE utf8mb4_unicode_ci DEFAULT NULL,
  `created_at` timestamp NULL DEFAULT NULL,
  `updated_at` timestamp NULL DEFAULT NULL,
  PRIMARY KEY (`id`),
  UNIQUE KEY `permissions_name_guard_name_unique` (`name`,`guard_name`)
) ENGINE=InnoDB AUTO_INCREMENT=534 DEFAULT CHARSET=utf8mb4 COLLATE=utf8mb4_unicode_ci;

CREATE TABLE `personal_access_tokens` (
  `id` bigint unsigned NOT NULL AUTO_INCREMENT,
  `tokenable_type` varchar(255) COLLATE utf8mb4_unicode_ci NOT NULL,
  `tokenable_id` bigint unsigned NOT NULL,
  `name` varchar(255) COLLATE utf8mb4_unicode_ci NOT NULL,
  `token` varchar(64) COLLATE utf8mb4_unicode_ci NOT NULL,
  `abilities` text COLLATE utf8mb4_unicode_ci,
  `last_used_at` timestamp NULL DEFAULT NULL,
  `expires_at` timestamp NULL DEFAULT NULL,
  `created_at` timestamp NULL DEFAULT NULL,
  `updated_at` timestamp NULL DEFAULT NULL,
  PRIMARY KEY (`id`),
  UNIQUE KEY `personal_access_tokens_token_unique` (`token`),
  KEY `personal_access_tokens_tokenable_type_tokenable_id_index` (`tokenable_type`,`tokenable_id`)
) ENGINE=InnoDB DEFAULT CHARSET=utf8mb4 COLLATE=utf8mb4_unicode_ci;

CREATE TABLE `role_has_permissions` (
  `permission_id` bigint unsigned NOT NULL,
  `role_id` bigint unsigned NOT NULL,
  PRIMARY KEY (`permission_id`,`role_id`),
  KEY `role_has_permissions_role_id_foreign` (`role_id`),
  CONSTRAINT `role_has_permissions_permission_id_foreign` FOREIGN KEY (`permission_id`) REFERENCES `permissions` (`id`) ON DELETE CASCADE,
  CONSTRAINT `role_has_permissions_role_id_foreign` FOREIGN KEY (`role_id`) REFERENCES `roles` (`id`) ON DELETE CASCADE
) ENGINE=InnoDB DEFAULT CHARSET=utf8mb4 COLLATE=utf8mb4_unicode_ci;

CREATE TABLE `roles` (
  `id` bigint unsigned NOT NULL AUTO_INCREMENT,
  `name` varchar(255) COLLATE utf8mb4_unicode_ci NOT NULL,
  `guard_name` varchar(255) COLLATE utf8mb4_unicode_ci NOT NULL,
  `created_at` timestamp NULL DEFAULT NULL,
  `updated_at` timestamp NULL DEFAULT NULL,
  PRIMARY KEY (`id`),
  UNIQUE KEY `roles_name_guard_name_unique` (`name`,`guard_name`)
) ENGINE=InnoDB AUTO_INCREMENT=12 DEFAULT CHARSET=utf8mb4 COLLATE=utf8mb4_unicode_ci;

CREATE TABLE `scm_lc_record_lines` (
  `id` bigint unsigned NOT NULL AUTO_INCREMENT,
  `scm_lc_record_id` bigint unsigned NOT NULL,
  `particular` varchar(255) COLLATE utf8mb4_unicode_ci DEFAULT NULL,
  `amount` decimal(8,2) DEFAULT NULL,
  `created_at` timestamp NULL DEFAULT NULL,
  `updated_at` timestamp NULL DEFAULT NULL,
  PRIMARY KEY (`id`),
  KEY `scm_lc_record_lines_scm_lc_record_id_foreign` (`scm_lc_record_id`),
  CONSTRAINT `scm_lc_record_lines_scm_lc_record_id_foreign` FOREIGN KEY (`scm_lc_record_id`) REFERENCES `scm_lc_records` (`id`) ON DELETE CASCADE
) ENGINE=InnoDB AUTO_INCREMENT=5 DEFAULT CHARSET=utf8mb4 COLLATE=utf8mb4_unicode_ci;

CREATE TABLE `scm_lc_records` (
  `id` bigint unsigned NOT NULL AUTO_INCREMENT,
  `lc_no` varchar(255) COLLATE utf8mb4_unicode_ci DEFAULT NULL,
  `lc_date` date DEFAULT NULL,
  `expire_date` date DEFAULT NULL,
  `weight` varchar(255) COLLATE utf8mb4_unicode_ci DEFAULT NULL,
  `no_of_packet` bigint DEFAULT NULL,
  `scm_po_id` bigint unsigned NOT NULL,
  `invoice_value` decimal(8,2) DEFAULT NULL,
  `assessment_value` decimal(8,2) DEFAULT NULL,
  `status` varchar(255) COLLATE utf8mb4_unicode_ci DEFAULT NULL,
  `issue_bank_id` bigint DEFAULT NULL,
  `issue_bank_name` varchar(255) COLLATE utf8mb4_unicode_ci DEFAULT NULL,
  `advising_bank_id` bigint DEFAULT NULL,
  `advising_bank_name` varchar(255) COLLATE utf8mb4_unicode_ci DEFAULT NULL,
  `discounting_bank_id` bigint DEFAULT NULL,
  `discounting_bank_name` varchar(255) COLLATE utf8mb4_unicode_ci DEFAULT NULL,
  `beneficiary_bank_id` bigint DEFAULT NULL,
  `beneficiary_bank_name` varchar(255) COLLATE utf8mb4_unicode_ci DEFAULT NULL,
  `scm_vendor_id` bigint DEFAULT NULL COMMENT 'Party Name',
  `scm_warehouse_id` bigint DEFAULT NULL,
  `lc_type` varchar(255) COLLATE utf8mb4_unicode_ci DEFAULT NULL,
  `acc_bank_id` bigint DEFAULT NULL,
  `bank_name` varchar(255) COLLATE utf8mb4_unicode_ci DEFAULT NULL,
  `cfr_value` decimal(8,2) DEFAULT NULL,
  `lc_margin` decimal(8,2) DEFAULT NULL,
  `total_cost` decimal(20,2) DEFAULT NULL,
  `document_value` decimal(8,2) DEFAULT NULL,
  `exchange_rate` decimal(8,2) DEFAULT NULL,
  `market_rate` decimal(8,2) DEFAULT NULL,
  `business_unit` varchar(50) COLLATE utf8mb4_unicode_ci DEFAULT NULL,
  `attachment` varchar(255) COLLATE utf8mb4_unicode_ci DEFAULT NULL,
  `created_by` bigint DEFAULT NULL COMMENT 'user_id',
  `created_at` timestamp NULL DEFAULT NULL,
  `updated_at` timestamp NULL DEFAULT NULL,
  PRIMARY KEY (`id`),
  KEY `scm_lc_records_scm_po_id_foreign` (`scm_po_id`),
  CONSTRAINT `scm_lc_records_scm_po_id_foreign` FOREIGN KEY (`scm_po_id`) REFERENCES `scm_pos` (`id`)
) ENGINE=InnoDB AUTO_INCREMENT=2 DEFAULT CHARSET=utf8mb4 COLLATE=utf8mb4_unicode_ci;

CREATE TABLE `scm_material_categories` (
  `id` bigint unsigned NOT NULL AUTO_INCREMENT,
  `name` varchar(255) COLLATE utf8mb4_unicode_ci NOT NULL,
  `short_code` varchar(255) COLLATE utf8mb4_unicode_ci DEFAULT NULL,
  `parent_id` bigint DEFAULT NULL,
  `created_at` timestamp NULL DEFAULT NULL,
  `updated_at` timestamp NULL DEFAULT NULL,
  PRIMARY KEY (`id`),
  UNIQUE KEY `scm_material_categories_name_unique` (`name`),
  UNIQUE KEY `scm_material_categories_short_code_unique` (`short_code`)
) ENGINE=InnoDB AUTO_INCREMENT=25 DEFAULT CHARSET=utf8mb4 COLLATE=utf8mb4_unicode_ci;

CREATE TABLE `scm_materials` (
  `id` bigint unsigned NOT NULL AUTO_INCREMENT,
  `scm_material_category_id` bigint unsigned NOT NULL,
  `name` varchar(255) COLLATE utf8mb4_unicode_ci NOT NULL,
  `material_code` varchar(255) COLLATE utf8mb4_unicode_ci DEFAULT NULL,
  `hs_code` varchar(255) COLLATE utf8mb4_unicode_ci DEFAULT NULL,
  `store_category` varchar(255) COLLATE utf8mb4_unicode_ci DEFAULT NULL,
  `unit` varchar(255) COLLATE utf8mb4_unicode_ci DEFAULT NULL,
  `minimum_stock` int DEFAULT NULL,
  `description` varchar(255) COLLATE utf8mb4_unicode_ci DEFAULT NULL,
  `sample_photo` varchar(255) COLLATE utf8mb4_unicode_ci DEFAULT NULL,
  `account_id` bigint DEFAULT NULL,
  `created_at` timestamp NULL DEFAULT NULL,
  `updated_at` timestamp NULL DEFAULT NULL,
  PRIMARY KEY (`id`),
  UNIQUE KEY `scm_materials_name_unique` (`name`),
  UNIQUE KEY `scm_materials_material_code_unique` (`material_code`),
  KEY `scm_materials_scm_material_category_id_foreign` (`scm_material_category_id`),
  CONSTRAINT `scm_materials_scm_material_category_id_foreign` FOREIGN KEY (`scm_material_category_id`) REFERENCES `scm_material_categories` (`id`)
) ENGINE=InnoDB AUTO_INCREMENT=15 DEFAULT CHARSET=utf8mb4 COLLATE=utf8mb4_unicode_ci;

CREATE TABLE `scm_mmr_lines` (
  `id` bigint unsigned NOT NULL AUTO_INCREMENT,
  `scm_mmr_id` bigint unsigned NOT NULL,
  `scm_material_id` bigint unsigned NOT NULL,
  `specification` varchar(255) COLLATE utf8mb4_unicode_ci DEFAULT NULL,
  `unit` varchar(255) COLLATE utf8mb4_unicode_ci DEFAULT NULL,
  `quantity` bigint DEFAULT NULL,
  `mmr_composite_key` varchar(255) COLLATE utf8mb4_unicode_ci DEFAULT NULL,
  `created_at` timestamp NULL DEFAULT NULL,
  `updated_at` timestamp NULL DEFAULT NULL,
  PRIMARY KEY (`id`),
  KEY `scm_mmr_lines_scm_mmr_id_foreign` (`scm_mmr_id`),
  KEY `scm_mmr_lines_scm_material_id_foreign` (`scm_material_id`),
  CONSTRAINT `scm_mmr_lines_scm_material_id_foreign` FOREIGN KEY (`scm_material_id`) REFERENCES `scm_materials` (`id`),
  CONSTRAINT `scm_mmr_lines_scm_mmr_id_foreign` FOREIGN KEY (`scm_mmr_id`) REFERENCES `scm_mmrs` (`id`)
) ENGINE=InnoDB AUTO_INCREMENT=3 DEFAULT CHARSET=utf8mb4 COLLATE=utf8mb4_unicode_ci;

CREATE TABLE `scm_mmrs` (
  `id` bigint unsigned NOT NULL AUTO_INCREMENT,
  `ref_no` varchar(255) COLLATE utf8mb4_unicode_ci DEFAULT NULL,
  `date` date DEFAULT NULL,
  `delivery_date` date DEFAULT NULL,
  `from_warehouse_id` bigint unsigned NOT NULL,
  `to_warehouse_id` bigint unsigned NOT NULL,
  `requested_by` varchar(255) COLLATE utf8mb4_unicode_ci DEFAULT NULL,
  `requested_for` varchar(255) COLLATE utf8mb4_unicode_ci DEFAULT NULL,
  `remarks` varchar(255) COLLATE utf8mb4_unicode_ci DEFAULT NULL,
  `business_unit` varchar(255) COLLATE utf8mb4_unicode_ci DEFAULT NULL COMMENT 'TSLL,PSML',
  `created_by` bigint DEFAULT NULL COMMENT 'user_id',
  `created_at` timestamp NULL DEFAULT NULL,
  `updated_at` timestamp NULL DEFAULT NULL,
  PRIMARY KEY (`id`),
  KEY `scm_mmrs_from_warehouse_id_foreign` (`from_warehouse_id`),
  KEY `scm_mmrs_to_warehouse_id_foreign` (`to_warehouse_id`),
  CONSTRAINT `scm_mmrs_from_warehouse_id_foreign` FOREIGN KEY (`from_warehouse_id`) REFERENCES `scm_warehouses` (`id`),
  CONSTRAINT `scm_mmrs_to_warehouse_id_foreign` FOREIGN KEY (`to_warehouse_id`) REFERENCES `scm_warehouses` (`id`)
) ENGINE=InnoDB AUTO_INCREMENT=2 DEFAULT CHARSET=utf8mb4 COLLATE=utf8mb4_unicode_ci;

CREATE TABLE `scm_mo_lines` (
  `id` bigint unsigned NOT NULL AUTO_INCREMENT,
  `scm_mo_id` bigint unsigned NOT NULL,
  `scm_material_id` bigint unsigned NOT NULL,
  `unit` varchar(255) COLLATE utf8mb4_unicode_ci DEFAULT NULL,
  `quantity` bigint DEFAULT NULL,
  `remarks` varchar(255) COLLATE utf8mb4_unicode_ci DEFAULT NULL,
  `mmr_composite_key` varchar(255) COLLATE utf8mb4_unicode_ci DEFAULT NULL,
  `created_at` timestamp NULL DEFAULT NULL,
  `updated_at` timestamp NULL DEFAULT NULL,
  PRIMARY KEY (`id`),
  KEY `scm_mo_lines_scm_mo_id_foreign` (`scm_mo_id`),
  KEY `scm_mo_lines_scm_material_id_foreign` (`scm_material_id`),
  CONSTRAINT `scm_mo_lines_scm_material_id_foreign` FOREIGN KEY (`scm_material_id`) REFERENCES `scm_materials` (`id`),
  CONSTRAINT `scm_mo_lines_scm_mo_id_foreign` FOREIGN KEY (`scm_mo_id`) REFERENCES `scm_mos` (`id`)
) ENGINE=InnoDB AUTO_INCREMENT=7 DEFAULT CHARSET=utf8mb4 COLLATE=utf8mb4_unicode_ci;

CREATE TABLE `scm_mos` (
  `id` bigint unsigned NOT NULL AUTO_INCREMENT,
  `ref_no` varchar(255) COLLATE utf8mb4_unicode_ci DEFAULT NULL,
  `scm_mmr_id` bigint unsigned NOT NULL,
  `from_warehouse_id` bigint unsigned NOT NULL,
  `to_warehouse_id` bigint unsigned NOT NULL,
  `date` date DEFAULT NULL,
  `business_unit` varchar(255) COLLATE utf8mb4_unicode_ci DEFAULT NULL COMMENT 'psml,tsll',
  `created_by` bigint DEFAULT NULL COMMENT 'user_id',
  `created_at` timestamp NULL DEFAULT NULL,
  `updated_at` timestamp NULL DEFAULT NULL,
  PRIMARY KEY (`id`),
  KEY `scm_mos_scm_mmr_id_foreign` (`scm_mmr_id`),
  KEY `scm_mos_from_warehouse_id_foreign` (`from_warehouse_id`),
  KEY `scm_mos_to_warehouse_id_foreign` (`to_warehouse_id`),
  CONSTRAINT `scm_mos_from_warehouse_id_foreign` FOREIGN KEY (`from_warehouse_id`) REFERENCES `scm_warehouses` (`id`),
  CONSTRAINT `scm_mos_scm_mmr_id_foreign` FOREIGN KEY (`scm_mmr_id`) REFERENCES `scm_mmrs` (`id`),
  CONSTRAINT `scm_mos_to_warehouse_id_foreign` FOREIGN KEY (`to_warehouse_id`) REFERENCES `scm_warehouses` (`id`)
) ENGINE=InnoDB AUTO_INCREMENT=9 DEFAULT CHARSET=utf8mb4 COLLATE=utf8mb4_unicode_ci;

CREATE TABLE `scm_mrr_lines` (
  `id` bigint unsigned NOT NULL AUTO_INCREMENT,
  `scm_mrr_id` bigint unsigned NOT NULL,
  `scm_material_id` bigint unsigned NOT NULL,
  `unit` varchar(255) COLLATE utf8mb4_unicode_ci DEFAULT NULL,
  `brand` varchar(255) COLLATE utf8mb4_unicode_ci DEFAULT NULL,
  `model` varchar(255) COLLATE utf8mb4_unicode_ci DEFAULT NULL,
  `quantity` bigint DEFAULT NULL,
  `rate` bigint DEFAULT NULL,
  `po_composite_key` varchar(255) COLLATE utf8mb4_unicode_ci DEFAULT NULL,
  `pr_composite_key` varchar(255) COLLATE utf8mb4_unicode_ci DEFAULT NULL,
  `net_rate` decimal(10,2) DEFAULT NULL,
  `created_at` timestamp NULL DEFAULT NULL,
  `updated_at` timestamp NULL DEFAULT NULL,
  PRIMARY KEY (`id`),
  KEY `scm_mrr_lines_scm_mrr_id_foreign` (`scm_mrr_id`),
  KEY `scm_mrr_lines_scm_material_id_foreign` (`scm_material_id`),
  CONSTRAINT `scm_mrr_lines_scm_material_id_foreign` FOREIGN KEY (`scm_material_id`) REFERENCES `scm_materials` (`id`),
  CONSTRAINT `scm_mrr_lines_scm_mrr_id_foreign` FOREIGN KEY (`scm_mrr_id`) REFERENCES `scm_mrrs` (`id`)
) ENGINE=InnoDB AUTO_INCREMENT=4 DEFAULT CHARSET=utf8mb4 COLLATE=utf8mb4_unicode_ci;

CREATE TABLE `scm_mrrs` (
  `id` bigint unsigned NOT NULL AUTO_INCREMENT,
  `ref_no` varchar(255) COLLATE utf8mb4_unicode_ci DEFAULT NULL,
  `type` varchar(255) COLLATE utf8mb4_unicode_ci DEFAULT NULL COMMENT 'cash,local,foreign',
  `date` date DEFAULT NULL,
  `scm_po_id` bigint DEFAULT NULL,
  `scm_pr_id` bigint DEFAULT NULL,
  `scm_warehouse_id` bigint DEFAULT NULL,
  `scm_lc_record_id` bigint DEFAULT NULL,
  `scm_cs_id` bigint DEFAULT NULL,
  `acc_cost_center_id` bigint DEFAULT NULL,
  `remarks` text COLLATE utf8mb4_unicode_ci,
  `challan_no` varchar(255) COLLATE utf8mb4_unicode_ci DEFAULT NULL,
  `is_qc_passed` bigint DEFAULT NULL,
  `qc_remarks` text COLLATE utf8mb4_unicode_ci,
  `business_unit` varchar(255) COLLATE utf8mb4_unicode_ci DEFAULT NULL COMMENT 'TSLL,PSML',
  `created_by` bigint DEFAULT NULL COMMENT 'user_id',
  `is_completed` tinyint DEFAULT NULL COMMENT '0, 1',
  `iou_id` bigint DEFAULT NULL,
  `purchase_center` varchar(255) COLLATE utf8mb4_unicode_ci DEFAULT NULL,
  `iou_no` varchar(255) COLLATE utf8mb4_unicode_ci DEFAULT NULL,
  `created_at` timestamp NULL DEFAULT NULL,
  `updated_at` timestamp NULL DEFAULT NULL,
  PRIMARY KEY (`id`)
) ENGINE=InnoDB AUTO_INCREMENT=3 DEFAULT CHARSET=utf8mb4 COLLATE=utf8mb4_unicode_ci;

CREATE TABLE `scm_opening_stock_lines` (
  `id` bigint unsigned NOT NULL AUTO_INCREMENT,
  `scm_opening_stock_id` bigint unsigned NOT NULL,
  `scm_material_id` bigint unsigned NOT NULL,
  `unit` varchar(255) COLLATE utf8mb4_unicode_ci DEFAULT NULL,
  `rate` decimal(8,2) DEFAULT NULL,
  `quantity` bigint DEFAULT NULL,
  `created_at` timestamp NULL DEFAULT NULL,
  `updated_at` timestamp NULL DEFAULT NULL,
  PRIMARY KEY (`id`),
  KEY `scm_opening_stock_lines_scm_opening_stock_id_foreign` (`scm_opening_stock_id`),
  KEY `scm_opening_stock_lines_scm_material_id_foreign` (`scm_material_id`),
  CONSTRAINT `scm_opening_stock_lines_scm_material_id_foreign` FOREIGN KEY (`scm_material_id`) REFERENCES `scm_materials` (`id`),
  CONSTRAINT `scm_opening_stock_lines_scm_opening_stock_id_foreign` FOREIGN KEY (`scm_opening_stock_id`) REFERENCES `scm_opening_stocks` (`id`)
) ENGINE=InnoDB AUTO_INCREMENT=62 DEFAULT CHARSET=utf8mb4 COLLATE=utf8mb4_unicode_ci;

CREATE TABLE `scm_opening_stocks` (
  `id` bigint unsigned NOT NULL AUTO_INCREMENT,
  `scm_warehouse_id` bigint unsigned NOT NULL,
  `date` date DEFAULT NULL,
  `business_unit` varchar(255) COLLATE utf8mb4_unicode_ci DEFAULT NULL,
  `created_at` timestamp NULL DEFAULT NULL,
  `updated_at` timestamp NULL DEFAULT NULL,
  PRIMARY KEY (`id`),
  KEY `scm_opening_stocks_scm_warehouse_id_foreign` (`scm_warehouse_id`),
  CONSTRAINT `scm_opening_stocks_scm_warehouse_id_foreign` FOREIGN KEY (`scm_warehouse_id`) REFERENCES `scm_warehouses` (`id`)
) ENGINE=InnoDB AUTO_INCREMENT=38 DEFAULT CHARSET=utf8mb4 COLLATE=utf8mb4_unicode_ci;

CREATE TABLE `scm_po_lines` (
  `id` bigint unsigned NOT NULL AUTO_INCREMENT,
  `scm_po_id` bigint unsigned NOT NULL,
  `scm_material_id` bigint unsigned NOT NULL,
  `unit` varchar(255) COLLATE utf8mb4_unicode_ci DEFAULT NULL,
  `brand` varchar(255) COLLATE utf8mb4_unicode_ci DEFAULT NULL,
  `model` varchar(255) COLLATE utf8mb4_unicode_ci DEFAULT NULL,
  `required_date` date DEFAULT NULL,
  `quantity` int DEFAULT NULL,
  `rate` decimal(8,2) DEFAULT NULL,
  `total_price` decimal(8,2) DEFAULT NULL,
  `net_rate` decimal(8,2) DEFAULT NULL COMMENT 'This cost is for net cost, i.e; unit_price + other_cost_per_unit',
  `po_composite_key` varchar(255) COLLATE utf8mb4_unicode_ci DEFAULT NULL,
  `pr_composite_key` varchar(255) COLLATE utf8mb4_unicode_ci DEFAULT NULL,
  `created_at` timestamp NULL DEFAULT NULL,
  `updated_at` timestamp NULL DEFAULT NULL,
  PRIMARY KEY (`id`),
  KEY `scm_po_lines_scm_po_id_foreign` (`scm_po_id`),
  KEY `scm_po_lines_scm_material_id_foreign` (`scm_material_id`),
  CONSTRAINT `scm_po_lines_scm_material_id_foreign` FOREIGN KEY (`scm_material_id`) REFERENCES `scm_materials` (`id`),
  CONSTRAINT `scm_po_lines_scm_po_id_foreign` FOREIGN KEY (`scm_po_id`) REFERENCES `scm_pos` (`id`) ON DELETE CASCADE
) ENGINE=InnoDB AUTO_INCREMENT=13 DEFAULT CHARSET=utf8mb4 COLLATE=utf8mb4_unicode_ci;

CREATE TABLE `scm_po_terms` (
  `id` bigint unsigned NOT NULL AUTO_INCREMENT,
  `scm_po_id` bigint unsigned NOT NULL,
  `description` varchar(255) COLLATE utf8mb4_unicode_ci DEFAULT NULL,
  `created_at` timestamp NULL DEFAULT NULL,
  `updated_at` timestamp NULL DEFAULT NULL,
  PRIMARY KEY (`id`),
  KEY `scm_po_terms_scm_po_id_foreign` (`scm_po_id`),
  CONSTRAINT `scm_po_terms_scm_po_id_foreign` FOREIGN KEY (`scm_po_id`) REFERENCES `scm_pos` (`id`) ON DELETE CASCADE
) ENGINE=InnoDB AUTO_INCREMENT=16 DEFAULT CHARSET=utf8mb4 COLLATE=utf8mb4_unicode_ci;

CREATE TABLE `scm_pos` (
  `id` bigint unsigned NOT NULL AUTO_INCREMENT,
  `scm_pr_id` bigint unsigned NOT NULL,
  `scm_cs_id` bigint unsigned DEFAULT NULL,
  `date` date DEFAULT NULL,
  `scm_vendor_id` bigint unsigned NOT NULL,
  `scm_warehouse_id` bigint unsigned NOT NULL,
  `acc_cost_center_id` bigint DEFAULT NULL,
  `currency` varchar(255) COLLATE utf8mb4_unicode_ci DEFAULT NULL,
  `ref_no` varchar(255) COLLATE utf8mb4_unicode_ci DEFAULT NULL,
  `foreign_to_bdt` decimal(8,2) DEFAULT NULL,
  `foreign_to_usd` decimal(8,2) DEFAULT NULL,
  `discount` decimal(8,2) DEFAULT NULL,
  `vat` decimal(8,2) DEFAULT NULL,
  `business_unit` varchar(255) COLLATE utf8mb4_unicode_ci DEFAULT NULL,
  `created_by` bigint DEFAULT NULL COMMENT 'user_id',
  `sub_total` decimal(8,2) DEFAULT NULL,
  `total_amount` decimal(8,2) DEFAULT NULL,
  `net_amount` decimal(8,2) DEFAULT NULL,
  `pr_date` date DEFAULT NULL,
  `purchase_center` varchar(50) COLLATE utf8mb4_unicode_ci DEFAULT NULL,
  `status` varchar(255) COLLATE utf8mb4_unicode_ci DEFAULT NULL,
  `remarks` varchar(255) COLLATE utf8mb4_unicode_ci DEFAULT NULL,
  `created_at` timestamp NULL DEFAULT NULL,
  `updated_at` timestamp NULL DEFAULT NULL,
  PRIMARY KEY (`id`),
  KEY `scm_pos_scm_pr_id_foreign` (`scm_pr_id`),
  KEY `scm_pos_scm_vendor_id_foreign` (`scm_vendor_id`),
  KEY `scm_pos_scm_warehouse_id_foreign` (`scm_warehouse_id`),
  CONSTRAINT `scm_pos_scm_pr_id_foreign` FOREIGN KEY (`scm_pr_id`) REFERENCES `scm_prs` (`id`),
  CONSTRAINT `scm_pos_scm_vendor_id_foreign` FOREIGN KEY (`scm_vendor_id`) REFERENCES `scm_vendors` (`id`),
  CONSTRAINT `scm_pos_scm_warehouse_id_foreign` FOREIGN KEY (`scm_warehouse_id`) REFERENCES `scm_warehouses` (`id`)
) ENGINE=InnoDB AUTO_INCREMENT=34 DEFAULT CHARSET=utf8mb4 COLLATE=utf8mb4_unicode_ci COMMENT='po => Purchase order';

CREATE TABLE `scm_pr_lines` (
  `id` bigint unsigned NOT NULL AUTO_INCREMENT,
  `scm_pr_id` bigint unsigned NOT NULL,
  `scm_material_id` bigint unsigned NOT NULL,
  `unit` varchar(255) COLLATE utf8mb4_unicode_ci DEFAULT NULL,
  `brand` varchar(255) COLLATE utf8mb4_unicode_ci DEFAULT NULL,
  `model` varchar(255) COLLATE utf8mb4_unicode_ci DEFAULT NULL,
  `country_id` bigint DEFAULT NULL,
  `country_name` varchar(255) CHARACTER SET utf8mb4 COLLATE utf8mb4_unicode_ci DEFAULT NULL,
  `sample_file` varchar(255) COLLATE utf8mb4_unicode_ci DEFAULT NULL,
  `drawing_no` varchar(255) COLLATE utf8mb4_unicode_ci DEFAULT NULL,
  `part_no` varchar(255) COLLATE utf8mb4_unicode_ci DEFAULT NULL,
  `specification` varchar(255) COLLATE utf8mb4_unicode_ci DEFAULT NULL,
  `quantity` decimal(8,2) DEFAULT NULL,
  `required_date` date DEFAULT NULL,
  `pr_composite_key` varchar(255) CHARACTER SET utf8mb4 COLLATE utf8mb4_unicode_ci DEFAULT NULL,
  `created_at` timestamp NULL DEFAULT NULL,
  `updated_at` timestamp NULL DEFAULT NULL,
  PRIMARY KEY (`id`),
  KEY `scm_pr_lines_scm_pr_id_foreign` (`scm_pr_id`),
  KEY `scm_pr_lines_scm_material_id_foreign` (`scm_material_id`),
  CONSTRAINT `scm_pr_lines_scm_material_id_foreign` FOREIGN KEY (`scm_material_id`) REFERENCES `scm_materials` (`id`),
  CONSTRAINT `scm_pr_lines_scm_pr_id_foreign` FOREIGN KEY (`scm_pr_id`) REFERENCES `scm_prs` (`id`) ON DELETE CASCADE
) ENGINE=InnoDB AUTO_INCREMENT=48 DEFAULT CHARSET=utf8mb4 COLLATE=utf8mb4_unicode_ci;

CREATE TABLE `scm_prs` (
  `id` bigint unsigned NOT NULL AUTO_INCREMENT,
  `ref_no` varchar(255) COLLATE utf8mb4_unicode_ci DEFAULT NULL,
  `scm_warehouse_id` bigint unsigned NOT NULL,
  `acc_cost_center_id` bigint DEFAULT NULL,
  `attachment` varchar(255) COLLATE utf8mb4_unicode_ci DEFAULT NULL,
  `raised_date` date DEFAULT NULL,
  `remarks` varchar(255) COLLATE utf8mb4_unicode_ci DEFAULT NULL,
  `purchase_center` varchar(255) COLLATE utf8mb4_unicode_ci DEFAULT NULL COMMENT 'local, foreign, plant',
  `is_critical` tinyint NOT NULL DEFAULT '0' COMMENT '0, 1',
  `approved_date` date DEFAULT NULL,
  `business_unit` varchar(255) COLLATE utf8mb4_unicode_ci DEFAULT NULL,
  `created_by` bigint NOT NULL COMMENT 'user_id',
  `created_at` timestamp NULL DEFAULT NULL,
  `updated_at` timestamp NULL DEFAULT NULL,
  PRIMARY KEY (`id`),
  KEY `scm_prs_scm_warehouse_id_foreign` (`scm_warehouse_id`),
  CONSTRAINT `scm_prs_scm_warehouse_id_foreign` FOREIGN KEY (`scm_warehouse_id`) REFERENCES `scm_warehouses` (`id`)
) ENGINE=InnoDB AUTO_INCREMENT=123 DEFAULT CHARSET=utf8mb4 COLLATE=utf8mb4_unicode_ci COMMENT='pr => Purchase Requisition';

CREATE TABLE `scm_services` (
  `id` bigint unsigned NOT NULL AUTO_INCREMENT,
  `name` varchar(255) COLLATE utf8mb4_unicode_ci NOT NULL,
  `short_code` varchar(255) COLLATE utf8mb4_unicode_ci DEFAULT NULL,
  `description` text COLLATE utf8mb4_unicode_ci,
  `created_at` timestamp NULL DEFAULT NULL,
  `updated_at` timestamp NULL DEFAULT NULL,
  PRIMARY KEY (`id`),
  UNIQUE KEY `scm_services_name_unique` (`name`),
  UNIQUE KEY `scm_services_short_code_unique` (`short_code`)
) ENGINE=InnoDB AUTO_INCREMENT=14 DEFAULT CHARSET=utf8mb4 COLLATE=utf8mb4_unicode_ci;

CREATE TABLE `scm_si_lines` (
  `id` bigint unsigned NOT NULL AUTO_INCREMENT,
  `scm_si_id` bigint unsigned NOT NULL,
  `scm_material_id` bigint unsigned NOT NULL,
  `unit` varchar(255) COLLATE utf8mb4_unicode_ci DEFAULT NULL,
  `quantity` bigint DEFAULT NULL,
  `sr_composite_key` varchar(255) COLLATE utf8mb4_unicode_ci DEFAULT NULL,
  `si_composite_key` varchar(255) COLLATE utf8mb4_unicode_ci DEFAULT NULL,
  `created_at` timestamp NULL DEFAULT NULL,
  `updated_at` timestamp NULL DEFAULT NULL,
  PRIMARY KEY (`id`),
  KEY `scm_si_lines_scm_si_id_foreign` (`scm_si_id`),
  KEY `scm_si_lines_scm_material_id_foreign` (`scm_material_id`),
  CONSTRAINT `scm_si_lines_scm_material_id_foreign` FOREIGN KEY (`scm_material_id`) REFERENCES `scm_materials` (`id`),
  CONSTRAINT `scm_si_lines_scm_si_id_foreign` FOREIGN KEY (`scm_si_id`) REFERENCES `scm_sis` (`id`) ON DELETE CASCADE
) ENGINE=InnoDB AUTO_INCREMENT=21 DEFAULT CHARSET=utf8mb4 COLLATE=utf8mb4_unicode_ci;

CREATE TABLE `scm_sir_lines` (
  `id` bigint unsigned NOT NULL AUTO_INCREMENT,
  `scm_material_id` bigint unsigned NOT NULL,
  `scm_sir_id` bigint unsigned NOT NULL,
  `unit` varchar(255) COLLATE utf8mb4_unicode_ci NOT NULL,
  `quantity` bigint NOT NULL,
  `notes` varchar(255) COLLATE utf8mb4_unicode_ci NOT NULL,
  `si_composite_key` varchar(255) COLLATE utf8mb4_unicode_ci NOT NULL,
  `sr_composite_key` varchar(255) COLLATE utf8mb4_unicode_ci NOT NULL,
  `created_at` timestamp NULL DEFAULT NULL,
  `updated_at` timestamp NULL DEFAULT NULL,
  PRIMARY KEY (`id`),
  KEY `scm_sir_lines_scm_material_id_foreign` (`scm_material_id`),
  KEY `scm_sir_lines_scm_sir_id_foreign` (`scm_sir_id`),
  CONSTRAINT `scm_sir_lines_scm_material_id_foreign` FOREIGN KEY (`scm_material_id`) REFERENCES `scm_materials` (`id`),
  CONSTRAINT `scm_sir_lines_scm_sir_id_foreign` FOREIGN KEY (`scm_sir_id`) REFERENCES `scm_sirs` (`id`)
) ENGINE=InnoDB AUTO_INCREMENT=3 DEFAULT CHARSET=utf8mb4 COLLATE=utf8mb4_unicode_ci;

CREATE TABLE `scm_sirs` (
  `id` bigint unsigned NOT NULL AUTO_INCREMENT,
  `ref_no` varchar(255) COLLATE utf8mb4_unicode_ci NOT NULL,
  `scm_si_id` bigint unsigned NOT NULL,
  `scm_warehouse_id` bigint unsigned NOT NULL,
  `acc_cost_center_id` bigint DEFAULT NULL,
  `department_id` bigint DEFAULT NULL,
  `date` date DEFAULT NULL,
  `business_unit` varchar(255) COLLATE utf8mb4_unicode_ci NOT NULL COMMENT 'TSLL,PSML',
  `created_by` bigint DEFAULT NULL COMMENT 'user_id',
  `created_at` timestamp NULL DEFAULT NULL,
  `updated_at` timestamp NULL DEFAULT NULL,
  PRIMARY KEY (`id`),
  KEY `scm_sirs_scm_si_id_foreign` (`scm_si_id`),
  KEY `scm_sirs_scm_warehouse_id_foreign` (`scm_warehouse_id`),
  CONSTRAINT `scm_sirs_scm_si_id_foreign` FOREIGN KEY (`scm_si_id`) REFERENCES `scm_sis` (`id`),
  CONSTRAINT `scm_sirs_scm_warehouse_id_foreign` FOREIGN KEY (`scm_warehouse_id`) REFERENCES `scm_warehouses` (`id`)
) ENGINE=InnoDB AUTO_INCREMENT=4 DEFAULT CHARSET=utf8mb4 COLLATE=utf8mb4_unicode_ci;

CREATE TABLE `scm_sis` (
  `id` bigint unsigned NOT NULL AUTO_INCREMENT,
  `ref_no` varchar(255) COLLATE utf8mb4_unicode_ci DEFAULT NULL,
  `scm_warehouse_id` bigint unsigned NOT NULL,
  `scm_sr_id` bigint unsigned NOT NULL,
  `acc_cost_center_id` bigint DEFAULT NULL,
  `department_id` bigint DEFAULT NULL,
  `date` date DEFAULT NULL,
  `remarks` varchar(255) COLLATE utf8mb4_unicode_ci DEFAULT NULL,
  `business_unit` varchar(255) COLLATE utf8mb4_unicode_ci DEFAULT NULL COMMENT 'TSLL,PSML',
  `created_by` bigint DEFAULT NULL COMMENT 'user_id',
  `created_at` timestamp NULL DEFAULT NULL,
  `updated_at` timestamp NULL DEFAULT NULL,
  PRIMARY KEY (`id`),
  KEY `scm_sis_scm_warehouse_id_foreign` (`scm_warehouse_id`),
  KEY `scm_sis_scm_sr_id_foreign` (`scm_sr_id`),
  CONSTRAINT `scm_sis_scm_sr_id_foreign` FOREIGN KEY (`scm_sr_id`) REFERENCES `scm_srs` (`id`),
  CONSTRAINT `scm_sis_scm_warehouse_id_foreign` FOREIGN KEY (`scm_warehouse_id`) REFERENCES `scm_warehouses` (`id`)
) ENGINE=InnoDB AUTO_INCREMENT=43 DEFAULT CHARSET=utf8mb4 COLLATE=utf8mb4_unicode_ci;

CREATE TABLE `scm_sr_lines` (
  `id` bigint unsigned NOT NULL AUTO_INCREMENT,
  `scm_sr_id` bigint unsigned NOT NULL,
  `scm_material_id` bigint unsigned NOT NULL,
  `unit` varchar(255) COLLATE utf8mb4_unicode_ci DEFAULT NULL,
  `specification` varchar(255) COLLATE utf8mb4_unicode_ci DEFAULT NULL,
  `quantity` bigint DEFAULT NULL,
  `sr_composite_key` varchar(255) COLLATE utf8mb4_unicode_ci DEFAULT NULL,
  `created_at` timestamp NULL DEFAULT NULL,
  `updated_at` timestamp NULL DEFAULT NULL,
  PRIMARY KEY (`id`),
  KEY `scm_sr_lines_scm_sr_id_foreign` (`scm_sr_id`),
  KEY `scm_sr_lines_scm_material_id_foreign` (`scm_material_id`),
  CONSTRAINT `scm_sr_lines_scm_material_id_foreign` FOREIGN KEY (`scm_material_id`) REFERENCES `scm_materials` (`id`),
  CONSTRAINT `scm_sr_lines_scm_sr_id_foreign` FOREIGN KEY (`scm_sr_id`) REFERENCES `scm_srs` (`id`) ON DELETE CASCADE
) ENGINE=InnoDB AUTO_INCREMENT=13 DEFAULT CHARSET=utf8mb4 COLLATE=utf8mb4_unicode_ci;

CREATE TABLE `scm_srs` (
  `id` bigint unsigned NOT NULL AUTO_INCREMENT,
  `ref_no` varchar(255) COLLATE utf8mb4_unicode_ci DEFAULT NULL,
  `scm_warehouse_id` bigint unsigned NOT NULL,
  `acc_cost_center_id` bigint DEFAULT NULL,
  `department_id` bigint DEFAULT NULL,
  `date` date DEFAULT NULL,
  `remarks` varchar(255) COLLATE utf8mb4_unicode_ci DEFAULT NULL,
  `business_unit` varchar(255) COLLATE utf8mb4_unicode_ci DEFAULT NULL COMMENT 'TSLL,PSML',
  `created_by` bigint DEFAULT NULL COMMENT 'user_id',
  `created_at` timestamp NULL DEFAULT NULL,
  `updated_at` timestamp NULL DEFAULT NULL,
  PRIMARY KEY (`id`),
  KEY `scm_srs_scm_warehouse_id_foreign` (`scm_warehouse_id`),
  CONSTRAINT `scm_srs_scm_warehouse_id_foreign` FOREIGN KEY (`scm_warehouse_id`) REFERENCES `scm_warehouses` (`id`)
) ENGINE=InnoDB AUTO_INCREMENT=4 DEFAULT CHARSET=utf8mb4 COLLATE=utf8mb4_unicode_ci;

CREATE TABLE `scm_stock_ledgers` (
  `id` bigint unsigned NOT NULL AUTO_INCREMENT,
  `scm_material_id` bigint unsigned NOT NULL,
  `scm_warehouse_id` bigint unsigned NOT NULL,
  `acc_cost_center_id` bigint DEFAULT NULL,
  `parent_id` int DEFAULT NULL,
  `stockable_type` varchar(255) COLLATE utf8mb4_unicode_ci DEFAULT NULL,
  `stockable_id` bigint DEFAULT NULL,
  `recievable_type` varchar(255) COLLATE utf8mb4_unicode_ci DEFAULT NULL,
  `recievable_id` bigint DEFAULT NULL,
  `quantity` int DEFAULT NULL,
  `gross_unit_price` decimal(8,2) DEFAULT NULL,
  `gross_foreign_unit_price` decimal(8,2) DEFAULT NULL,
  `net_unit_price` bigint DEFAULT NULL,
  `net_foreign_unit_price` bigint DEFAULT NULL,
  `currency` varchar(255) COLLATE utf8mb4_unicode_ci DEFAULT NULL,
  `exchange_rate` decimal(8,2) DEFAULT NULL,
  `business_unit` varchar(255) COLLATE utf8mb4_unicode_ci DEFAULT NULL COMMENT 'ALL, PSML,TSLL',
  `received_date` timestamp NULL DEFAULT NULL,
  `created_at` timestamp NULL DEFAULT NULL,
  `updated_at` timestamp NULL DEFAULT NULL,
  PRIMARY KEY (`id`),
  KEY `scm_stock_ledgers_scm_material_id_foreign` (`scm_material_id`),
  KEY `scm_stock_ledgers_scm_warehouse_id_foreign` (`scm_warehouse_id`),
  CONSTRAINT `scm_stock_ledgers_scm_material_id_foreign` FOREIGN KEY (`scm_material_id`) REFERENCES `scm_materials` (`id`),
  CONSTRAINT `scm_stock_ledgers_scm_warehouse_id_foreign` FOREIGN KEY (`scm_warehouse_id`) REFERENCES `scm_warehouses` (`id`)
) ENGINE=InnoDB AUTO_INCREMENT=71 DEFAULT CHARSET=utf8mb4 COLLATE=utf8mb4_unicode_ci;

CREATE TABLE `scm_units` (
  `id` bigint unsigned NOT NULL AUTO_INCREMENT,
  `name` varchar(255) COLLATE utf8mb4_unicode_ci NOT NULL,
  `short_code` varchar(255) COLLATE utf8mb4_unicode_ci DEFAULT NULL,
  `created_at` timestamp NULL DEFAULT NULL,
  `updated_at` timestamp NULL DEFAULT NULL,
  PRIMARY KEY (`id`),
  UNIQUE KEY `scm_units_name_unique` (`name`),
  UNIQUE KEY `scm_units_short_code_unique` (`short_code`)
) ENGINE=InnoDB AUTO_INCREMENT=32 DEFAULT CHARSET=utf8mb4 COLLATE=utf8mb4_unicode_ci;

CREATE TABLE `scm_vendor_contact_persons` (
  `id` bigint unsigned NOT NULL AUTO_INCREMENT,
  `scm_vendor_id` bigint unsigned NOT NULL,
  `name` varchar(255) COLLATE utf8mb4_unicode_ci NOT NULL,
  `designation` varchar(255) COLLATE utf8mb4_unicode_ci DEFAULT NULL,
  `phone` varchar(255) COLLATE utf8mb4_unicode_ci DEFAULT NULL,
  `email` varchar(255) COLLATE utf8mb4_unicode_ci DEFAULT NULL,
  `status` tinyint NOT NULL DEFAULT '1',
  `assign_date` date NOT NULL DEFAULT '2023-10-23',
  `end_date` date DEFAULT NULL,
  `created_at` timestamp NULL DEFAULT NULL,
  `updated_at` timestamp NULL DEFAULT NULL,
  PRIMARY KEY (`id`),
  KEY `scm_vendor_contact_persons_scm_vendor_id_foreign` (`scm_vendor_id`),
  CONSTRAINT `scm_vendor_contact_persons_scm_vendor_id_foreign` FOREIGN KEY (`scm_vendor_id`) REFERENCES `scm_vendors` (`id`)
) ENGINE=InnoDB AUTO_INCREMENT=18 DEFAULT CHARSET=utf8mb4 COLLATE=utf8mb4_unicode_ci;

CREATE TABLE `scm_vendors` (
  `id` bigint unsigned NOT NULL AUTO_INCREMENT,
  `name` varchar(255) COLLATE utf8mb4_unicode_ci NOT NULL,
  `address` varchar(255) COLLATE utf8mb4_unicode_ci DEFAULT NULL,
  `country_id` bigint DEFAULT NULL,
  `country_name` varchar(50) COLLATE utf8mb4_unicode_ci DEFAULT NULL,
  `vendor_type` varchar(255) COLLATE utf8mb4_unicode_ci DEFAULT NULL COMMENT 'local, foreign',
  `account_ref_no` varchar(255) COLLATE utf8mb4_unicode_ci DEFAULT NULL,
  `product_source_type` varchar(255) COLLATE utf8mb4_unicode_ci DEFAULT NULL COMMENT 'manufacturer, dealer, supplier',
  `product_type` varchar(255) COLLATE utf8mb4_unicode_ci DEFAULT NULL COMMENT 'lube oil, bunker, provision, spare, service',
  `created_at` timestamp NULL DEFAULT NULL,
  `updated_at` timestamp NULL DEFAULT NULL,
  PRIMARY KEY (`id`)
) ENGINE=InnoDB AUTO_INCREMENT=6 DEFAULT CHARSET=utf8mb4 COLLATE=utf8mb4_unicode_ci;

CREATE TABLE `scm_warehouse_contact_persons` (
  `id` bigint unsigned NOT NULL AUTO_INCREMENT,
  `scm_warehouse_id` bigint unsigned NOT NULL,
  `name` varchar(255) COLLATE utf8mb4_unicode_ci NOT NULL,
  `designation` varchar(255) COLLATE utf8mb4_unicode_ci DEFAULT NULL,
  `phone` varchar(255) COLLATE utf8mb4_unicode_ci DEFAULT NULL,
  `email` varchar(255) COLLATE utf8mb4_unicode_ci DEFAULT NULL,
  `status` tinyint NOT NULL DEFAULT '1',
  `assign_date` date NOT NULL DEFAULT '2023-10-23',
  `end_date` date DEFAULT NULL,
  `created_at` timestamp NULL DEFAULT NULL,
  `updated_at` timestamp NULL DEFAULT NULL,
  PRIMARY KEY (`id`),
  KEY `scm_warehouse_contact_persons_scm_warehouse_id_foreign` (`scm_warehouse_id`),
  CONSTRAINT `scm_warehouse_contact_persons_scm_warehouse_id_foreign` FOREIGN KEY (`scm_warehouse_id`) REFERENCES `scm_warehouses` (`id`)
) ENGINE=InnoDB AUTO_INCREMENT=45 DEFAULT CHARSET=utf8mb4 COLLATE=utf8mb4_unicode_ci;

CREATE TABLE `scm_warehouses` (
  `id` bigint unsigned NOT NULL AUTO_INCREMENT,
  `name` varchar(255) CHARACTER SET utf8mb4 COLLATE utf8mb4_unicode_ci NOT NULL,
  `cost_center_id` bigint DEFAULT NULL,
  `address` varchar(255) CHARACTER SET utf8mb4 COLLATE utf8mb4_unicode_ci DEFAULT NULL,
  `short_code` varchar(255) CHARACTER SET utf8mb4 COLLATE utf8mb4_unicode_ci DEFAULT NULL,
  `ops_vessel_id` bigint DEFAULT NULL,
  `business_unit` varchar(255) CHARACTER SET utf8mb4 COLLATE utf8mb4_unicode_ci DEFAULT NULL,
  `created_at` timestamp NULL DEFAULT NULL,
  `updated_at` timestamp NULL DEFAULT NULL,
  PRIMARY KEY (`id`),
  UNIQUE KEY `scm_warehouses_short_code_unique` (`short_code`)
) ENGINE=InnoDB AUTO_INCREMENT=31 DEFAULT CHARSET=utf8mb4 COLLATE=utf8mb4_unicode_ci;

CREATE TABLE `telescope_entries` (
  `sequence` bigint unsigned NOT NULL AUTO_INCREMENT,
  `uuid` char(36) COLLATE utf8mb4_unicode_ci NOT NULL,
  `batch_id` char(36) COLLATE utf8mb4_unicode_ci NOT NULL,
  `family_hash` varchar(255) COLLATE utf8mb4_unicode_ci DEFAULT NULL,
  `should_display_on_index` tinyint(1) NOT NULL DEFAULT '1',
  `type` varchar(20) COLLATE utf8mb4_unicode_ci NOT NULL,
  `content` longtext COLLATE utf8mb4_unicode_ci NOT NULL,
  `created_at` datetime DEFAULT NULL,
  PRIMARY KEY (`sequence`),
  UNIQUE KEY `telescope_entries_uuid_unique` (`uuid`),
  KEY `telescope_entries_batch_id_index` (`batch_id`),
  KEY `telescope_entries_family_hash_index` (`family_hash`),
  KEY `telescope_entries_created_at_index` (`created_at`),
  KEY `telescope_entries_type_should_display_on_index_index` (`type`,`should_display_on_index`)
) ENGINE=InnoDB DEFAULT CHARSET=utf8mb4 COLLATE=utf8mb4_unicode_ci;

CREATE TABLE `telescope_entries_tags` (
  `entry_uuid` char(36) COLLATE utf8mb4_unicode_ci NOT NULL,
  `tag` varchar(255) COLLATE utf8mb4_unicode_ci NOT NULL,
  KEY `telescope_entries_tags_entry_uuid_tag_index` (`entry_uuid`,`tag`),
  KEY `telescope_entries_tags_tag_index` (`tag`),
  CONSTRAINT `telescope_entries_tags_entry_uuid_foreign` FOREIGN KEY (`entry_uuid`) REFERENCES `telescope_entries` (`uuid`) ON DELETE CASCADE
) ENGINE=InnoDB DEFAULT CHARSET=utf8mb4 COLLATE=utf8mb4_unicode_ci;

CREATE TABLE `telescope_monitoring` (
  `tag` varchar(255) COLLATE utf8mb4_unicode_ci NOT NULL
) ENGINE=InnoDB DEFAULT CHARSET=utf8mb4 COLLATE=utf8mb4_unicode_ci;

CREATE TABLE `Transactions_lts` (
  `acc_cost_center_id` int DEFAULT NULL,
  `voucher_type` varchar(7) CHARACTER SET utf8 COLLATE utf8_general_ci DEFAULT NULL,
  `transaction_date` datetime DEFAULT NULL,
  `transactionable_id` varchar(4) CHARACTER SET utf8 COLLATE utf8_general_ci DEFAULT NULL,
  `transactionable_type` varchar(31) CHARACTER SET utf8 COLLATE utf8_general_ci DEFAULT NULL,
  `bill_no` varchar(8) CHARACTER SET utf8 COLLATE utf8_general_ci DEFAULT NULL,
  `mr_no` varchar(4) CHARACTER SET utf8 COLLATE utf8_general_ci DEFAULT NULL,
  `narration` varchar(152) CHARACTER SET utf8 COLLATE utf8_general_ci DEFAULT NULL,
  `instrument_type` varchar(20) CHARACTER SET utf8 COLLATE utf8_general_ci DEFAULT NULL,
  `instrument_no` varchar(16) CHARACTER SET utf8 COLLATE utf8_general_ci DEFAULT NULL,
  `instrument_date` varchar(10) CHARACTER SET utf8 COLLATE utf8_general_ci DEFAULT NULL,
  `business_unit` varchar(4) CHARACTER SET utf8 COLLATE utf8_general_ci DEFAULT NULL,
  `created_at` datetime DEFAULT NULL,
  `updated_at` datetime DEFAULT NULL
) ENGINE=InnoDB DEFAULT CHARSET=utf8mb4 COLLATE=utf8mb4_0900_ai_ci;

CREATE TABLE `users` (
  `id` bigint unsigned NOT NULL AUTO_INCREMENT,
  `business_unit` enum('PSML','TSLL','ALL') CHARACTER SET utf8mb4 COLLATE utf8mb4_unicode_ci DEFAULT NULL,
  `name` varchar(255) COLLATE utf8mb4_unicode_ci NOT NULL,
  `email` varchar(255) COLLATE utf8mb4_unicode_ci NOT NULL,
  `email_verified_at` timestamp NULL DEFAULT NULL,
  `password` varchar(255) COLLATE utf8mb4_unicode_ci NOT NULL,
  `remember_token` varchar(100) COLLATE utf8mb4_unicode_ci DEFAULT NULL,
  `created_at` timestamp NULL DEFAULT NULL,
  `updated_at` timestamp NULL DEFAULT NULL,
  PRIMARY KEY (`id`),
  UNIQUE KEY `users_email_unique` (`email`)
) ENGINE=InnoDB AUTO_INCREMENT=14 DEFAULT CHARSET=utf8mb4 COLLATE=utf8mb4_unicode_ci;

INSERT INTO `acc_account_opening_balances` (`id`, `acc_cost_center_id`, `acc_account_id`, `date`, `dr_amount`, `cr_amount`, `business_unit`, `created_at`, `updated_at`) VALUES
(1, 1, 2, '2023-10-10', '150.00', '50.00', 'TSLL', '2023-10-26 06:33:41', '2023-10-26 06:33:41');
INSERT INTO `acc_account_opening_balances` (`id`, `acc_cost_center_id`, `acc_account_id`, `date`, `dr_amount`, `cr_amount`, `business_unit`, `created_at`, `updated_at`) VALUES
(2, 4, 1, '2023-10-03', '15220.00', '152.00', 'PSML', '2023-10-26 06:34:56', '2023-10-26 06:34:56');
INSERT INTO `acc_account_opening_balances` (`id`, `acc_cost_center_id`, `acc_account_id`, `date`, `dr_amount`, `cr_amount`, `business_unit`, `created_at`, `updated_at`) VALUES
(3, 4, 1, '2023-10-10', '558.00', '585.00', 'PSML', '2023-10-26 06:40:03', '2023-10-26 06:40:03');

INSERT INTO `acc_accounts` (`id`, `acc_balance_and_income_line_id`, `parent_account_id`, `account_name`, `account_code`, `account_type`, `accountable_type`, `accountable_id`, `official_code`, `is_archived`, `business_unit`, `created_at`, `updated_at`) VALUES
(1, 35, NULL, 'Installment', '26-33-35-1', 2, NULL, NULL, NULL, 1, 'PSML', '2022-02-12 13:04:17', '2022-02-12 13:04:17');
INSERT INTO `acc_accounts` (`id`, `acc_balance_and_income_line_id`, `parent_account_id`, `account_name`, `account_code`, `account_type`, `accountable_type`, `accountable_id`, `official_code`, `is_archived`, `business_unit`, `created_at`, `updated_at`) VALUES
(2, 35, NULL, 'Delay Charge', '26-33-35-2', 2, NULL, NULL, NULL, 1, 'PSML', '2022-02-12 13:04:44', '2022-02-12 13:04:44');
INSERT INTO `acc_accounts` (`id`, `acc_balance_and_income_line_id`, `parent_account_id`, `account_name`, `account_code`, `account_type`, `accountable_type`, `accountable_id`, `official_code`, `is_archived`, `business_unit`, `created_at`, `updated_at`) VALUES
(3, 35, NULL, 'Modification Cost', '26-33-35-3', 2, NULL, NULL, NULL, 1, 'PSML', '2022-02-12 13:05:25', '2022-02-12 13:05:25');
INSERT INTO `acc_accounts` (`id`, `acc_balance_and_income_line_id`, `parent_account_id`, `account_name`, `account_code`, `account_type`, `accountable_type`, `accountable_id`, `official_code`, `is_archived`, `business_unit`, `created_at`, `updated_at`) VALUES
(4, 8, 71, 'Md. Shirazul Islam - Ranks FC CK Tower - C-11', '26-33-35-68', 2, 'App\\Sells\\Sell', 68, NULL, 0, 'PSML', '2022-02-12 13:22:21', '2023-11-12 07:25:48'),
(5, 35, 1, 'Md. Shahidur Rahman - Ranks FC Hill Crest - A-2', '26-33-35-1', 2, 'App\\Sells\\Sell', 1, NULL, 0, 'PSML', '2022-02-12 13:27:59', '2022-02-12 13:27:59'),
(6, 35, 1, 'Md. Hannan - Ranks FC Hill Crest - B-8', '26-33-35-2', 2, 'App\\Sells\\Sell', 2, NULL, 0, 'PSML', '2022-02-12 13:28:06', '2022-02-12 13:28:06'),
(7, 35, 1, 'Mohammed Abul Kashem FCA - Ranks FC Hill Crest - A-7', '26-33-35-3', 2, 'App\\Sells\\Sell', 3, NULL, 0, 'PSML', '2022-02-12 13:28:10', '2022-02-12 13:28:10'),
(8, 35, 1, 'Mohammed Jahedul Islam Chowdhury - Ranks FC Hill Crest - A-6', '26-33-35-4', 2, 'App\\Sells\\Sell', 4, NULL, 0, 'PSML', '2022-02-12 13:28:16', '2022-02-12 13:28:16'),
(9, 35, 1, 'Sheikh Motaher Naim - Ranks FC Hill Crest - B-4', '26-33-35-6', 2, 'App\\Sells\\Sell', 6, NULL, 0, 'PSML', '2022-02-12 13:28:21', '2022-02-12 13:28:21'),
(10, 35, 1, 'Mohammed Jahedul Islam Chowdhury - Ranks FC Hill Crest - B-6', '26-33-35-5', 2, 'App\\Sells\\Sell', 5, NULL, 0, 'PSML', '2022-02-12 13:28:27', '2022-02-12 13:28:27'),
(11, 35, 1, 'Manas Biswas - Rancon FC KD Anthem - B-9', '26-33-35-7', 2, 'App\\Sells\\Sell', 7, NULL, 0, 'PSML', '2022-02-12 13:28:32', '2023-09-03 14:36:13'),
(12, 35, 1, 'Ehsanul Hoque - Ranks FC KD Anthem - B-10', '26-33-35-8', 2, 'App\\Sells\\Sell', 8, NULL, 0, 'PSML', '2022-02-12 13:28:38', '2022-02-12 13:28:38'),
(13, 35, 1, 'Ehsanul Hoque - Ranks FC KD Anthem - B-11', '26-33-35-9', 2, 'App\\Sells\\Sell', 9, NULL, 0, 'PSML', '2022-02-12 13:28:44', '2022-02-12 13:28:44'),
(14, 35, 1, 'Ehsanul Hoque - Ranks FC KD Anthem - A-10', '26-33-35-10', 2, 'App\\Sells\\Sell', 10, NULL, 0, 'PSML', '2022-02-12 13:28:51', '2022-06-26 10:29:39'),
(15, 35, 1, 'Mohammed Rafique Chowdhury and Suriya Khanom Chowdhury - Ranks FC Park Windsor - B-4', '26-33-35-12', 2, 'App\\Sells\\Sell', 12, NULL, 0, 'PSML', '2022-02-12 13:28:57', '2022-02-12 13:28:57'),
(16, 35, 1, 'Md. Omar Ferdous & S.M Azizul Hoq - Ranks FC Park Windsor - A-7', '26-33-35-14', 2, 'App\\Sells\\Sell', 14, NULL, 0, 'PSML', '2022-02-12 13:29:02', '2022-08-07 16:49:15'),
(17, 35, 1, 'Mohammed Rafique Chowdhury and Suriya Khanom Chowdhury - Ranks FC Park Windsor - A-4', '26-33-35-11', 2, 'App\\Sells\\Sell', 11, NULL, 0, 'PSML', '2022-02-12 13:29:07', '2022-02-12 13:29:07'),
(18, 35, 1, 'Md. Omar Ferdous & S.M Azizul Hoq - Ranks FC Park Windsor - A-5', '26-33-35-13', 2, 'App\\Sells\\Sell', 13, NULL, 0, 'PSML', '2022-02-12 13:29:13', '2022-02-12 13:29:13'),
(19, 35, 1, 'Md. Rashed Harun - Ranks FC Park Windsor - A-8', '26-33-35-15', 2, 'App\\Sells\\Sell', 15, NULL, 0, 'PSML', '2022-02-12 13:29:18', '2022-02-12 13:29:18'),
(20, 35, 1, 'Ruby Barua - Ranks FC White Oak - A-14', '26-33-35-17', 2, 'App\\Sells\\Sell', 17, NULL, 0, 'PSML', '2022-02-12 13:29:23', '2022-02-12 13:29:23'),
(21, 35, 1, 'Asadul Haque - Ranks FC CK Tower - A-3', '26-33-35-18', 2, 'App\\Sells\\Sell', 18, NULL, 0, 'PSML', '2022-02-12 13:29:30', '2022-05-29 17:06:43'),
(22, 35, 1, 'Mrs. Jasmin Ara Begum - Ranks FC White Oak - A-3', '26-33-35-19', 2, 'App\\Sells\\Sell', 19, NULL, 0, 'PSML', '2022-02-12 13:29:37', '2022-02-12 13:29:37'),
(23, 35, 1, 'Mohammad Anwar Uddin - Ranks FC White Oak - A-6', '26-33-35-20', 2, 'App\\Sells\\Sell', 20, NULL, 0, 'PSML', '2022-02-12 13:29:43', '2022-02-12 13:29:43'),
(24, 35, 1, 'Mr. Mojibul Haque & Mrs. Nazma Begum - Ranks FC White Oak - A-10', '26-33-35-21', 2, 'App\\Sells\\Sell', 21, NULL, 0, 'PSML', '2022-02-12 13:30:04', '2022-02-12 13:30:04'),
(25, 35, 1, 'Md. Munsur Ahmed & Tanika Alam Tinni - Ranks FC KD Anthem - A-5', '26-33-35-22', 2, 'App\\Sells\\Sell', 22, NULL, 0, 'PSML', '2022-02-12 13:30:09', '2022-02-12 13:30:09'),
(26, 35, 1, 'Asadul Haque - Ranks FC Queens Park - B-7', '26-33-35-23', 2, 'App\\Sells\\Sell', 23, NULL, 0, 'PSML', '2022-02-12 13:30:13', '2022-02-12 13:30:13'),
(27, 35, 1, 'Mohammed Mosharaf Hossain - Ranks FC Queens Park - A-8', '26-33-35-24', 2, 'App\\Sells\\Sell', 24, NULL, 0, 'PSML', '2022-02-12 13:30:19', '2022-02-12 13:30:19'),
(28, 35, 1, 'Md. Tariq Hossain - Ranks FC Queens Park - B-8', '26-33-35-25', 2, 'App\\Sells\\Sell', 25, NULL, 0, 'PSML', '2022-02-12 13:30:24', '2022-02-12 13:30:24'),
(29, 35, 1, 'Rowshan Ara Akther - Ranks FC Queens Park - C-5', '26-33-35-26', 2, 'App\\Sells\\Sell', 26, NULL, 0, 'PSML', '2022-02-12 13:30:29', '2022-02-12 13:30:29'),
(30, 35, 1, 'A M Ziaur Rahman - Ranks FC Queens Park - A-5', '26-33-35-27', 2, 'App\\Sells\\Sell', 27, NULL, 0, 'PSML', '2022-02-12 13:30:35', '2022-09-04 10:50:24'),
(31, 35, 1, 'Md. Asadur Rahman - Ranks FC Queens Park - C-3', '26-33-35-28', 2, 'App\\Sells\\Sell', 28, NULL, 0, 'PSML', '2022-02-12 13:30:40', '2022-02-12 13:30:40'),
(32, 35, 1, 'SK Ashikul Mowla Ashik - Ranks FC Queens Park - A-6', '26-33-35-29', 2, 'App\\Sells\\Sell', 29, NULL, 0, 'PSML', '2022-02-12 13:30:45', '2022-02-12 13:30:45'),
(33, 35, 1, 'Samira Akther - Ranks FC Queens Park - C-6', '26-33-35-30', 2, 'App\\Sells\\Sell', 30, NULL, 0, 'PSML', '2022-02-12 13:30:51', '2022-02-12 13:30:51'),
(34, 35, 1, 'Ashfak E- Elahi - Ranks FC Queens Park - C-7', '26-33-35-31', 2, 'App\\Sells\\Sell', 31, NULL, 0, 'PSML', '2022-02-12 13:30:56', '2022-02-12 13:30:56'),
(35, 35, 1, 'Dr. Mohammad Gias Uddin - Ranks FC White Oak - B-8', '26-33-35-33', 2, 'App\\Sells\\Sell', 33, NULL, 0, 'PSML', '2022-02-12 13:31:02', '2022-02-12 13:31:02'),
(36, 35, 1, 'Md. Shawkat Alam - Ranks FC White Oak - B-6', '26-33-35-34', 2, 'App\\Sells\\Sell', 34, NULL, 0, 'PSML', '2022-02-12 13:31:07', '2022-02-12 13:31:07'),
(37, 35, 1, 'Mrs. Banshari Banerjee - Ranks FC White Oak - A-4', '26-33-35-35', 2, 'App\\Sells\\Sell', 35, NULL, 0, 'PSML', '2022-02-12 13:31:12', '2022-02-12 13:31:12'),
(38, 35, 1, 'Hamida Alam Chowdhury - Ranks FC White Oak - A-8', '26-33-35-36', 2, 'App\\Sells\\Sell', 36, NULL, 0, 'PSML', '2022-02-12 13:31:17', '2022-02-12 13:31:17'),
(39, 35, 1, 'Hasina Begum - Ranks FC White Oak - B-12', '26-33-35-37', 2, 'App\\Sells\\Sell', 37, NULL, 0, 'PSML', '2022-02-12 13:31:23', '2022-02-12 13:31:23'),
(40, 35, 1, 'Md. Towhidul Karim - Ranks FC White Oak - A-9', '26-33-35-38', 2, 'App\\Sells\\Sell', 38, NULL, 0, 'PSML', '2022-02-12 13:31:29', '2022-02-12 13:31:29'),
(41, 35, 1, 'Mr. S M Mizanul Hoque - Ranks FC White Oak - A-12', '26-33-35-39', 2, 'App\\Sells\\Sell', 39, NULL, 0, 'PSML', '2022-02-12 13:31:35', '2022-02-12 13:31:35'),
(42, 35, 1, 'Mr. Md. Saifur Rahman - Rancon FC Casa Crown - B-2', '26-33-35-40', 2, 'App\\Sells\\Sell', 40, NULL, 0, 'PSML', '2022-02-12 13:31:40', '2023-10-18 13:20:50'),
(43, 35, 1, 'Mohammed Abdul Wahab - Rancon FC Casa Crown - B-6', '26-33-35-41', 2, 'App\\Sells\\Sell', 41, NULL, 0, 'PSML', '2022-02-12 13:31:44', '2023-08-30 10:38:46'),
(44, 35, 1, 'Mohammed Hamidur Rahman - Rancon FC Casa Crown - B-4', '26-33-35-42', 2, 'App\\Sells\\Sell', 42, NULL, 0, 'PSML', '2022-02-12 13:31:50', '2023-08-30 10:40:22'),
(45, 35, 1, 'Abdul Hamid - Ranks FC White Oak - B-3', '26-33-35-43', 2, 'App\\Sells\\Sell', 43, NULL, 0, 'PSML', '2022-02-12 13:31:55', '2022-02-12 13:31:55'),
(46, 35, 1, 'Dr.Akhter Ul Islam - Ranks FC Queens Park - B-2', '26-33-35-44', 2, 'App\\Sells\\Sell', 44, NULL, 0, 'PSML', '2022-02-12 13:32:00', '2022-02-12 13:32:00'),
(47, 35, 1, 'Dr. Fatema Sanjila Alam - Ranks FC Park Terrace - A-9', '26-33-35-45', 2, 'App\\Sells\\Sell', 45, NULL, 0, 'PSML', '2022-02-12 13:32:05', '2022-02-12 13:32:05'),
(48, 35, 1, 'Zillur Rahaman - Ranks FC Greenwood - A-5', '26-33-35-46', 2, 'App\\Sells\\Sell', 46, NULL, 0, 'PSML', '2022-02-12 13:32:10', '2022-02-12 13:32:10'),
(49, 35, 1, 'Sharmina Sabbir - Ranks FC Park Terrace - A-5', '26-33-35-47', 2, 'App\\Sells\\Sell', 47, NULL, 0, 'PSML', '2022-02-12 13:32:19', '2022-02-12 13:32:19'),
(50, 35, 1, 'Sharmina Sabbir - Ranks FC Park Terrace - A-6', '26-33-35-48', 2, 'App\\Sells\\Sell', 48, NULL, 0, 'PSML', '2022-02-12 13:32:24', '2022-02-12 13:32:24');
INSERT INTO `acc_accounts` (`id`, `acc_balance_and_income_line_id`, `parent_account_id`, `account_name`, `account_code`, `account_type`, `accountable_type`, `accountable_id`, `official_code`, `is_archived`, `business_unit`, `created_at`, `updated_at`) VALUES
(51, 35, 1, 'Sharmin Sultana - Ranks FC CK Tower - B-11', '26-33-35-49', 2, 'App\\Sells\\Sell', 49, NULL, 0, 'PSML', '2022-02-12 13:32:29', '2022-02-12 13:32:29'),
(52, 35, 1, 'Mohammad Nurul Islam - Ranks FC CK Tower - A-5', '26-33-35-50', 2, 'App\\Sells\\Sell', 50, NULL, 0, 'PSML', '2022-02-12 13:32:35', '2022-02-12 13:32:35'),
(53, 35, 1, 'Sabbir Ahmed Osmani - Ranks FC Greenwood - A-6', '26-33-35-51', 2, 'App\\Sells\\Sell', 51, NULL, 0, 'PSML', '2022-02-12 13:32:45', '2022-02-12 13:32:45'),
(54, 35, 1, 'Md.Sazed Mamun Rabby & Abida Sultana - Ranks FC White Oak - B-11', '26-33-35-52', 2, 'App\\Sells\\Sell', 52, NULL, 0, 'PSML', '2022-02-12 13:32:51', '2022-11-03 18:01:11'),
(55, 35, 1, 'Sabbir Ahmed Osmani - Ranks FC Greenwood - A-7', '26-33-35-55', 2, 'App\\Sells\\Sell', 55, NULL, 0, 'PSML', '2022-02-12 13:32:56', '2022-02-12 13:32:56'),
(56, 35, 1, 'Md.Hannan - Ranks FC Park Terrace - A-8', '26-33-35-56', 2, 'App\\Sells\\Sell', 56, NULL, 0, 'PSML', '2022-02-12 13:33:02', '2022-02-12 13:33:02'),
(57, 35, 1, 'Nizam Uddin - Ranks FC Park Terrace - A-7', '26-33-35-57', 2, 'App\\Sells\\Sell', 57, NULL, 0, 'PSML', '2022-02-12 13:33:07', '2022-02-12 13:33:07'),
(58, 35, 1, 'Ehsanul Hoque - Ranks FC Queens Park - B-6', '26-33-35-58', 2, 'App\\Sells\\Sell', 58, NULL, 0, 'PSML', '2022-02-12 13:33:13', '2022-02-12 13:33:13'),
(59, 35, 1, 'Ehsanul Hoque - Ranks FC Queens Park - C-8', '26-33-35-59', 2, 'App\\Sells\\Sell', 59, NULL, 0, 'PSML', '2022-02-12 13:33:20', '2022-02-12 13:33:20'),
(60, 35, 1, 'Abu Sufian - Ranks FC CK Tower - C-3', '26-33-35-60', 2, 'App\\Sells\\Sell', 60, NULL, 0, 'PSML', '2022-02-12 13:33:24', '2022-02-12 13:33:24'),
(61, 35, 1, 'Nizam Uddin - Ranks FC CK Tower - C-9', '26-33-35-61', 2, 'App\\Sells\\Sell', 61, NULL, 0, 'PSML', '2022-02-12 13:33:29', '2022-02-12 13:33:29'),
(62, 35, 1, 'Nizam Uddin - Ranks FC CK Tower - B-4', '26-33-35-62', 2, 'App\\Sells\\Sell', 62, NULL, 0, 'PSML', '2022-02-12 13:33:42', '2022-02-12 13:33:42'),
(63, 35, 1, 'Nizam Uddin - Ranks FC CK Tower - B-4', '26-33-35-63', 2, 'App\\Sells\\Sell', 63, NULL, 0, 'PSML', '2022-02-12 13:33:46', '2022-02-12 13:33:46'),
(64, 35, 1, 'Sanzi Textile Mills Ltd. - Ranks FC Khan Plaza - A-1', '26-33-35-64', 2, 'App\\Sells\\Sell', 64, NULL, 0, 'PSML', '2022-02-12 13:33:54', '2022-02-12 13:33:54'),
(65, 35, 1, 'Parvez Ahmed - Ranks FC Zed Kingsdale - A-7', '26-33-35-65', 2, 'App\\Sells\\Sell', 65, NULL, 0, 'PSML', '2022-02-12 13:33:59', '2022-02-12 13:33:59'),
(66, 35, 1, 'Shabbir Ahmed - Ranks FC Zed Kingsdale - A-9', '26-33-35-66', 2, 'App\\Sells\\Sell', 66, NULL, 0, 'PSML', '2022-02-12 13:34:04', '2022-02-12 13:34:04'),
(67, 35, 1, 'Md. Nazrul Islam - Ranks FC CK Tower - A-11', '26-33-35-67', 2, 'App\\Sells\\Sell', 67, NULL, 0, 'PSML', '2022-02-12 13:34:09', '2022-02-12 13:34:09'),
(69, 8, NULL, 'Al-Arafah Islami Bank - CD A/C - 15616', '1-5-8-1', 1, 'App\\Accounts\\BankAccount', 1, NULL, 0, 'PSML', '2022-02-12 14:37:16', '2022-02-12 14:37:16'),
(70, 8, NULL, 'Bank Asia - CD A/C - 6388', '1-5-8-2', 1, 'App\\Accounts\\BankAccount', 2, NULL, 0, 'PSML', '2022-02-12 14:37:37', '2022-02-12 14:37:37'),
(71, 8, NULL, 'Dhaka Bank - CD A/C - 3693', '1-5-8-3', 1, 'App\\Accounts\\BankAccount', 3, NULL, 0, 'PSML', '2022-02-12 14:37:56', '2022-02-12 14:37:56'),
(72, 8, NULL, 'Meghna Bank Ltd. - CD A/C - 00171', '1-5-8-4', 1, 'App\\Accounts\\BankAccount', 4, NULL, 0, 'PSML', '2022-02-12 14:38:16', '2022-02-12 14:38:16'),
(73, 8, NULL, 'Mercantile Bank - CD A/C - 4505', '1-5-8-5', 1, 'App\\Accounts\\BankAccount', 5, NULL, 0, 'PSML', '2022-02-12 14:38:33', '2022-02-12 14:38:33'),
(74, 8, NULL, 'Modhumoti Bank Ltd. - CD A/C - 0027', '1-5-8-6', 1, 'App\\Accounts\\BankAccount', 6, NULL, 0, 'PSML', '2022-02-12 14:38:49', '2022-02-12 14:38:49'),
(75, 8, NULL, 'Prime Bank - CD A/C - 1919', '1-5-8-7', 1, 'App\\Accounts\\BankAccount', 7, NULL, 0, 'PSML', '2022-02-12 14:39:05', '2022-02-12 14:39:05'),
(76, 8, NULL, 'Shahjalal Islami Bank - CD A/C - 300411100006504', '1-5-8-8', 1, 'App\\Accounts\\BankAccount', 8, NULL, 0, 'PSML', '2022-02-12 14:39:23', '2022-02-12 14:39:23'),
(77, 8, NULL, 'Social Islami Bank - CD A/C - 33075', '1-5-8-9', 1, 'App\\Accounts\\BankAccount', 9, NULL, 0, 'PSML', '2022-02-12 14:39:41', '2022-02-12 14:39:41'),
(78, 8, NULL, 'UCBL - CD A/C - 47501', '1-5-8-10', 1, 'App\\Accounts\\BankAccount', 10, NULL, 0, 'PSML', '2022-02-12 14:39:59', '2022-02-12 14:39:59'),
(93, 11, NULL, 'Apartment - Inventory', '1-5-11-1', 1, NULL, NULL, NULL, 1, 'PSML', '2022-02-13 13:55:30', '2022-02-13 13:57:18'),
(94, 11, NULL, 'Material - Inventory', '1-5-11-2', 1, NULL, NULL, NULL, 1, 'PSML', '2022-02-13 13:55:52', '2022-02-13 13:57:30'),
(95, 37, NULL, 'Registration Charge', '26-33-37-1', 2, NULL, NULL, NULL, 1, 'PSML', '2022-02-13 14:29:54', '2022-02-13 14:29:54'),
(96, 34, NULL, 'Administration', '26-33-34-1', 2, NULL, NULL, NULL, 1, 'PSML', '2022-02-24 13:54:34', '2022-02-24 13:54:34'),
(97, 34, NULL, 'Architectural / Structural', '26-33-34-2', 2, NULL, NULL, NULL, 1, 'PSML', '2022-02-24 13:54:49', '2022-02-24 13:54:49'),
(98, 34, NULL, 'Labour', '26-33-34-3', 2, NULL, NULL, NULL, 1, 'PSML', '2022-02-24 13:55:02', '2022-02-24 13:55:02'),
(99, 34, NULL, 'Sales, Marketing & Branding', '26-33-34-4', 2, NULL, NULL, NULL, 1, 'PSML', '2022-02-24 13:55:15', '2022-02-24 13:55:15'),
(100, 34, NULL, 'Security Deposit From Party', '26-33-34-5', 2, NULL, NULL, NULL, 1, 'PSML', '2022-02-24 13:55:27', '2022-02-24 13:55:27'),
(101, 34, NULL, 'Suppliers / Vendors', '26-33-34-6', 2, NULL, NULL, NULL, 1, 'PSML', '2022-02-24 13:55:43', '2022-02-24 13:55:43'),
(104, 11, 94, 'Bamboo - Inv', '1-5-11-3', 1, NULL, NULL, NULL, 1, 'PSML', '2022-02-24 16:13:35', '2022-02-24 16:13:35'),
(105, 11, 94, 'Bricks - Inv', '1-5-11-4', 1, NULL, NULL, NULL, 1, 'PSML', '2022-02-24 16:17:40', '2022-02-24 16:17:40'),
(106, 11, 94, 'Cable - Inv', '1-5-11-5', 1, NULL, NULL, NULL, 1, 'PSML', '2022-02-24 16:18:24', '2022-02-24 16:18:24'),
(108, 11, 94, 'CC TV System - Inv', '1-5-11-7', 1, NULL, NULL, NULL, 1, 'PSML', '2022-02-24 16:19:07', '2022-02-24 16:19:07'),
(109, 11, 94, 'Cement - Inv', '1-5-11-8', 1, NULL, NULL, NULL, 1, 'PSML', '2022-02-24 16:19:25', '2022-02-24 16:19:25'),
(110, 11, 94, 'Chemical - Inv', '1-5-11-9', 1, NULL, NULL, NULL, 1, 'PSML', '2022-02-24 16:19:36', '2022-02-24 16:19:36'),
(111, 11, 94, 'C.I.Sheet - Inv', '1-5-11-10', 1, NULL, NULL, NULL, 1, 'PSML', '2022-02-24 16:20:22', '2022-02-24 16:20:22'),
(112, 11, 94, 'Construction Materials - Inv', '1-5-11-11', 1, NULL, NULL, NULL, 1, 'PSML', '2022-02-24 16:20:36', '2022-02-24 16:20:36'),
(113, 11, 94, 'Door Shutter - Inv', '1-5-11-12', 1, NULL, NULL, NULL, 1, 'PSML', '2022-02-24 16:20:55', '2022-02-24 16:20:55'),
(114, 11, 94, 'Electrical Goods - Inv', '1-5-11-13', 1, NULL, NULL, NULL, 1, 'PSML', '2022-02-24 16:21:37', '2022-02-24 16:21:37'),
(115, 11, 94, 'Hardware - Inv', '1-5-11-14', 1, NULL, NULL, NULL, 1, 'PSML', '2022-02-24 16:21:53', '2022-02-24 16:21:53'),
(116, 11, 94, 'Hollow Box - Inv', '1-5-11-15', 1, NULL, NULL, NULL, 1, 'PSML', '2022-02-24 16:22:03', '2022-02-24 16:22:03'),
(117, 11, 94, 'Lift - Inv', '1-5-11-16', 1, NULL, NULL, NULL, 1, 'PSML', '2022-02-24 16:22:18', '2022-02-24 16:22:18'),
(118, 11, 94, 'Local Sand - Inv', '1-5-11-17', 1, '0', NULL, NULL, 1, 'PSML', '2022-02-24 16:22:57', '2022-02-24 16:22:57'),
(119, 11, 94, 'Marble & Granite - Inv', '1-5-11-18', 1, '0', NULL, NULL, 1, 'PSML', '2022-02-24 16:23:11', '2022-02-24 16:23:11'),
(120, 11, 94, 'Paints - Inv', '1-5-11-19', 1, '0', NULL, NULL, 1, 'PSML', '2022-02-24 16:23:25', '2022-02-24 16:23:25'),
(121, 11, 94, 'Ready Mix Concrete - Inv', '1-5-11-20', 1, '0', NULL, NULL, 1, 'PSML', '2022-02-24 16:23:48', '2022-02-24 16:23:48'),
(122, 11, 94, 'Rod - Inv', '1-5-11-21', 1, '0', NULL, NULL, 1, 'PSML', '2022-02-24 16:24:01', '2022-02-24 16:24:01'),
(123, 11, 94, 'Sanitary Materials - Inv', '1-5-11-22', 1, '0', NULL, NULL, 1, 'PSML', '2022-02-24 16:24:30', '2022-02-24 16:24:30'),
(124, 11, 94, 'Scaffolding  - Inv', '1-5-11-23', 1, '0', NULL, NULL, 1, 'PSML', '2022-02-24 16:25:08', '2022-02-24 16:25:08'),
(125, 11, 94, 'Shingles - Inv', '1-5-11-24', 1, '0', NULL, NULL, 1, 'PSML', '2022-02-24 16:25:36', '2022-02-24 16:25:36'),
(126, 11, 94, 'Shuttering Materials - Inv', '1-5-11-25', 1, '0', NULL, NULL, 1, 'PSML', '2022-02-24 16:25:59', '2022-02-24 16:25:59'),
(127, 11, 94, 'Site Safety Materials - Inv', '1-5-11-26', 1, '0', NULL, NULL, 1, 'PSML', '2022-02-24 16:26:49', '2022-02-24 16:26:49'),
(128, 11, 94, 'Steel - Inv', '1-5-11-27', 1, '0', NULL, NULL, 1, 'PSML', '2022-02-24 16:27:03', '2022-02-24 16:27:03'),
(129, 11, 94, 'Stone Chips - Inv', '1-5-11-28', 1, '0', NULL, NULL, 1, 'PSML', '2022-02-24 16:27:23', '2022-02-24 16:27:23'),
(130, 11, 94, 'Sylhet Sand - Inv', '1-5-11-29', 1, '0', NULL, NULL, 1, 'PSML', '2022-02-24 16:40:57', '2022-02-24 16:40:57'),
(131, 11, 94, 'Tiles - Inv', '1-5-11-30', 1, '0', NULL, NULL, 1, 'PSML', '2022-02-24 16:41:13', '2022-02-24 16:41:13'),
(132, 11, 94, 'Water Pump - Inv', '1-5-11-31', 1, '0', NULL, NULL, 1, 'PSML', '2022-02-24 16:41:28', '2022-02-24 16:41:28'),
(133, 11, 94, 'Water Reserver - Inv', '1-5-11-32', 1, '0', NULL, NULL, 1, 'PSML', '2022-02-24 16:42:14', '2022-02-24 16:42:14'),
(134, 11, 94, 'Wood - Inv', '1-5-11-33', 1, '0', NULL, NULL, 1, 'PSML', '2022-02-24 16:42:29', '2022-02-24 16:42:29'),
(135, 11, 94, 'Board - Inv', '1-5-11-34', 1, '0', NULL, NULL, 1, 'PSML', '2022-02-24 16:42:58', '2022-05-10 17:33:49'),
(136, 14, NULL, 'Direct Expenses - WIP', '1-5-14-1', 1, '0', NULL, NULL, 1, 'PSML', '2022-02-24 16:46:02', '2022-02-24 16:46:02'),
(137, 14, NULL, 'Indirect Expenses - WIP', '1-5-14-2', 1, '0', NULL, NULL, 1, 'PSML', '2022-02-24 16:46:20', '2022-02-24 16:46:20'),
(138, 14, 136, 'Labor - WIP', '1-5-14-3', 1, '0', NULL, NULL, 1, 'PSML', '2022-02-24 16:54:58', '2022-06-17 22:29:05'),
(139, 14, 136, 'Material - WIP', '1-5-14-4', 1, '0', NULL, NULL, 1, 'PSML', '2022-02-24 16:55:08', '2022-06-17 22:30:49'),
(140, 14, 136, 'Land & Land Development - WIP', '1-5-14-5', 1, '0', NULL, NULL, 1, 'PSML', '2022-02-24 16:55:36', '2022-06-17 22:36:11'),
(141, 14, 137, 'Depreciation - WIP', '1-5-14-6', 1, '0', NULL, NULL, 1, 'PSML', '2022-02-24 16:56:09', '2022-06-17 22:36:39'),
(142, 14, 137, 'Financial Expenses - WIP', '1-5-14-7', 1, '0', NULL, NULL, 1, 'PSML', '2022-02-24 16:56:27', '2022-06-17 22:36:45'),
(143, 14, 137, 'Overhead - WIP', '1-5-14-8', 1, '0', NULL, NULL, 1, 'PSML', '2022-02-24 16:56:43', '2022-06-17 22:36:50'),
(144, 14, 137, 'Salary, Allowance & Benefits - WIP', '1-5-14-9', 1, '0', NULL, NULL, 1, 'PSML', '2022-02-24 16:57:23', '2022-06-17 22:36:58'),
(145, 14, 137, 'Sales & Marketing Exp - WIP', '1-5-14-10', 1, '0', NULL, NULL, 1, 'PSML', '2022-02-24 16:58:09', '2022-06-17 22:40:25'),
(146, 14, 137, 'Service Charge - WIP', '1-5-14-11', 1, '0', NULL, NULL, 1, 'PSML', '2022-02-24 16:58:22', '2022-06-17 22:42:49'),
(147, 14, 139, 'Bamboo - WIP', '1-5-14-12', 1, '0', NULL, NULL, 1, 'PSML', '2022-02-24 17:24:18', '2022-06-17 22:31:37'),
(148, 14, 139, 'Bricks - WIP', '1-5-14-13', 1, '0', NULL, NULL, 1, 'PSML', '2022-02-24 17:26:07', '2022-06-17 22:31:41'),
(149, 14, 139, 'Cable - WIP', '1-5-14-14', 1, '0', NULL, NULL, 1, 'PSML', '2022-02-24 17:26:57', '2022-06-17 22:31:46'),
(150, 14, 143, 'Carriage Inward - WIP', '1-5-14-15', 1, '0', NULL, NULL, 1, 'PSML', '2022-02-24 17:27:34', '2022-06-17 22:47:31'),
(151, 14, 139, 'CC TV System - WIP', '1-5-14-16', 1, '0', NULL, NULL, 1, 'PSML', '2022-02-24 17:27:55', '2022-06-17 22:31:50'),
(152, 14, 139, 'Cement - WIP', '1-5-14-17', 1, '0', NULL, NULL, 1, 'PSML', '2022-02-24 17:28:19', '2022-06-17 22:31:53'),
(153, 14, 139, 'Chemical Exp - WIP', '1-5-14-18', 1, '0', NULL, NULL, 1, 'PSML', '2022-02-24 17:28:41', '2022-06-17 22:31:56'),
(154, 14, 139, 'C.I.Sheet - WIP', '1-5-14-19', 1, '0', NULL, NULL, 1, 'PSML', '2022-02-24 17:28:59', '2022-06-17 22:31:59'),
(155, 14, 139, 'Construction Materials - WIP', '1-5-14-20', 1, '0', NULL, NULL, 1, 'PSML', '2022-02-24 17:29:15', '2022-06-17 22:32:02'),
(156, 14, 139, 'Door Shutter - WIP', '1-5-14-21', 1, '0', NULL, NULL, 1, 'PSML', '2022-02-24 17:29:31', '2022-06-17 22:32:06'),
(157, 14, 139, 'Electrical Goods - WIP', '1-5-14-22', 1, '0', NULL, NULL, 1, 'PSML', '2022-02-24 17:29:54', '2022-06-17 22:32:13'),
(158, 14, 139, 'Hardware - WIP', '1-5-14-23', 1, '0', NULL, NULL, 1, 'PSML', '2022-02-24 17:30:07', '2022-06-17 22:32:16'),
(159, 14, 139, 'Hollow Box - WIP', '1-5-14-24', 1, '0', NULL, NULL, 1, 'PSML', '2022-02-24 17:30:23', '2022-06-17 22:32:20'),
(160, 14, 139, 'Lift - WIP', '1-5-14-25', 1, '0', NULL, NULL, 1, 'PSML', '2022-02-24 17:30:37', '2022-06-17 22:32:24'),
(161, 14, 139, 'Local Sand - WIP', '1-5-14-26', 1, '0', NULL, NULL, 1, 'PSML', '2022-02-24 17:30:55', '2022-06-17 22:32:27'),
(162, 14, 139, 'Marble & Granite - WIP', '1-5-14-27', 1, '0', NULL, NULL, 1, 'PSML', '2022-02-24 17:31:12', '2022-06-17 22:32:31'),
(163, 14, 139, 'Paints - WIP', '1-5-14-28', 1, '0', NULL, NULL, 1, 'PSML', '2022-02-24 17:31:28', '2022-06-17 22:32:36'),
(164, 14, 139, 'Ready Mix Concrete - WIP', '1-5-14-29', 1, '0', NULL, NULL, 1, 'PSML', '2022-02-24 17:31:42', '2022-06-17 22:32:41'),
(165, 14, 139, 'Rod - WIP', '1-5-14-30', 1, '0', NULL, NULL, 1, 'PSML', '2022-02-24 17:31:59', '2022-06-17 22:33:54'),
(166, 14, 139, 'Sanitary Materials - WIP', '1-5-14-31', 1, '0', NULL, NULL, 1, 'PSML', '2022-02-24 17:32:15', '2022-06-17 22:33:58'),
(167, 14, 139, 'Scaffolding Set - WIP', '1-5-14-32', 1, '0', NULL, NULL, 1, 'PSML', '2022-02-24 17:32:33', '2022-06-17 22:34:01'),
(168, 14, 139, 'Shingles - WIP', '1-5-14-33', 1, '0', NULL, NULL, 1, 'PSML', '2022-02-24 17:32:55', '2022-06-17 22:34:04'),
(169, 14, 139, 'Shuttering Materials - WIP', '1-5-14-34', 1, '0', NULL, NULL, 1, 'PSML', '2022-02-24 17:33:19', '2022-06-17 22:34:06'),
(170, 14, 139, 'Site Safety Meterials - WIP', '1-5-14-35', 1, '0', NULL, NULL, 1, 'PSML', '2022-02-24 17:33:33', '2022-06-17 22:34:09'),
(171, 14, 139, 'Steel - WIP', '1-5-14-36', 1, '0', NULL, NULL, 1, 'PSML', '2022-02-24 17:33:51', '2022-06-17 22:34:12'),
(172, 14, 139, 'Stone Chips - WIP', '1-5-14-37', 1, '0', NULL, NULL, 1, 'PSML', '2022-02-24 17:34:16', '2022-06-17 22:34:16'),
(173, 14, 139, 'Sylhet Sand - WIP', '1-5-14-38', 1, '0', NULL, NULL, 1, 'PSML', '2022-02-24 17:34:51', '2022-06-17 22:34:19'),
(174, 14, 139, 'Tiles - WIP', '1-5-14-39', 1, '0', NULL, NULL, 1, 'PSML', '2022-02-24 17:52:47', '2022-06-17 22:34:22'),
(175, 14, 139, 'Water Pump - WIP', '1-5-14-40', 1, '0', NULL, NULL, 1, 'PSML', '2022-02-24 17:52:59', '2022-06-17 22:34:30'),
(176, 14, 139, 'Water Reserver  - WIP', '1-5-14-41', 1, '0', NULL, NULL, 1, 'PSML', '2022-02-24 17:53:13', '2022-06-17 22:34:33'),
(177, 14, 139, 'Wood - WIP', '1-5-14-42', 1, '0', NULL, NULL, 1, 'PSML', '2022-02-24 17:53:28', '2022-06-17 22:34:36'),
(178, 14, 139, 'Board - WIP', '1-5-14-43', 1, '0', NULL, NULL, 1, 'PSML', '2022-02-24 17:53:46', '2022-06-17 22:34:38'),
(179, 35, 1, 'Dr. Md. Harunor Rashid Chowdhury - Ranks FC Zed Kingsdale - A-3', '26-33-35-69', 2, 'App\\Sells\\Sell', 69, NULL, 0, 'PSML', '2022-02-28 14:19:35', '2022-02-28 14:19:35'),
(180, 86, NULL, 'Fuel & Lubricants', '74-85-86-1', 5, '0', NULL, NULL, 1, 'PSML', '2022-03-03 14:44:38', '2022-03-03 14:44:38'),
(181, 86, NULL, 'Salary, Allowances & Benefits', '74-85-86-2', 5, '0', NULL, NULL, 1, 'PSML', '2022-03-03 14:44:55', '2022-03-03 14:44:55'),
(182, 86, NULL, 'Depreciation', '74-85-86-3', 5, '0', NULL, NULL, 1, 'PSML', '2022-03-03 14:48:30', '2022-03-03 14:50:57'),
(183, 35, 1, 'Mohammed Jahangir Alam - Ranks FC Hill Crest - C-7', '26-33-35-70', 2, 'App\\Sells\\Sell', 70, NULL, 0, 'PSML', '2022-03-03 15:10:59', '2022-11-01 11:24:10'),
(184, 35, 1, 'Minhajul Hasan Khan - Ranks FC Zed Kingsdale - B-9', '26-33-35-71', 2, 'App\\Sells\\Sell', 71, NULL, 0, 'PSML', '2022-03-03 15:26:13', '2022-03-03 15:26:13'),
(185, 35, 1, 'Minhajul Hasan Khan - Ranks FC Z70 - C-9', '26-33-35-72', 2, 'App\\Sells\\Sell', 72, NULL, 0, 'PSML', '2022-03-03 15:37:21', '2023-02-05 12:01:56'),
(186, 35, 1, 'Khaleda Akter - Ranks FC Greenwood - A-4', '26-33-35-73', 2, 'App\\Sells\\Sell', 73, NULL, 0, 'PSML', '2022-03-03 16:11:49', '2022-03-03 16:11:49'),
(187, 36, NULL, 'Salary & Allowance Payable - WIP', '26-33-36-1', 2, '0', NULL, NULL, 1, 'PSML', '2022-03-03 16:25:13', '2022-03-03 16:25:13'),
(188, 36, NULL, 'Salary & Allowance Payable', '26-33-36-2', 2, '0', NULL, NULL, 1, 'PSML', '2022-03-03 16:25:42', '2022-03-03 16:25:42'),
(189, 35, 1, 'Khaleda Akter - Ranks FC Greenwood - A-3', '26-33-35-74', 2, 'App\\Sells\\Sell', 74, NULL, 0, 'PSML', '2022-03-03 16:27:11', '2022-03-03 16:27:11'),
(190, 14, 144, 'Salary & Allowance -WIP', '1-5-14-44', 1, '0', NULL, NULL, 1, 'PSML', '2022-03-03 17:18:35', '2022-03-03 17:18:35'),
(191, 35, 1, 'Md. Tariq Abedin - Ranks FC Park Windsor - A-9', '26-33-35-75', 2, 'App\\Sells\\Sell', 75, NULL, 0, 'PSML', '2022-03-10 15:48:16', '2022-03-10 15:48:16'),
(192, 34, 101, 'Maa Enterprise', '26-33-34-7', 2, 'App\\Procurement\\Supplier', 3, NULL, 0, 'PSML', '2022-03-10 17:24:57', '2022-03-10 17:24:57'),
(193, 35, 1, 'Mr. Ahmed Kabir - Ranks FC Queens Park - A-1', '26-33-35-76', 2, 'App\\Sells\\Sell', 76, NULL, 0, 'PSML', '2022-03-10 17:27:26', '2022-03-10 17:27:26'),
(194, 34, 101, 'Eastern Trading', '26-33-34-8', 2, 'App\\Procurement\\Supplier', 4, NULL, 0, 'PSML', '2022-03-10 17:27:34', '2022-03-10 17:27:34'),
(195, 34, 101, 'M/S. Rahim Sanitary', '26-33-34-9', 2, 'App\\Procurement\\Supplier', 5, NULL, 0, 'PSML', '2022-03-10 17:29:17', '2022-03-10 17:29:17'),
(196, 35, 1, 'Mrs. Fatima Begum - Ranks FC Queens Park - A-4', '26-33-35-77', 2, 'App\\Sells\\Sell', 77, NULL, 0, 'PSML', '2022-03-10 17:46:47', '2022-03-10 17:46:47'),
(197, 35, 1, 'Md. Munsur Ahmed & Tanika Alam Tinni - Ranks FC Rosewood - C-4', '26-33-35-78', 2, 'App\\Sells\\Sell', 78, NULL, 0, 'PSML', '2022-03-16 10:14:58', '2022-03-16 10:14:58'),
(198, 107, NULL, 'Refund - Md. Munsur Ahmed & Tanika Alam Tinni - Rancon FC KD Anthem - A-5', '26-33-107-22', 2, 'App\\Sells\\SaleCancellation', 3, NULL, 0, 'PSML', '2022-03-16 10:31:14', '2023-08-23 15:33:28'),
(199, 108, NULL, 'Miscellaneous', '48-60-108-1', 4, '0', NULL, NULL, 1, 'PSML', '2022-03-21 16:52:29', '2022-03-21 16:52:29'),
(200, 35, 1, 'Ehsanul Hoque - Ranks FC Rosewood - C-9', '26-33-35-80', 2, 'App\\Sells\\Sell', 80, NULL, 0, 'PSML', '2022-03-30 13:25:11', '2022-03-30 13:25:11'),
(201, 35, 1, 'Ehsanul Hoque - Ranks FC Rosewood - A-9', '26-33-35-81', 2, 'App\\Sells\\Sell', 81, NULL, 0, 'PSML', '2022-03-30 13:46:27', '2022-03-30 13:46:27'),
(202, 3, NULL, 'Air Cooler/ Conditioner FA', '1-2-3-1', 1, '0', NULL, NULL, 1, 'PSML', '2022-04-04 14:43:41', '2022-05-10 17:51:43'),
(203, 3, NULL, 'Computer & Accessories', '1-2-3-2', 1, '0', NULL, NULL, 1, 'PSML', '2022-04-04 14:43:53', '2022-04-04 14:43:53'),
(204, 3, NULL, 'Construction Equipment', '1-2-3-3', 1, '0', NULL, NULL, 1, 'PSML', '2022-04-04 14:44:11', '2022-04-04 14:44:11'),
(205, 3, NULL, 'Electrical Equipment', '1-2-3-4', 1, '0', NULL, NULL, 1, 'PSML', '2022-04-04 14:44:24', '2022-04-04 14:44:24'),
(206, 3, NULL, 'Furniture & Fixture', '1-2-3-5', 1, '0', NULL, NULL, 1, 'PSML', '2022-04-04 14:44:41', '2022-04-04 14:44:41'),
(207, 3, NULL, 'Interior Decoration', '1-2-3-6', 1, '0', NULL, NULL, 1, 'PSML', '2022-04-04 14:44:54', '2022-04-04 14:44:54'),
(208, 3, NULL, 'Motor Vehicles', '1-2-3-7', 1, '0', NULL, NULL, 1, 'PSML', '2022-04-04 14:45:06', '2022-04-04 14:45:06'),
(209, 3, NULL, 'Office Equipment', '1-2-3-8', 1, '0', NULL, NULL, 1, 'PSML', '2022-04-04 14:45:26', '2022-04-04 14:45:26'),
(210, 3, 202, 'Air Conditioner - FA', '1-2-3-9', 1, '0', NULL, NULL, 1, 'PSML', '2022-04-04 15:40:27', '2022-05-10 17:51:25'),
(213, 3, 203, 'IT Equipment - FA', '1-2-3-10', 1, '0', NULL, NULL, 1, 'PSML', '2022-04-04 15:55:27', '2022-05-10 17:52:29'),
(214, 35, 1, 'Mr. Mohammed Rezaur Rahman Parvez - Ranks FC Zed Kingsdale - A-2', '26-33-35-82', 2, 'App\\Sells\\Sell', 82, NULL, 0, 'PSML', '2022-04-13 10:38:19', '2022-04-13 10:38:19'),
(215, 35, 1, 'Mr. Mohammed Rezaur Rahman Parvez - Ranks FC Zed Kingsdale - A-2', '26-33-35-83', 2, 'App\\Sells\\Sell', 83, NULL, 0, 'PSML', '2022-04-13 10:38:37', '2022-04-13 10:38:37'),
(216, 35, 1, 'Md. Rashadul Amin - Ranks FC Rosewood - D-7', '26-33-35-84', 2, 'App\\Sells\\Sell', 84, NULL, 0, 'PSML', '2022-04-13 14:40:18', '2022-04-13 14:40:18'),
(217, 35, 1, 'Mr. Paresh Das Gupta - Ranks FC Rosewood - D-5', '26-33-35-85', 2, 'App\\Sells\\Sell', 85, NULL, 0, 'PSML', '2022-04-13 14:42:33', '2022-04-13 14:42:33'),
(219, 35, 1, 'Md. Rashadul Amin - Ranks FC Rosewood - C-7', '26-33-35-87', 2, 'App\\Sells\\Sell', 87, NULL, 0, 'PSML', '2022-04-13 14:56:53', '2022-04-13 14:56:53'),
(221, 35, 1, 'Mostafa Iqbal Zubair - Ranks FC Zed Kingsdale - B-8', '26-33-35-89', 2, 'App\\Sells\\Sell', 89, NULL, 0, 'PSML', '2022-04-17 09:42:59', '2022-04-17 09:42:59'),
(222, 35, 1, 'Md. Rashed Harun - Ranks FC Park Windsor - C-8', '26-33-35-16', 2, 'App\\Sells\\Sell', 16, NULL, 0, 'PSML', '2022-04-21 15:43:46', '2022-04-21 15:43:46'),
(223, 35, 1, 'Mohammed Sadman - Ranks FC Breezy Terrace - A-7', '26-33-35-90', 2, 'App\\Sells\\Sell', 90, NULL, 0, 'PSML', '2022-04-28 10:17:33', '2022-04-28 10:17:33'),
(224, 35, 1, 'Md. Aminul Islam - Ranks FC Greenwood - A-2', '26-33-35-91', 2, 'App\\Sells\\Sell', 91, NULL, 0, 'PSML', '2022-05-10 12:52:35', '2022-05-10 12:52:35'),
(227, 11, 94, 'Block - Inv', '1-5-11-35', 1, '0', NULL, NULL, 1, 'PSML', '2022-05-10 17:12:12', '2022-05-10 17:12:12'),
(228, 14, 139, 'Block - WIP', '1-5-14-45', 1, '0', NULL, NULL, 1, 'PSML', '2022-05-10 17:13:44', '2022-06-17 22:34:41'),
(229, 11, 94, 'Sub Station - Inv', '1-5-11-36', 1, '0', NULL, NULL, 1, 'PSML', '2022-05-10 17:16:21', '2022-05-10 17:16:21'),
(230, 14, 139, 'Sub Station - WIP', '1-5-14-46', 1, '0', NULL, NULL, 1, 'PSML', '2022-05-10 17:16:55', '2022-06-17 22:34:43'),
(232, 11, 94, 'Door Accessories - Inv', '1-5-11-37', 1, '0', NULL, NULL, 1, 'PSML', '2022-05-10 17:36:51', '2022-05-10 17:36:51'),
(233, 14, 139, 'Door Accessories - WIP', '1-5-14-47', 1, '0', NULL, NULL, 1, 'PSML', '2022-05-10 17:41:07', '2022-06-17 22:34:46'),
(235, 11, 94, 'Glass - Inv', '1-5-11-38', 1, '0', NULL, NULL, 1, 'PSML', '2022-05-10 17:41:54', '2022-05-10 17:41:54'),
(236, 14, 139, 'Glass - WIP', '1-5-14-48', 1, '0', NULL, NULL, 1, 'PSML', '2022-05-10 17:42:17', '2022-06-17 22:34:49'),
(237, 11, 94, 'Site Maintenance  - Inv', '1-5-11-39', 1, '0', NULL, NULL, 1, 'PSML', '2022-05-10 17:44:05', '2022-05-10 17:44:05'),
(238, 14, 139, 'Site Maintenance - WIP', '1-5-14-49', 1, '0', NULL, NULL, 1, 'PSML', '2022-05-10 17:44:32', '2022-06-17 22:34:52'),
(239, 11, 94, 'Solar Power System - Inv', '1-5-11-40', 1, '0', NULL, NULL, 1, 'PSML', '2022-05-10 17:46:02', '2022-05-10 17:46:02'),
(240, 14, 139, 'Solar Power System - WIP', '1-5-14-50', 1, '0', NULL, NULL, 1, 'PSML', '2022-05-10 17:46:21', '2022-06-17 22:34:54'),
(241, 11, 94, 'PABX System - Inv', '1-5-11-41', 1, '0', NULL, NULL, 1, 'PSML', '2022-05-10 17:48:38', '2022-05-10 17:48:38'),
(242, 14, 139, 'PABX System - WIP', '1-5-14-51', 1, '0', NULL, NULL, 1, 'PSML', '2022-05-10 17:48:53', '2022-06-17 22:34:57'),
(243, 11, 94, 'Air Conditioner - Inv', '1-5-11-42', 1, '0', NULL, NULL, 1, 'PSML', '2022-05-10 17:49:44', '2022-05-10 17:49:44'),
(245, 14, 139, 'Air Conditioner - WIP', '1-5-14-52', 1, '0', NULL, NULL, 1, 'PSML', '2022-05-10 17:50:00', '2022-06-17 22:35:00'),
(246, 11, 94, 'IT Accessories - Inv', '1-5-11-43', 1, '0', NULL, NULL, 1, 'PSML', '2022-05-10 17:53:51', '2022-05-10 17:53:51'),
(247, 14, 139, 'IT Accessories - WIP', '1-5-14-53', 1, '0', NULL, NULL, 1, 'PSML', '2022-05-10 17:54:05', '2022-06-17 22:35:02'),
(248, 11, 94, 'Fire Fighting System - Inv', '1-5-11-44', 1, '0', NULL, NULL, 1, 'PSML', '2022-05-10 17:54:29', '2022-05-10 17:54:29'),
(249, 14, 139, 'Fire Fighting System - WIP', '1-5-14-54', 1, '0', NULL, NULL, 1, 'PSML', '2022-05-10 17:54:41', '2022-06-17 22:35:05'),
(250, 11, 94, 'sand - Inv', '1-5-11-45', 1, '0', NULL, NULL, 1, 'PSML', '2022-05-12 18:24:36', '2022-05-12 18:24:36'),
(251, 14, 139, 'Sand - WIP', '1-5-14-55', 1, '0', NULL, NULL, 1, 'PSML', '2022-05-12 18:24:54', '2022-06-17 22:35:09'),
(252, 11, 94, 'Generator - Inv', '1-5-11-46', 1, '0', NULL, NULL, 1, 'PSML', '2022-05-15 20:30:52', '2022-05-15 20:30:52'),
(253, 14, 139, 'Generator - WIP', '1-5-14-56', 1, '0', NULL, NULL, 1, 'PSML', '2022-05-15 20:31:09', '2022-06-17 22:35:11'),
(254, 11, NULL, 'Fuel - Inv', '1-5-11-47', 1, '0', NULL, NULL, 1, 'PSML', '2022-05-15 20:32:04', '2022-05-15 20:32:04'),
(255, 14, 139, 'Fuel - WIP', '1-5-14-57', 1, '0', NULL, NULL, 1, 'PSML', '2022-05-15 20:32:19', '2022-06-17 22:35:14'),
(256, 14, 143, 'Daily Labor Charge-WIP', '1-5-14-58', 1, '0', NULL, NULL, 1, 'PSML', '2022-05-15 21:09:02', '2022-06-17 22:47:34'),
(257, 106, NULL, 'Depriciation-COGS Breezy Terrace', '74-75-106-1', 5, '0', NULL, NULL, 1, 'PSML', '2022-05-15 22:30:58', '2022-05-15 22:33:10'),
(258, 106, NULL, 'Financial Expenses-COGS Breezy Terrace', '74-75-106-2', 5, '0', NULL, NULL, 1, 'PSML', '2022-05-15 22:31:50', '2022-05-15 22:31:50'),
(259, 106, NULL, 'Labor-COGS Breezy Terrace', '74-75-106-3', 5, '0', NULL, NULL, 1, 'PSML', '2022-05-15 22:32:41', '2022-05-15 22:32:41'),
(260, 106, NULL, 'Land & Land Development-COGS Breezy Terrace', '74-75-106-4', 5, '0', NULL, NULL, 1, 'PSML', '2022-05-15 22:33:32', '2022-05-15 22:33:32'),
(261, 106, NULL, 'Materials-COGS Breezy Terrace', '74-75-106-5', 5, '0', NULL, NULL, 1, 'PSML', '2022-05-15 22:33:50', '2022-05-15 22:33:50'),
(262, 106, NULL, 'Project Overhead-COGS Breezy Terrace', '74-75-106-6', 5, '0', NULL, NULL, 1, 'PSML', '2022-05-15 22:34:06', '2022-05-15 22:34:06'),
(263, 106, NULL, 'Salary, Allowance & Benefit-COGS Breezy Terrace', '74-75-106-7', 5, '0', NULL, NULL, 1, 'PSML', '2022-05-15 22:34:24', '2022-05-15 22:34:24'),
(264, 14, 138, 'Civil Construction-Boundary Gate & Fencing', '1-5-14-59', 1, '0', NULL, NULL, 1, 'PSML', '2022-05-16 01:21:04', '2022-06-17 22:29:09'),
(265, 14, 138, 'Civil Construction - Deep Tubewell', '1-5-14-60', 1, '0', NULL, NULL, 1, 'PSML', '2022-05-16 01:21:34', '2022-06-17 22:29:14'),
(266, 14, 138, 'Civil Construction-Earth Removing', '1-5-14-61', 1, '0', NULL, NULL, 1, 'PSML', '2022-05-16 01:21:46', '2022-06-17 22:29:18'),
(267, 14, 138, 'Civil Construction-Electric Work', '1-5-14-62', 1, '0', NULL, NULL, 1, 'PSML', '2022-05-16 01:22:10', '2022-06-17 22:29:22'),
(268, 14, 138, 'Civil Construction-Fencing', '1-5-14-63', 1, '0', NULL, NULL, 1, 'PSML', '2022-05-16 01:22:26', '2022-06-17 22:29:25'),
(269, 14, 138, 'Civil Construction-Labor', '1-5-14-64', 1, '0', NULL, NULL, 1, 'PSML', '2022-05-16 01:22:41', '2022-06-17 22:29:29'),
(270, 14, 138, 'Civil Construction-Pile Work', '1-5-14-65', 1, '0', NULL, NULL, 1, 'PSML', '2022-05-16 01:22:58', '2022-06-17 22:29:32'),
(271, 14, 138, 'Civil Construction-Safety Staging', '1-5-14-66', 1, '0', NULL, NULL, 1, 'PSML', '2022-05-16 01:23:17', '2022-06-17 22:29:35'),
(272, 14, 138, 'Civil Construction-Sanitary & Plumbing Work', '1-5-14-67', 1, '0', NULL, NULL, 1, 'PSML', '2022-05-16 01:23:35', '2022-06-17 22:29:38'),
(273, 14, 138, 'Civil Construction-Steel Bracing', '1-5-14-68', 1, '0', NULL, NULL, 1, 'PSML', '2022-05-16 01:25:09', '2022-06-17 22:29:42'),
(274, 14, 138, 'Civil Construction-Steel Shutter', '1-5-14-70', 1, '0', NULL, NULL, 1, 'PSML', '2022-05-16 01:25:23', '2022-06-17 22:29:45'),
(275, 14, 138, 'Civil Construction - Water Proofing', '1-5-14-71', 1, '0', NULL, NULL, 1, 'PSML', '2022-05-16 01:25:35', '2022-06-17 22:29:48'),
(276, 34, 98, 'FARIYA ENTERPRISE', '26-33-34-10', 2, 'App\\Procurement\\Supplier', 6, NULL, 0, 'PSML', '2022-05-16 17:33:45', '2022-05-16 17:33:45'),
(277, 34, 98, 'LABIB ENTERPRISE', '26-33-34-11', 2, 'App\\Procurement\\Supplier', 7, NULL, 0, 'PSML', '2022-05-16 17:37:49', '2022-05-16 17:37:49'),
(278, 34, 98, 'MAYER DOYA ENTERPRISE', '26-33-34-12', 2, 'App\\Procurement\\Supplier', 8, NULL, 0, 'PSML', '2022-05-16 17:40:31', '2022-05-16 17:40:31'),
(279, 34, 98, 'KAMAL ENTERPRISE', '26-33-34-13', 2, 'App\\Procurement\\Supplier', 9, NULL, 0, 'PSML', '2022-05-16 17:42:47', '2022-05-16 17:42:47'),
(280, 34, 101, 'Hajee Garden Kotir', '26-33-34-14', 2, 'App\\Procurement\\Supplier', 10, NULL, 0, 'PSML', '2022-05-17 11:59:45', '2022-05-17 11:59:45'),
(281, 34, 101, 'M/S. Maya Enterprise', '26-33-34-15', 2, 'App\\Procurement\\Supplier', 11, NULL, 0, 'PSML', '2022-05-17 12:01:07', '2022-05-17 12:01:07'),
(282, 34, 101, 'M/S. Triple M. Enterprise', '26-33-34-16', 2, 'App\\Procurement\\Supplier', 12, NULL, 0, 'PSML', '2022-05-17 12:02:34', '2022-05-17 12:02:34'),
(283, 35, 1, 'Md. Shafaiat Anwar - Ranks Snowdonia - B-5', '26-33-35-92', 2, 'App\\Sells\\Sell', 92, NULL, 0, 'PSML', '2022-05-17 16:43:42', '2022-05-17 16:43:42'),
(284, 35, 1, 'Abu Bakar Mohammed Yamin - Ranks Snowdonia - A-5', '26-33-35-93', 2, 'App\\Sells\\Sell', 93, NULL, 0, 'PSML', '2022-05-17 16:59:34', '2022-05-17 16:59:34'),
(285, 31, NULL, 'Mercantile Bank - SOD - 172000003345', '26-33-31-1', 2, 'App\\Accounts\\Loan', 1, NULL, 0, 'PSML', '2022-05-19 12:03:31', '2022-05-19 12:03:31'),
(286, 87, NULL, 'Bank Interest - Mercantile Bank - SOD - 172000003345', '74-85-87-1', 5, 'App\\Accounts\\Loan', 1, NULL, 0, 'PSML', '2022-05-19 12:03:31', '2022-05-19 12:03:31'),
(287, 109, NULL, 'Service Charge - Income', '48-60-109-1', 4, '0', NULL, NULL, 1, 'PSML', '2022-05-19 12:25:43', '2022-05-19 12:25:43'),
(288, 34, 101, 'RR-Imperial Electricals', '26-33-34-17', 2, 'App\\Procurement\\Supplier', 13, NULL, 0, 'PSML', '2022-05-22 16:53:17', '2022-05-22 16:53:17'),
(289, 34, 101, 'Citizen Cables Ltd.', '26-33-34-18', 2, 'App\\Procurement\\Supplier', 14, NULL, 0, 'PSML', '2022-05-22 16:54:56', '2022-05-22 16:54:56'),
(290, 34, 101, 'SQ Wire & Cable Co. Ltd.', '26-33-34-19', 2, 'App\\Procurement\\Supplier', 15, NULL, 0, 'PSML', '2022-05-22 16:57:39', '2022-05-22 16:57:39'),
(291, 35, 1, 'Soma Datta - Ranks FC Zed Kingsdale - B-7', '26-33-35-94', 2, 'App\\Sells\\Sell', 94, NULL, 0, 'PSML', '2022-05-24 10:22:47', '2022-05-24 10:22:47'),
(292, 35, 1, '1. Md. Belal Ahamed & 2. Zhoura Begum - Ranks FC CK Tower - B-13', '26-33-35-95', 2, 'App\\Sells\\Sell', 95, NULL, 0, 'PSML', '2022-05-30 15:01:10', '2022-05-30 15:01:10'),
(293, 35, 1, 'Nurul Arshad Chowdhury - Rancon FC Casa Crown - A-6', '26-33-35-96', 2, 'App\\Sells\\Sell', 96, NULL, 0, 'PSML', '2022-05-30 15:15:01', '2023-08-30 10:36:05'),
(294, 3, 204, 'Generator', '1-2-3-11', 1, '0', NULL, NULL, 1, 'PSML', '2022-05-30 17:43:34', '2022-05-30 17:43:34'),
(295, 35, 1, 'Shubhash Chandra Roy - Ranks Snowdonia - A-8', '26-33-35-97', 2, 'App\\Sells\\Sell', 97, NULL, 0, 'PSML', '2022-06-05 11:34:38', '2022-06-05 11:34:38'),
(296, 34, 101, 'Cem Readymix Concrete Ltd', '26-33-34-20', 2, 'App\\Procurement\\Supplier', 16, NULL, 0, 'PSML', '2022-06-06 16:44:28', '2022-06-06 16:44:28'),
(297, 34, 101, 'Crown Cement Concrete & Building Product Ltd.', '26-33-34-21', 2, 'App\\Procurement\\Supplier', 17, NULL, 0, 'PSML', '2022-06-06 16:50:10', '2022-06-06 16:50:10');
INSERT INTO `acc_accounts` (`id`, `acc_balance_and_income_line_id`, `parent_account_id`, `account_name`, `account_code`, `account_type`, `accountable_type`, `accountable_id`, `official_code`, `is_archived`, `business_unit`, `created_at`, `updated_at`) VALUES
(298, 34, 101, 'Confidence Cement Ltd (Ready-Mix)', '26-33-34-22', 2, 'App\\Procurement\\Supplier', 18, NULL, 0, 'PSML', '2022-06-06 16:52:54', '2022-06-06 16:52:54'),
(299, 14, 142, 'Bank Charges - WIP', '1-5-14-72', 1, '0', NULL, NULL, 1, 'PSML', '2022-06-06 16:56:33', '2022-06-06 16:56:33'),
(300, 14, 142, 'Bank Interest -WIP', '1-5-14-73', 1, '0', NULL, NULL, 1, 'PSML', '2022-06-06 16:56:51', '2022-06-06 16:56:51'),
(301, 34, 101, 'Bangladesh Steels Re-Rolling Mills Limited', '26-33-34-23', 2, 'App\\Procurement\\Supplier', 19, NULL, 0, 'PSML', '2022-06-08 10:45:19', '2022-06-08 10:45:19'),
(302, 34, 101, 'Baizid Steels Industries Ltd', '26-33-34-24', 2, 'App\\Procurement\\Supplier', 20, NULL, 0, 'PSML', '2022-06-08 10:49:27', '2022-06-08 10:49:27'),
(303, 34, 101, 'GPH Ispat Ltd.', '26-33-34-25', 2, 'App\\Procurement\\Supplier', 21, NULL, 0, 'PSML', '2022-06-08 10:51:32', '2022-06-08 10:51:32'),
(304, 34, 101, 'Golden Ispat Ltd.', '26-33-34-26', 2, 'App\\Procurement\\Supplier', 22, NULL, 0, 'PSML', '2022-06-08 10:58:04', '2022-06-08 10:58:04'),
(305, 7, NULL, 'Cash in Hand', '1-5-7-1', 1, '0', NULL, NULL, 0, 'PSML', '2022-06-09 15:34:35', '2022-06-09 15:34:35'),
(306, 35, 1, 'Muhammad Manjurul Karim - Ranks  FC Snowdonia - A-9', '26-33-35-98', 2, 'App\\Sells\\Sell', 98, NULL, 0, 'PSML', '2022-06-12 11:42:35', '2023-02-14 12:33:03'),
(307, 34, 101, 'Babian Electric Co.', '26-33-34-27', 2, 'App\\Procurement\\Supplier', 23, NULL, 0, 'PSML', '2022-06-14 10:07:13', '2022-06-14 10:07:13'),
(308, 34, 101, 'Kanway Electric Company', '26-33-34-28', 2, 'App\\Procurement\\Supplier', 24, NULL, 0, 'PSML', '2022-06-14 10:21:47', '2022-06-14 10:21:47'),
(309, 34, 101, 'The Light House.', '26-33-34-29', 2, 'App\\Procurement\\Supplier', 25, NULL, 0, 'PSML', '2022-06-14 10:24:47', '2022-06-14 10:24:47'),
(311, 76, NULL, 'Depreciation COGS  -Rancon FC Hill Crest', '74-75-76-1', 5, 'App\\Project', 1, NULL, 0, 'PSML', '2022-06-17 22:23:16', '2023-07-06 12:58:50'),
(312, 76, NULL, 'Financial Expenses COGS  -Rancon FC Hill Crest', '74-75-76-2', 5, 'App\\Project', 1, NULL, 0, 'PSML', '2022-06-17 22:23:16', '2023-07-06 12:58:50'),
(313, 76, NULL, 'Labor COGS  -Rancon FC Hill Crest', '74-75-76-3', 5, 'App\\Project', 1, NULL, 0, 'PSML', '2022-06-17 22:23:16', '2023-07-06 12:58:50'),
(314, 76, NULL, 'Land & Land Development COGS  -Rancon FC Hill Crest', '74-75-76-4', 5, 'App\\Project', 1, NULL, 0, 'PSML', '2022-06-17 22:23:16', '2023-07-06 12:58:50'),
(315, 76, NULL, 'Materials COGS  -Rancon FC Hill Crest', '74-75-76-5', 5, 'App\\Project', 1, NULL, 0, 'PSML', '2022-06-17 22:23:16', '2023-07-06 12:58:50'),
(316, 76, NULL, 'Project Overhead COGS  -Rancon FC Hill Crest', '74-75-76-6', 5, 'App\\Project', 1, NULL, 0, 'PSML', '2022-06-17 22:23:16', '2023-07-06 12:58:50'),
(317, 76, NULL, 'Salary, Allowance & Benefit COGS  -Rancon FC Hill Crest', '74-75-76-7', 5, 'App\\Project', 1, NULL, 0, 'PSML', '2022-06-17 22:23:16', '2023-07-06 12:58:50'),
(318, 76, NULL, 'Sales & Marketing Exp COGS  -Rancon FC Hill Crest', '74-75-76-8', 5, 'App\\Project', 1, NULL, 0, 'PSML', '2022-06-17 22:23:16', '2023-07-06 12:58:50'),
(319, 76, NULL, 'Management Fee COGS  -Rancon FC Hill Crest', '74-75-76-9', 5, 'App\\Project', 1, NULL, 0, 'PSML', '2022-06-17 22:23:16', '2023-07-06 12:58:50'),
(320, 76, NULL, 'Division Fee COGS  -Rancon FC Hill Crest', '74-75-76-10', 5, 'App\\Project', 1, NULL, 0, 'PSML', '2022-06-17 22:23:16', '2023-07-06 12:58:50'),
(321, 77, NULL, 'Depreciation COGS  -Rancon FC KD Anthem', '74-75-77-1', 5, 'App\\Project', 2, NULL, 0, 'PSML', '2022-06-17 22:24:12', '2023-07-06 12:58:32'),
(322, 77, NULL, 'Financial Expenses COGS  -Rancon FC KD Anthem', '74-75-77-2', 5, 'App\\Project', 2, NULL, 0, 'PSML', '2022-06-17 22:24:12', '2023-07-06 12:58:32'),
(323, 77, NULL, 'Labor COGS  -Rancon FC KD Anthem', '74-75-77-3', 5, 'App\\Project', 2, NULL, 0, 'PSML', '2022-06-17 22:24:12', '2023-07-06 12:58:32'),
(324, 77, NULL, 'Land & Land Development COGS  -Rancon FC KD Anthem', '74-75-77-4', 5, 'App\\Project', 2, NULL, 0, 'PSML', '2022-06-17 22:24:12', '2023-07-06 12:58:32'),
(325, 77, NULL, 'Materials COGS  -Rancon FC KD Anthem', '74-75-77-5', 5, 'App\\Project', 2, NULL, 0, 'PSML', '2022-06-17 22:24:12', '2023-07-06 12:58:32'),
(326, 77, NULL, 'Project Overhead COGS  -Rancon FC KD Anthem', '74-75-77-6', 5, 'App\\Project', 2, NULL, 0, 'PSML', '2022-06-17 22:24:12', '2023-07-06 12:58:32'),
(327, 77, NULL, 'Salary, Allowance & Benefit COGS  -Rancon FC KD Anthem', '74-75-77-7', 5, 'App\\Project', 2, NULL, 0, 'PSML', '2022-06-17 22:24:12', '2023-07-06 12:58:32'),
(328, 77, NULL, 'Sales & Marketing Exp COGS  -Rancon FC KD Anthem', '74-75-77-8', 5, 'App\\Project', 2, NULL, 0, 'PSML', '2022-06-17 22:24:12', '2023-07-06 12:58:32'),
(329, 77, NULL, 'Management Fee COGS  -Rancon FC KD Anthem', '74-75-77-9', 5, 'App\\Project', 2, NULL, 0, 'PSML', '2022-06-17 22:24:12', '2023-07-06 12:58:32'),
(330, 77, NULL, 'Division Fee COGS  -Rancon FC KD Anthem', '74-75-77-10', 5, 'App\\Project', 2, NULL, 0, 'PSML', '2022-06-17 22:24:12', '2023-07-06 12:58:32'),
(331, 78, NULL, 'Depreciation COGS  -Rancon FC Park Windsor', '74-75-78-1', 5, 'App\\Project', 3, NULL, 0, 'PSML', '2022-06-17 22:24:25', '2023-07-06 12:58:06'),
(332, 78, NULL, 'Financial Expenses COGS  -Rancon FC Park Windsor', '74-75-78-2', 5, 'App\\Project', 3, NULL, 0, 'PSML', '2022-06-17 22:24:25', '2023-07-06 12:58:06'),
(333, 78, NULL, 'Labor COGS  -Rancon FC Park Windsor', '74-75-78-3', 5, 'App\\Project', 3, NULL, 0, 'PSML', '2022-06-17 22:24:25', '2023-07-06 12:58:06'),
(334, 78, NULL, 'Land & Land Development COGS  -Rancon FC Park Windsor', '74-75-78-4', 5, 'App\\Project', 3, NULL, 0, 'PSML', '2022-06-17 22:24:25', '2023-07-06 12:58:06'),
(335, 78, NULL, 'Materials COGS  -Rancon FC Park Windsor', '74-75-78-5', 5, 'App\\Project', 3, NULL, 0, 'PSML', '2022-06-17 22:24:25', '2023-07-06 12:58:06'),
(336, 78, NULL, 'Project Overhead COGS  -Rancon FC Park Windsor', '74-75-78-6', 5, 'App\\Project', 3, NULL, 0, 'PSML', '2022-06-17 22:24:25', '2023-07-06 12:58:06'),
(337, 78, NULL, 'Salary, Allowance & Benefit COGS  -Rancon FC Park Windsor', '74-75-78-7', 5, 'App\\Project', 3, NULL, 0, 'PSML', '2022-06-17 22:24:25', '2023-07-06 12:58:06'),
(338, 78, NULL, 'Sales & Marketing Exp COGS  -Rancon FC Park Windsor', '74-75-78-8', 5, 'App\\Project', 3, NULL, 0, 'PSML', '2022-06-17 22:24:25', '2023-07-06 12:58:06'),
(339, 78, NULL, 'Management Fee COGS  -Rancon FC Park Windsor', '74-75-78-9', 5, 'App\\Project', 3, NULL, 0, 'PSML', '2022-06-17 22:24:25', '2023-07-06 12:58:06'),
(340, 78, NULL, 'Division Fee COGS  -Rancon FC Park Windsor', '74-75-78-10', 5, 'App\\Project', 3, NULL, 0, 'PSML', '2022-06-17 22:24:25', '2023-07-06 12:58:06'),
(341, 79, NULL, 'Depreciation COGS  -Rancon FC White Oak', '74-75-79-1', 5, 'App\\Project', 4, NULL, 0, 'PSML', '2022-06-17 22:24:31', '2023-07-06 12:57:56'),
(342, 79, NULL, 'Financial Expenses COGS  -Rancon FC White Oak', '74-75-79-2', 5, 'App\\Project', 4, NULL, 0, 'PSML', '2022-06-17 22:24:31', '2023-07-06 12:57:56'),
(343, 79, NULL, 'Labor COGS  -Rancon FC White Oak', '74-75-79-3', 5, 'App\\Project', 4, NULL, 0, 'PSML', '2022-06-17 22:24:31', '2023-07-06 12:57:56'),
(344, 79, NULL, 'Land & Land Development COGS  -Rancon FC White Oak', '74-75-79-4', 5, 'App\\Project', 4, NULL, 0, 'PSML', '2022-06-17 22:24:31', '2023-07-06 12:57:56'),
(345, 79, NULL, 'Materials COGS  -Rancon FC White Oak', '74-75-79-5', 5, 'App\\Project', 4, NULL, 0, 'PSML', '2022-06-17 22:24:31', '2023-07-06 12:57:56'),
(346, 79, NULL, 'Project Overhead COGS  -Rancon FC White Oak', '74-75-79-6', 5, 'App\\Project', 4, NULL, 0, 'PSML', '2022-06-17 22:24:31', '2023-07-06 12:57:56'),
(347, 79, NULL, 'Salary, Allowance & Benefit COGS  -Rancon FC White Oak', '74-75-79-7', 5, 'App\\Project', 4, NULL, 0, 'PSML', '2022-06-17 22:24:31', '2023-07-06 12:57:56'),
(348, 79, NULL, 'Sales & Marketing Exp COGS  -Rancon FC White Oak', '74-75-79-8', 5, 'App\\Project', 4, NULL, 0, 'PSML', '2022-06-17 22:24:31', '2023-07-06 12:57:56'),
(349, 79, NULL, 'Management Fee COGS  -Rancon FC White Oak', '74-75-79-9', 5, 'App\\Project', 4, NULL, 0, 'PSML', '2022-06-17 22:24:31', '2023-07-06 12:57:56'),
(350, 79, NULL, 'Division Fee COGS  -Rancon FC White Oak', '74-75-79-10', 5, 'App\\Project', 4, NULL, 0, 'PSML', '2022-06-17 22:24:31', '2023-07-06 12:57:56'),
(351, 80, NULL, 'Depreciation COGS  -Rancon FC Queens Park', '74-75-80-1', 5, 'App\\Project', 5, NULL, 0, 'PSML', '2022-06-17 22:24:37', '2023-07-06 12:57:25'),
(352, 80, NULL, 'Financial Expenses COGS  -Rancon FC Queens Park', '74-75-80-2', 5, 'App\\Project', 5, NULL, 0, 'PSML', '2022-06-17 22:24:37', '2023-07-06 12:57:25'),
(353, 80, NULL, 'Labor COGS  -Rancon FC Queens Park', '74-75-80-3', 5, 'App\\Project', 5, NULL, 0, 'PSML', '2022-06-17 22:24:37', '2023-07-06 12:57:25'),
(354, 80, NULL, 'Land & Land Development COGS  -Rancon FC Queens Park', '74-75-80-4', 5, 'App\\Project', 5, NULL, 0, 'PSML', '2022-06-17 22:24:37', '2023-07-06 12:57:25'),
(355, 80, NULL, 'Materials COGS  -Rancon FC Queens Park', '74-75-80-5', 5, 'App\\Project', 5, NULL, 0, 'PSML', '2022-06-17 22:24:37', '2023-07-06 12:57:25');
INSERT INTO `acc_accounts` (`id`, `acc_balance_and_income_line_id`, `parent_account_id`, `account_name`, `account_code`, `account_type`, `accountable_type`, `accountable_id`, `official_code`, `is_archived`, `business_unit`, `created_at`, `updated_at`) VALUES
(356, 80, NULL, 'Project Overhead COGS  -Rancon FC Queens Park', '74-75-80-6', 5, 'App\\Project', 5, NULL, 0, 'PSML', '2022-06-17 22:24:37', '2023-07-06 12:57:25'),
(357, 80, NULL, 'Salary, Allowance & Benefit COGS  -Rancon FC Queens Park', '74-75-80-7', 5, 'App\\Project', 5, NULL, 0, 'PSML', '2022-06-17 22:24:37', '2023-07-06 12:57:25'),
(358, 80, NULL, 'Sales & Marketing Exp COGS  -Rancon FC Queens Park', '74-75-80-8', 5, 'App\\Project', 5, NULL, 0, 'PSML', '2022-06-17 22:24:37', '2023-07-06 12:57:25'),
(359, 80, NULL, 'Management Fee COGS  -Rancon FC Queens Park', '74-75-80-9', 5, 'App\\Project', 5, NULL, 0, 'PSML', '2022-06-17 22:24:37', '2023-07-06 12:57:25'),
(360, 80, NULL, 'Division Fee COGS  -Rancon FC Queens Park', '74-75-80-10', 5, 'App\\Project', 5, NULL, 0, 'PSML', '2022-06-17 22:24:37', '2023-07-06 12:57:25'),
(361, 81, NULL, 'Depreciation COGS     -Rancon FC Zed 70', '74-75-81-1', 5, 'App\\Project', 6, NULL, 0, 'PSML', '2022-06-17 22:24:45', '2023-07-06 12:57:11'),
(362, 81, NULL, 'Financial Expenses COGS     -Rancon FC Zed 70', '74-75-81-2', 5, 'App\\Project', 6, NULL, 0, 'PSML', '2022-06-17 22:24:45', '2023-07-06 12:57:11'),
(363, 81, NULL, 'Labor COGS     -Rancon FC Zed 70', '74-75-81-3', 5, 'App\\Project', 6, NULL, 0, 'PSML', '2022-06-17 22:24:45', '2023-07-06 12:57:11'),
(364, 81, NULL, 'Land & Land Development COGS     -Rancon FC Zed 70', '74-75-81-4', 5, 'App\\Project', 6, NULL, 0, 'PSML', '2022-06-17 22:24:45', '2023-07-06 12:57:11'),
(365, 81, NULL, 'Materials COGS     -Rancon FC Zed 70', '74-75-81-5', 5, 'App\\Project', 6, NULL, 0, 'PSML', '2022-06-17 22:24:45', '2023-07-06 12:57:11'),
(366, 81, NULL, 'Project Overhead COGS     -Rancon FC Zed 70', '74-75-81-6', 5, 'App\\Project', 6, NULL, 0, 'PSML', '2022-06-17 22:24:45', '2023-07-06 12:57:11'),
(367, 81, NULL, 'Salary, Allowance & Benefit COGS     -Rancon FC Zed 70', '74-75-81-7', 5, 'App\\Project', 6, NULL, 0, 'PSML', '2022-06-17 22:24:45', '2023-07-06 12:57:11'),
(368, 81, NULL, 'Sales & Marketing Exp COGS     -Rancon FC Zed 70', '74-75-81-8', 5, 'App\\Project', 6, NULL, 0, 'PSML', '2022-06-17 22:24:45', '2023-07-06 12:57:11'),
(369, 81, NULL, 'Management Fee COGS     -Rancon FC Zed 70', '74-75-81-9', 5, 'App\\Project', 6, NULL, 0, 'PSML', '2022-06-17 22:24:45', '2023-07-06 12:57:11'),
(370, 81, NULL, 'Division Fee COGS     -Rancon FC Zed 70', '74-75-81-10', 5, 'App\\Project', 6, NULL, 0, 'PSML', '2022-06-17 22:24:45', '2023-07-06 12:57:11'),
(371, 101, NULL, 'Depreciation COGS  -Rancon FC Park Terrace', '74-75-101-1', 5, 'App\\Project', 7, NULL, 0, 'PSML', '2022-06-17 22:24:50', '2023-07-06 12:56:50'),
(372, 101, NULL, 'Financial Expenses COGS  -Rancon FC Park Terrace', '74-75-101-2', 5, 'App\\Project', 7, NULL, 0, 'PSML', '2022-06-17 22:24:50', '2023-07-06 12:56:50'),
(373, 101, NULL, 'Labor COGS  -Rancon FC Park Terrace', '74-75-101-3', 5, 'App\\Project', 7, NULL, 0, 'PSML', '2022-06-17 22:24:50', '2023-07-06 12:56:50'),
(374, 101, NULL, 'Land & Land Development COGS  -Rancon FC Park Terrace', '74-75-101-4', 5, 'App\\Project', 7, NULL, 0, 'PSML', '2022-06-17 22:24:50', '2023-07-06 12:56:50'),
(375, 101, NULL, 'Materials COGS  -Rancon FC Park Terrace', '74-75-101-5', 5, 'App\\Project', 7, NULL, 0, 'PSML', '2022-06-17 22:24:50', '2023-07-06 12:56:50'),
(376, 101, NULL, 'Project Overhead COGS  -Rancon FC Park Terrace', '74-75-101-6', 5, 'App\\Project', 7, NULL, 0, 'PSML', '2022-06-17 22:24:50', '2023-07-06 12:56:50'),
(377, 101, NULL, 'Salary, Allowance & Benefit COGS  -Rancon FC Park Terrace', '74-75-101-7', 5, 'App\\Project', 7, NULL, 0, 'PSML', '2022-06-17 22:24:50', '2023-07-06 12:56:50'),
(378, 101, NULL, 'Sales & Marketing Exp COGS  -Rancon FC Park Terrace', '74-75-101-8', 5, 'App\\Project', 7, NULL, 0, 'PSML', '2022-06-17 22:24:50', '2023-07-06 12:56:50'),
(379, 101, NULL, 'Management Fee COGS  -Rancon FC Park Terrace', '74-75-101-9', 5, 'App\\Project', 7, NULL, 0, 'PSML', '2022-06-17 22:24:50', '2023-07-06 12:56:50'),
(380, 101, NULL, 'Division Fee COGS  -Rancon FC Park Terrace', '74-75-101-10', 5, 'App\\Project', 7, NULL, 0, 'PSML', '2022-06-17 22:24:50', '2023-07-06 12:56:50'),
(381, 102, NULL, 'Depreciation COGS  -Rancon FC Greenwood', '74-75-102-1', 5, 'App\\Project', 8, NULL, 0, 'PSML', '2022-06-17 22:24:57', '2023-07-06 12:56:30'),
(382, 102, NULL, 'Financial Expenses COGS  -Rancon FC Greenwood', '74-75-102-2', 5, 'App\\Project', 8, NULL, 0, 'PSML', '2022-06-17 22:24:57', '2023-07-06 12:56:30'),
(383, 102, NULL, 'Labor COGS  -Rancon FC Greenwood', '74-75-102-3', 5, 'App\\Project', 8, NULL, 0, 'PSML', '2022-06-17 22:24:57', '2023-07-06 12:56:30'),
(384, 102, NULL, 'Land & Land Development COGS  -Rancon FC Greenwood', '74-75-102-4', 5, 'App\\Project', 8, NULL, 0, 'PSML', '2022-06-17 22:24:57', '2023-07-06 12:56:30'),
(385, 102, NULL, 'Materials COGS  -Rancon FC Greenwood', '74-75-102-5', 5, 'App\\Project', 8, NULL, 0, 'PSML', '2022-06-17 22:24:57', '2023-07-06 12:56:30'),
(386, 102, NULL, 'Project Overhead COGS  -Rancon FC Greenwood', '74-75-102-6', 5, 'App\\Project', 8, NULL, 0, 'PSML', '2022-06-17 22:24:57', '2023-07-06 12:56:30'),
(387, 102, NULL, 'Salary, Allowance & Benefit COGS  -Rancon FC Greenwood', '74-75-102-7', 5, 'App\\Project', 8, NULL, 0, 'PSML', '2022-06-17 22:24:57', '2023-07-06 12:56:30'),
(388, 102, NULL, 'Sales & Marketing Exp COGS  -Rancon FC Greenwood', '74-75-102-8', 5, 'App\\Project', 8, NULL, 0, 'PSML', '2022-06-17 22:24:57', '2023-07-06 12:56:30'),
(389, 102, NULL, 'Management Fee COGS  -Rancon FC Greenwood', '74-75-102-9', 5, 'App\\Project', 8, NULL, 0, 'PSML', '2022-06-17 22:24:57', '2023-07-06 12:56:30'),
(390, 102, NULL, 'Division Fee COGS  -Rancon FC Greenwood', '74-75-102-10', 5, 'App\\Project', 8, NULL, 0, 'PSML', '2022-06-17 22:24:57', '2023-07-06 12:56:30'),
(391, 103, NULL, 'Depreciation COGS   -Rancon FC CK Tower', '74-75-103-1', 5, 'App\\Project', 9, NULL, 0, 'PSML', '2022-06-17 22:25:11', '2023-07-06 12:56:10'),
(392, 103, NULL, 'Financial Expenses COGS   -Rancon FC CK Tower', '74-75-103-2', 5, 'App\\Project', 9, NULL, 0, 'PSML', '2022-06-17 22:25:11', '2023-07-06 12:56:10'),
(393, 103, NULL, 'Labor COGS   -Rancon FC CK Tower', '74-75-103-3', 5, 'App\\Project', 9, NULL, 0, 'PSML', '2022-06-17 22:25:11', '2023-07-06 12:56:10'),
(394, 103, NULL, 'Land & Land Development COGS   -Rancon FC CK Tower', '74-75-103-4', 5, 'App\\Project', 9, NULL, 0, 'PSML', '2022-06-17 22:25:11', '2023-07-06 12:56:10'),
(395, 103, NULL, 'Materials COGS   -Rancon FC CK Tower', '74-75-103-5', 5, 'App\\Project', 9, NULL, 0, 'PSML', '2022-06-17 22:25:11', '2023-07-06 12:56:10'),
(396, 103, NULL, 'Project Overhead COGS   -Rancon FC CK Tower', '74-75-103-6', 5, 'App\\Project', 9, NULL, 0, 'PSML', '2022-06-17 22:25:11', '2023-07-06 12:56:10'),
(397, 103, NULL, 'Salary, Allowance & Benefit COGS   -Rancon FC CK Tower', '74-75-103-7', 5, 'App\\Project', 9, NULL, 0, 'PSML', '2022-06-17 22:25:11', '2023-07-06 12:56:10'),
(398, 103, NULL, 'Sales & Marketing Exp COGS   -Rancon FC CK Tower', '74-75-103-8', 5, 'App\\Project', 9, NULL, 0, 'PSML', '2022-06-17 22:25:11', '2023-07-06 12:56:10'),
(399, 103, NULL, 'Management Fee COGS   -Rancon FC CK Tower', '74-75-103-9', 5, 'App\\Project', 9, NULL, 0, 'PSML', '2022-06-17 22:25:11', '2023-07-06 12:56:10'),
(400, 103, NULL, 'Division Fee COGS   -Rancon FC CK Tower', '74-75-103-10', 5, 'App\\Project', 9, NULL, 0, 'PSML', '2022-06-17 22:25:11', '2023-07-06 12:56:10'),
(401, 104, NULL, 'Depreciation COGS    -Rancon FC Casa Crown', '74-75-104-1', 5, 'App\\Project', 10, NULL, 0, 'PSML', '2022-06-17 22:25:17', '2023-09-19 17:51:42'),
(402, 104, NULL, 'Financial Expenses COGS    -Rancon FC Casa Crown', '74-75-104-2', 5, 'App\\Project', 10, NULL, 0, 'PSML', '2022-06-17 22:25:17', '2023-09-19 17:51:42'),
(403, 104, NULL, 'Labor COGS    -Rancon FC Casa Crown', '74-75-104-3', 5, 'App\\Project', 10, NULL, 0, 'PSML', '2022-06-17 22:25:17', '2023-09-19 17:51:42'),
(404, 104, NULL, 'Land & Land Development COGS    -Rancon FC Casa Crown', '74-75-104-4', 5, 'App\\Project', 10, NULL, 0, 'PSML', '2022-06-17 22:25:17', '2023-09-19 17:51:42'),
(405, 104, NULL, 'Materials COGS    -Rancon FC Casa Crown', '74-75-104-5', 5, 'App\\Project', 10, NULL, 0, 'PSML', '2022-06-17 22:25:17', '2023-09-19 17:51:42'),
(406, 104, NULL, 'Project Overhead COGS    -Rancon FC Casa Crown', '74-75-104-6', 5, 'App\\Project', 10, NULL, 0, 'PSML', '2022-06-17 22:25:17', '2023-09-19 17:51:42'),
(407, 104, NULL, 'Salary, Allowance & Benefit COGS    -Rancon FC Casa Crown', '74-75-104-7', 5, 'App\\Project', 10, NULL, 0, 'PSML', '2022-06-17 22:25:17', '2023-09-19 17:51:42'),
(408, 104, NULL, 'Sales & Marketing Exp COGS    -Rancon FC Casa Crown', '74-75-104-8', 5, 'App\\Project', 10, NULL, 0, 'PSML', '2022-06-17 22:25:17', '2023-09-19 17:51:42'),
(409, 104, NULL, 'Management Fee COGS    -Rancon FC Casa Crown', '74-75-104-9', 5, 'App\\Project', 10, NULL, 0, 'PSML', '2022-06-17 22:25:17', '2023-09-19 17:51:42'),
(410, 104, NULL, 'Division Fee COGS    -Rancon FC Casa Crown', '74-75-104-10', 5, 'App\\Project', 10, NULL, 0, 'PSML', '2022-06-17 22:25:17', '2023-09-19 17:51:42'),
(411, 105, NULL, 'Depreciation COGS  -Rancon FC Khan Plaza', '74-75-105-1', 5, 'App\\Project', 11, NULL, 0, 'PSML', '2022-06-17 22:25:24', '2023-07-06 12:55:32'),
(412, 105, NULL, 'Financial Expenses COGS  -Rancon FC Khan Plaza', '74-75-105-2', 5, 'App\\Project', 11, NULL, 0, 'PSML', '2022-06-17 22:25:24', '2023-07-06 12:55:32'),
(413, 105, NULL, 'Labor COGS  -Rancon FC Khan Plaza', '74-75-105-3', 5, 'App\\Project', 11, NULL, 0, 'PSML', '2022-06-17 22:25:24', '2023-07-06 12:55:32'),
(414, 105, NULL, 'Land & Land Development COGS  -Rancon FC Khan Plaza', '74-75-105-4', 5, 'App\\Project', 11, NULL, 0, 'PSML', '2022-06-17 22:25:24', '2023-07-06 12:55:32'),
(415, 105, NULL, 'Materials COGS  -Rancon FC Khan Plaza', '74-75-105-5', 5, 'App\\Project', 11, NULL, 0, 'PSML', '2022-06-17 22:25:24', '2023-07-06 12:55:32'),
(416, 105, NULL, 'Project Overhead COGS  -Rancon FC Khan Plaza', '74-75-105-6', 5, 'App\\Project', 11, NULL, 0, 'PSML', '2022-06-17 22:25:24', '2023-07-06 12:55:32'),
(417, 105, NULL, 'Salary, Allowance & Benefit COGS  -Rancon FC Khan Plaza', '74-75-105-7', 5, 'App\\Project', 11, NULL, 0, 'PSML', '2022-06-17 22:25:24', '2023-07-06 12:55:32'),
(418, 105, NULL, 'Sales & Marketing Exp COGS  -Rancon FC Khan Plaza', '74-75-105-8', 5, 'App\\Project', 11, NULL, 0, 'PSML', '2022-06-17 22:25:24', '2023-07-06 12:55:32'),
(419, 105, NULL, 'Management Fee COGS  -Rancon FC Khan Plaza', '74-75-105-9', 5, 'App\\Project', 11, NULL, 0, 'PSML', '2022-06-17 22:25:24', '2023-07-06 12:55:32'),
(420, 105, NULL, 'Division Fee COGS  -Rancon FC Khan Plaza', '74-75-105-10', 5, 'App\\Project', 11, NULL, 0, 'PSML', '2022-06-17 22:25:24', '2023-07-06 12:55:32'),
(421, 106, NULL, 'Depreciation COGS      -Rancon FC Novera', '74-75-106-1', 5, 'App\\Project', 12, NULL, 0, 'PSML', '2022-06-17 22:25:30', '2023-08-21 12:45:39'),
(422, 106, NULL, 'Financial Expenses COGS      -Rancon FC Novera', '74-75-106-2', 5, 'App\\Project', 12, NULL, 0, 'PSML', '2022-06-17 22:25:30', '2023-08-21 12:45:39'),
(423, 106, NULL, 'Labor COGS      -Rancon FC Novera', '74-75-106-3', 5, 'App\\Project', 12, NULL, 0, 'PSML', '2022-06-17 22:25:30', '2023-08-21 12:45:39'),
(424, 106, NULL, 'Land & Land Development COGS      -Rancon FC Novera', '74-75-106-4', 5, 'App\\Project', 12, NULL, 0, 'PSML', '2022-06-17 22:25:30', '2023-08-21 12:45:39'),
(425, 106, NULL, 'Materials COGS      -Rancon FC Novera', '74-75-106-5', 5, 'App\\Project', 12, NULL, 0, 'PSML', '2022-06-17 22:25:30', '2023-08-21 12:45:39'),
(426, 106, NULL, 'Project Overhead COGS      -Rancon FC Novera', '74-75-106-6', 5, 'App\\Project', 12, NULL, 0, 'PSML', '2022-06-17 22:25:30', '2023-08-21 12:45:39'),
(427, 106, NULL, 'Salary, Allowance & Benefit COGS      -Rancon FC Novera', '74-75-106-7', 5, 'App\\Project', 12, NULL, 0, 'PSML', '2022-06-17 22:25:30', '2023-08-21 12:45:39'),
(428, 106, NULL, 'Sales & Marketing Exp COGS      -Rancon FC Novera', '74-75-106-8', 5, 'App\\Project', 12, NULL, 0, 'PSML', '2022-06-17 22:25:30', '2023-08-21 12:45:39'),
(429, 106, NULL, 'Management Fee COGS      -Rancon FC Novera', '74-75-106-9', 5, 'App\\Project', 12, NULL, 0, 'PSML', '2022-06-17 22:25:30', '2023-08-21 12:45:39'),
(430, 106, NULL, 'Division Fee COGS      -Rancon FC Novera', '74-75-106-10', 5, 'App\\Project', 12, NULL, 0, 'PSML', '2022-06-17 22:25:30', '2023-08-21 12:45:39'),
(431, 113, NULL, 'Depreciation COGS  -Rancon FC Rosewood', '74-75-113-1', 5, 'App\\Project', 13, NULL, 0, 'PSML', '2022-06-17 22:25:35', '2023-07-06 12:54:47'),
(432, 113, NULL, 'Financial Expenses COGS  -Rancon FC Rosewood', '74-75-113-2', 5, 'App\\Project', 13, NULL, 0, 'PSML', '2022-06-17 22:25:35', '2023-07-06 12:54:47'),
(433, 113, NULL, 'Labor COGS  -Rancon FC Rosewood', '74-75-113-3', 5, 'App\\Project', 13, NULL, 0, 'PSML', '2022-06-17 22:25:35', '2023-07-06 12:54:47'),
(434, 113, NULL, 'Land & Land Development COGS  -Rancon FC Rosewood', '74-75-113-4', 5, 'App\\Project', 13, NULL, 0, 'PSML', '2022-06-17 22:25:35', '2023-07-06 12:54:47'),
(435, 113, NULL, 'Materials COGS  -Rancon FC Rosewood', '74-75-113-5', 5, 'App\\Project', 13, NULL, 0, 'PSML', '2022-06-17 22:25:35', '2023-07-06 12:54:47'),
(436, 113, NULL, 'Project Overhead COGS  -Rancon FC Rosewood', '74-75-113-6', 5, 'App\\Project', 13, NULL, 0, 'PSML', '2022-06-17 22:25:35', '2023-07-06 12:54:47'),
(437, 113, NULL, 'Salary, Allowance & Benefit COGS  -Rancon FC Rosewood', '74-75-113-7', 5, 'App\\Project', 13, NULL, 0, 'PSML', '2022-06-17 22:25:35', '2023-07-06 12:54:47'),
(438, 113, NULL, 'Sales & Marketing Exp COGS  -Rancon FC Rosewood', '74-75-113-8', 5, 'App\\Project', 13, NULL, 0, 'PSML', '2022-06-17 22:25:35', '2023-07-06 12:54:47'),
(439, 113, NULL, 'Management Fee COGS  -Rancon FC Rosewood', '74-75-113-9', 5, 'App\\Project', 13, NULL, 0, 'PSML', '2022-06-17 22:25:35', '2023-07-06 12:54:47'),
(440, 113, NULL, 'Division Fee COGS  -Rancon FC Rosewood', '74-75-113-10', 5, 'App\\Project', 13, NULL, 0, 'PSML', '2022-06-17 22:25:35', '2023-07-06 12:54:47'),
(441, 115, NULL, 'Depreciation COGS  -Rancon FC Omeras', '74-75-115-1', 5, 'App\\Project', 14, NULL, 0, 'PSML', '2022-06-17 22:25:54', '2023-07-06 12:54:30'),
(442, 115, NULL, 'Financial Expenses COGS  -Rancon FC Omeras', '74-75-115-2', 5, 'App\\Project', 14, NULL, 0, 'PSML', '2022-06-17 22:25:54', '2023-07-06 12:54:30'),
(443, 115, NULL, 'Labor COGS  -Rancon FC Omeras', '74-75-115-3', 5, 'App\\Project', 14, NULL, 0, 'PSML', '2022-06-17 22:25:54', '2023-07-06 12:54:30'),
(444, 115, NULL, 'Land & Land Development COGS  -Rancon FC Omeras', '74-75-115-4', 5, 'App\\Project', 14, NULL, 0, 'PSML', '2022-06-17 22:25:54', '2023-07-06 12:54:30'),
(445, 115, NULL, 'Materials COGS  -Rancon FC Omeras', '74-75-115-5', 5, 'App\\Project', 14, NULL, 0, 'PSML', '2022-06-17 22:25:54', '2023-07-06 12:54:30'),
(446, 115, NULL, 'Project Overhead COGS  -Rancon FC Omeras', '74-75-115-6', 5, 'App\\Project', 14, NULL, 0, 'PSML', '2022-06-17 22:25:54', '2023-07-06 12:54:30'),
(447, 115, NULL, 'Salary, Allowance & Benefit COGS  -Rancon FC Omeras', '74-75-115-7', 5, 'App\\Project', 14, NULL, 0, 'PSML', '2022-06-17 22:25:54', '2023-07-06 12:54:30'),
(448, 115, NULL, 'Sales & Marketing Exp COGS  -Rancon FC Omeras', '74-75-115-8', 5, 'App\\Project', 14, NULL, 0, 'PSML', '2022-06-17 22:25:54', '2023-07-06 12:54:30'),
(449, 115, NULL, 'Management Fee COGS  -Rancon FC Omeras', '74-75-115-9', 5, 'App\\Project', 14, NULL, 0, 'PSML', '2022-06-17 22:25:54', '2023-07-06 12:54:30'),
(450, 115, NULL, 'Division Fee COGS  -Rancon FC Omeras', '74-75-115-10', 5, 'App\\Project', 14, NULL, 0, 'PSML', '2022-06-17 22:25:54', '2023-07-06 12:54:30'),
(451, 117, NULL, 'Depreciation COGS    -Rancon FC Oriana', '74-75-117-1', 5, 'App\\Project', 15, NULL, 0, 'PSML', '2022-06-17 22:26:00', '2023-07-06 12:54:18'),
(452, 117, NULL, 'Financial Expenses COGS    -Rancon FC Oriana', '74-75-117-2', 5, 'App\\Project', 15, NULL, 0, 'PSML', '2022-06-17 22:26:00', '2023-07-06 12:54:18'),
(453, 117, NULL, 'Labor COGS    -Rancon FC Oriana', '74-75-117-3', 5, 'App\\Project', 15, NULL, 0, 'PSML', '2022-06-17 22:26:00', '2023-07-06 12:54:18'),
(454, 117, NULL, 'Land & Land Development COGS    -Rancon FC Oriana', '74-75-117-4', 5, 'App\\Project', 15, NULL, 0, 'PSML', '2022-06-17 22:26:00', '2023-07-06 12:54:18'),
(455, 117, NULL, 'Materials COGS    -Rancon FC Oriana', '74-75-117-5', 5, 'App\\Project', 15, NULL, 0, 'PSML', '2022-06-17 22:26:00', '2023-07-06 12:54:18'),
(456, 117, NULL, 'Project Overhead COGS    -Rancon FC Oriana', '74-75-117-6', 5, 'App\\Project', 15, NULL, 0, 'PSML', '2022-06-17 22:26:00', '2023-07-06 12:54:18'),
(457, 117, NULL, 'Salary, Allowance & Benefit COGS    -Rancon FC Oriana', '74-75-117-7', 5, 'App\\Project', 15, NULL, 0, 'PSML', '2022-06-17 22:26:00', '2023-07-06 12:54:18'),
(458, 117, NULL, 'Sales & Marketing Exp COGS    -Rancon FC Oriana', '74-75-117-8', 5, 'App\\Project', 15, NULL, 0, 'PSML', '2022-06-17 22:26:00', '2023-07-06 12:54:18'),
(459, 117, NULL, 'Management Fee COGS    -Rancon FC Oriana', '74-75-117-9', 5, 'App\\Project', 15, NULL, 0, 'PSML', '2022-06-17 22:26:00', '2023-07-06 12:54:18'),
(460, 117, NULL, 'Division Fee COGS    -Rancon FC Oriana', '74-75-117-10', 5, 'App\\Project', 15, NULL, 0, 'PSML', '2022-06-17 22:26:00', '2023-07-06 12:54:18'),
(461, 119, NULL, 'Depreciation COGS   -Rancon  FC Snowdonia', '74-75-119-1', 5, 'App\\Project', 16, NULL, 0, 'PSML', '2022-06-17 22:26:06', '2023-07-06 12:46:44'),
(462, 119, NULL, 'Financial Expenses COGS   -Rancon  FC Snowdonia', '74-75-119-2', 5, 'App\\Project', 16, NULL, 0, 'PSML', '2022-06-17 22:26:06', '2023-07-06 12:46:44'),
(463, 119, NULL, 'Labor COGS   -Rancon  FC Snowdonia', '74-75-119-3', 5, 'App\\Project', 16, NULL, 0, 'PSML', '2022-06-17 22:26:06', '2023-07-06 12:46:44'),
(464, 119, NULL, 'Land & Land Development COGS   -Rancon  FC Snowdonia', '74-75-119-4', 5, 'App\\Project', 16, NULL, 0, 'PSML', '2022-06-17 22:26:06', '2023-07-06 12:46:44'),
(465, 119, NULL, 'Materials COGS   -Rancon  FC Snowdonia', '74-75-119-5', 5, 'App\\Project', 16, NULL, 0, 'PSML', '2022-06-17 22:26:06', '2023-07-06 12:46:44'),
(466, 119, NULL, 'Project Overhead COGS   -Rancon  FC Snowdonia', '74-75-119-6', 5, 'App\\Project', 16, NULL, 0, 'PSML', '2022-06-17 22:26:06', '2023-07-06 12:46:44'),
(467, 119, NULL, 'Salary, Allowance & Benefit COGS   -Rancon  FC Snowdonia', '74-75-119-7', 5, 'App\\Project', 16, NULL, 0, 'PSML', '2022-06-17 22:26:06', '2023-07-06 12:46:44'),
(468, 119, NULL, 'Sales & Marketing Exp COGS   -Rancon  FC Snowdonia', '74-75-119-8', 5, 'App\\Project', 16, NULL, 0, 'PSML', '2022-06-17 22:26:06', '2023-07-06 12:46:44'),
(469, 119, NULL, 'Management Fee COGS   -Rancon  FC Snowdonia', '74-75-119-9', 5, 'App\\Project', 16, NULL, 0, 'PSML', '2022-06-17 22:26:06', '2023-07-06 12:46:44'),
(470, 119, NULL, 'Division Fee COGS   -Rancon  FC Snowdonia', '74-75-119-10', 5, 'App\\Project', 16, NULL, 0, 'PSML', '2022-06-17 22:26:06', '2023-07-06 12:46:44'),
(471, 14, 137, 'Management Fee', '1-5-14-74', 1, '0', NULL, NULL, 0, 'PSML', '2022-06-17 22:44:09', '2022-06-17 22:44:09'),
(472, 14, 137, 'Division Fee', '1-5-14-75', 1, '0', NULL, NULL, 0, 'PSML', '2022-06-17 22:44:37', '2022-06-17 22:44:37'),
(473, 14, 137, 'Architecture Fee', '1-5-14-76', 1, '0', NULL, NULL, 0, 'PSML', '2022-06-17 22:45:05', '2022-06-17 22:45:05'),
(475, 31, NULL, 'Meghna Bank Ltd. - SOD - 008', '26-33-31-2', 2, 'App\\Accounts\\Loan', 2, NULL, 0, 'PSML', '2022-06-20 16:08:55', '2022-06-20 16:08:55'),
(476, 87, NULL, 'Bank Interest - Meghna Bank Ltd. - SOD - 008', '74-85-87-2', 5, 'App\\Accounts\\Loan', 2, NULL, 0, 'PSML', '2022-06-20 16:08:55', '2022-06-20 16:08:55'),
(477, 35, 1, 'Mr. Jasim Uddin - Ranks FC Breezy Terrace - A-6', '26-33-35-99', 2, 'App\\Sells\\Sell', 99, NULL, 0, 'PSML', '2022-06-21 16:51:31', '2022-06-21 16:51:31'),
(478, 35, 1, 'Mr. Mohammed Kashem - Ranks FC Rosewood - B-3', '26-33-35-100', 2, 'App\\Sells\\Sell', 100, NULL, 0, 'PSML', '2022-07-03 17:02:01', '2022-07-03 17:02:01'),
(479, 35, 1, 'Mohammad Anwarul Anis - Ranks FC Queens Park - B-6', '26-33-35-1', 2, 'App\\SellsameTransfer', 1, NULL, 0, 'PSML', '2022-07-07 16:19:56', '2022-07-07 16:19:56'),
(480, 34, 101, 'Shah Cement Industries Ltd', '26-33-34-31', 2, 'App\\Procurement\\Supplier', 27, NULL, 0, 'PSML', '2022-07-18 15:25:00', '2022-07-18 15:25:00'),
(481, 34, 101, 'Romana Enterprise', '26-33-34-32', 2, 'App\\Procurement\\Supplier', 28, NULL, 0, 'PSML', '2022-07-18 15:34:52', '2022-07-18 15:34:52'),
(482, 35, 1, 'Md Yakub - Ranks FC Park Windsor - A-2', '26-33-35-101', 2, 'App\\Sells\\Sell', 101, NULL, 0, 'PSML', '2022-07-21 14:50:53', '2022-07-21 14:50:53'),
(483, 34, 101, 'CEM UPVC LIMITED', '26-33-34-33', 2, 'App\\Procurement\\Supplier', 29, NULL, 0, 'PSML', '2022-07-26 16:52:18', '2022-07-27 16:45:31'),
(484, 34, 101, 'M/S SOMA CONSTRUCTION', '26-33-34-34', 2, 'App\\Procurement\\Supplier', 30, NULL, 0, 'PSML', '2022-07-26 16:56:24', '2022-07-27 10:15:49'),
(485, 34, 101, 'PNL Holdings', '26-33-34-35', 2, 'App\\Procurement\\Supplier', 31, NULL, 0, 'PSML', '2022-07-27 09:47:42', '2022-07-27 09:47:42'),
(486, 34, 101, 'NAILS & WOOD', '26-33-34-36', 2, 'App\\Procurement\\Supplier', 32, NULL, 0, 'PSML', '2022-07-27 11:31:37', '2022-07-27 11:31:37'),
(487, 34, 101, 'PARTEX STAR PARTICLE BOARD MILLS LIMITED', '26-33-34-37', 2, 'App\\Procurement\\Supplier', 33, NULL, 0, 'PSML', '2022-07-27 13:02:46', '2022-07-27 13:02:46'),
(488, 34, 101, 'M/S. JAS ENTERPRISE', '26-33-34-38', 2, 'App\\Procurement\\Supplier', 34, NULL, 0, 'PSML', '2022-07-27 15:23:26', '2022-07-27 15:23:26'),
(489, 34, 101, 'MADINA ENGINEERING WORKS', '26-33-34-39', 2, 'App\\Procurement\\Supplier', 35, NULL, 0, 'PSML', '2022-07-28 10:21:21', '2022-07-28 10:21:21'),
(490, 34, 101, 'Kobir Steel Mills Ltd', '26-33-34-40', 2, 'App\\Procurement\\Supplier', 36, NULL, 0, 'PSML', '2022-07-28 12:41:58', '2022-07-28 12:41:58'),
(491, 34, 101, 'BSRM STEELS LIMITED', '26-33-34-41', 2, 'App\\Procurement\\Supplier', 37, NULL, 0, 'PSML', '2022-07-28 15:44:07', '2022-07-28 15:44:07'),
(492, 34, 101, 'S.A.B AUTO BRICKS IND LTD', '26-33-34-42', 2, 'App\\Procurement\\Supplier', 38, NULL, 0, 'PSML', '2022-07-28 16:33:55', '2022-07-28 16:33:55'),
(493, 34, 101, 'DIAMOND SUPER AUTO BRICKS LTD', '26-33-34-43', 2, 'App\\Procurement\\Supplier', 39, NULL, 0, 'PSML', '2022-07-31 13:15:15', '2022-07-31 13:15:15'),
(494, 34, 101, 'M/S AL MOSTAFA ENGINEERING WORKSHOP', '26-33-34-44', 2, 'App\\Procurement\\Supplier', 40, NULL, 0, 'PSML', '2022-07-31 13:19:31', '2022-07-31 13:19:31'),
(495, 34, 101, 'COOPERTECH', '26-33-34-45', 2, 'App\\Procurement\\Supplier', 41, NULL, 0, 'PSML', '2022-08-02 12:01:11', '2022-08-02 12:01:11'),
(496, 34, 101, 'HOSSAIN LIGHTING', '26-33-34-46', 2, 'App\\Procurement\\Supplier', 42, NULL, 0, 'PSML', '2022-08-02 16:24:09', '2022-08-02 16:24:09'),
(497, 34, 101, 'M/S. AMANAT TIMBER TRADERS', '26-33-34-47', 2, 'App\\Procurement\\Supplier', 43, NULL, 0, 'PSML', '2022-08-02 17:04:08', '2022-08-02 17:04:08'),
(498, 35, 1, 'Shahnaj Jahan Chwodhury - Ranks FC Breezy Terrace - A-4', '26-33-35-102', 2, 'App\\Sells\\Sell', 102, NULL, 0, 'PSML', '2022-08-03 11:16:10', '2022-08-03 11:16:10'),
(499, 34, 101, 'GPH ISPAT LTD', '26-33-34-48', 2, 'App\\Procurement\\Supplier', 44, NULL, 0, 'PSML', '2022-08-03 15:18:03', '2022-08-03 15:18:03'),
(500, 34, 101, 'TILOTTOMA', '26-33-34-49', 2, 'App\\Procurement\\Supplier', 45, NULL, 0, 'PSML', '2022-08-03 15:19:50', '2022-08-03 15:19:50'),
(501, 34, 101, 'S.S STONE HOUSE', '26-33-34-50', 2, 'App\\Procurement\\Supplier', 46, NULL, 0, 'PSML', '2022-08-03 15:27:01', '2022-08-03 15:27:01'),
(502, 34, 101, 'POOL DISTRIBUTION', '26-33-34-51', 2, 'App\\Procurement\\Supplier', 47, NULL, 0, 'PSML', '2022-08-03 17:07:13', '2022-08-03 17:07:13'),
(503, 34, 101, 'S.A COMPUTER\'S & IT', '26-33-34-52', 2, 'App\\Procurement\\Supplier', 48, NULL, 0, 'PSML', '2022-08-04 16:48:09', '2022-08-04 16:48:09'),
(504, 34, 101, 'ASIAN PAINTS', '26-33-34-53', 2, 'App\\Procurement\\Supplier', 49, NULL, 0, 'PSML', '2022-08-07 12:51:48', '2022-08-07 12:51:48'),
(505, 34, 101, 'PARTICLE POINT', '26-33-34-54', 2, 'App\\Procurement\\Supplier', 50, NULL, 0, 'PSML', '2022-08-07 13:05:05', '2022-08-07 13:05:05'),
(506, 34, 101, 'ROYAL CEMENT LIMITED', '26-33-34-55', 2, 'App\\Procurement\\Supplier', 51, NULL, 0, 'PSML', '2022-08-07 13:06:35', '2022-08-07 13:06:35'),
(507, 34, 101, 'MONJIL CONSTRUCTION', '26-33-34-56', 2, 'App\\Procurement\\Supplier', 52, NULL, 0, 'PSML', '2022-08-07 17:46:24', '2022-08-07 17:46:24'),
(508, 34, 101, 'NEW AL-MAKKAH ENGINEERING WORKSHOP', '26-33-34-57', 2, 'App\\Procurement\\Supplier', 53, NULL, 0, 'PSML', '2022-08-07 17:47:50', '2022-08-07 17:47:50'),
(509, 34, 101, 'TAMANNA ENTERPRISE', '26-33-34-58', 2, 'App\\Procurement\\Supplier', 54, NULL, 0, 'PSML', '2022-08-07 17:51:39', '2022-08-07 17:51:39'),
(510, 34, 101, 'LIVING CONSULTANCY & CONSTRUCTION', '26-33-34-59', 2, 'App\\Procurement\\Supplier', 55, NULL, 0, 'PSML', '2022-08-08 11:52:31', '2022-08-08 11:52:31'),
(511, 34, 99, 'AD HOSTAGE', '26-33-34-60', 2, 'App\\Procurement\\Supplier', 56, NULL, 0, 'PSML', '2022-08-08 13:01:37', '2022-08-08 13:01:37'),
(512, 35, 1, 'Muradul Muttakin Faruquee - Ranks FC Hill Crest - A-5', '26-33-35-103', 2, 'App\\Sells\\Sell', 103, NULL, 0, 'PSML', '2022-08-08 13:13:00', '2022-08-08 13:13:00'),
(513, 34, 101, 'S.A.B AUTO BRICKS IND. LTD.', '26-33-34-61', 2, 'App\\Procurement\\Supplier', 57, NULL, 0, 'PSML', '2022-08-10 12:53:44', '2022-08-10 12:53:44'),
(514, 34, 101, 'MODERN ELECTRICAL WORKS LTD', '26-33-34-62', 2, 'App\\Procurement\\Supplier', 58, NULL, 0, 'PSML', '2022-08-10 13:00:14', '2022-08-10 13:00:14'),
(515, 34, 101, 'HOSSAIN ENTERPRISE', '26-33-34-63', 2, 'App\\Procurement\\Supplier', 59, NULL, 0, 'PSML', '2022-08-10 13:02:06', '2022-08-10 13:02:06'),
(516, 34, 101, 'MOHAMMED TRADING', '26-33-34-64', 2, 'App\\Procurement\\Supplier', 60, NULL, 0, 'PSML', '2022-08-10 13:12:02', '2022-08-10 13:12:02'),
(517, 34, 101, 'AAA STONE LTD.', '26-33-34-65', 2, 'App\\Procurement\\Supplier', 61, NULL, 0, 'PSML', '2022-08-10 13:22:40', '2022-08-10 13:22:40'),
(518, 34, 101, 'GREEN GRANITE & MARBLE LTD', '26-33-34-66', 2, 'App\\Procurement\\Supplier', 62, NULL, 0, 'PSML', '2022-08-10 13:25:55', '2022-08-10 13:25:55'),
(519, 34, 101, 'DBL CERAMICS', '26-33-34-67', 2, 'App\\Procurement\\Supplier', 63, NULL, 0, 'PSML', '2022-08-10 13:28:43', '2022-08-10 13:28:43'),
(520, 34, 101, 'RANGS E MART', '26-33-34-68', 2, 'App\\Procurement\\Supplier', 64, NULL, 0, 'PSML', '2022-08-10 15:37:28', '2022-08-10 15:37:28'),
(521, 34, 101, 'ASIAN HI-TECH FABRICATORS', '26-33-34-69', 2, 'App\\Procurement\\Supplier', 65, NULL, 0, 'PSML', '2022-08-10 15:45:15', '2022-08-10 15:45:15'),
(522, 34, 101, 'MULTILINK INTERNATIONAL CO. LTD.', '26-33-34-70', 2, 'App\\Procurement\\Supplier', 66, NULL, 0, 'PSML', '2022-08-10 15:50:00', '2022-08-10 15:50:00'),
(523, 34, 101, 'MODERN ELECTRICAL WORKS LTD.', '26-33-34-71', 2, 'App\\Procurement\\Supplier', 67, NULL, 0, 'PSML', '2022-08-10 15:51:39', '2022-08-10 15:51:39'),
(524, 34, 101, 'LUBNA ENTERPRISE', '26-33-34-72', 2, 'App\\Procurement\\Supplier', 68, NULL, 0, 'PSML', '2022-08-11 12:21:08', '2022-08-11 12:21:08'),
(525, 34, 101, 'DIAMOND CEMENT LIMITED', '26-33-34-73', 2, 'App\\Procurement\\Supplier', 69, NULL, 0, 'PSML', '2022-08-11 12:56:28', '2022-08-11 12:56:28'),
(526, 34, 101, 'FAKHRIS GREEN BUILDING RESOURCES LTD', '26-33-34-74', 2, 'App\\Procurement\\Supplier', 70, NULL, 0, 'PSML', '2022-08-11 13:18:56', '2022-08-11 13:18:56'),
(527, 34, 101, 'MD MINHARUL ISLAM', '26-33-34-75', 2, 'App\\Procurement\\Supplier', 71, NULL, 0, 'PSML', '2022-08-11 16:47:25', '2022-08-11 16:47:25'),
(528, 34, 101, 'JANANI METAL INDUSTRIES', '26-33-34-76', 2, 'App\\Procurement\\Supplier', 72, NULL, 0, 'PSML', '2022-08-11 16:48:59', '2022-08-11 16:48:59'),
(529, 34, 101, 'BARAL CHEMICAL COMPANY', '26-33-34-77', 2, 'App\\Procurement\\Supplier', 73, NULL, 0, 'PSML', '2022-08-11 16:50:11', '2022-08-11 16:50:11'),
(530, 34, 101, 'INSIGNIA BD LTD', '26-33-34-78', 2, 'App\\Procurement\\Supplier', 74, NULL, 0, 'PSML', '2022-08-11 17:10:12', '2022-08-11 17:11:45'),
(531, 34, 101, 'LAFARGE HOLCIM', '26-33-34-79', 2, 'App\\Procurement\\Supplier', 75, NULL, 0, 'PSML', '2022-08-14 11:57:23', '2022-08-14 11:57:23'),
(532, 34, 101, 'ABDUL KADER', '26-33-34-80', 2, 'App\\Procurement\\Supplier', 76, NULL, 0, 'PSML', '2022-08-17 12:01:42', '2022-08-17 12:01:42'),
(533, 34, 101, 'BBS CABLES', '26-33-34-81', 2, 'App\\Procurement\\Supplier', 77, NULL, 0, 'PSML', '2022-08-17 12:05:26', '2022-08-17 12:05:26'),
(534, 34, 101, 'BSM LED', '26-33-34-82', 2, 'App\\Procurement\\Supplier', 78, NULL, 0, 'PSML', '2022-08-17 12:13:47', '2022-08-17 12:13:47'),
(535, 34, 101, 'SOZONI SOIL ENGINEERING', '26-33-34-83', 2, 'App\\Procurement\\Supplier', 79, NULL, 0, 'PSML', '2022-08-17 12:54:07', '2022-08-17 12:54:07'),
(536, 34, 101, 'HAZRAT SHAHJALAL ELECTRIC WORKS', '26-33-34-84', 2, 'App\\Procurement\\Supplier', 80, NULL, 0, 'PSML', '2022-08-17 16:48:29', '2022-08-17 16:48:29'),
(537, 34, 101, 'NATIONAL CEMENT MILLS LIMITED', '26-33-34-85', 2, 'App\\Procurement\\Supplier', 81, NULL, 0, 'PSML', '2022-08-17 16:50:42', '2022-08-17 16:50:42'),
(538, 35, 1, 'Rehena Akter - Ranks FC KD Anthem - A-4', '26-33-35-104', 2, 'App\\Sells\\Sell', 104, NULL, 0, 'PSML', '2022-08-18 10:32:22', '2022-11-05 13:16:13'),
(539, 34, 101, 'S.F ENGINEERING WORKS', '26-33-34-86', 2, 'App\\Procurement\\Supplier', 82, NULL, 0, 'PSML', '2022-08-23 17:05:37', '2022-08-23 17:05:37'),
(540, 34, 101, 'ALAM MOSAIC FASHION', '26-33-34-87', 2, 'App\\Procurement\\Supplier', 83, NULL, 0, 'PSML', '2022-08-23 17:06:59', '2022-08-23 17:06:59'),
(541, 34, 101, 'JAMAL ENTERPRISE', '26-33-34-88', 2, 'App\\Procurement\\Supplier', 84, NULL, 0, 'PSML', '2022-08-23 17:10:32', '2022-08-23 17:10:32'),
(542, 34, 101, 'M/S UNITED ENGINEERING WORKS', '26-33-34-89', 2, 'App\\Procurement\\Supplier', 85, NULL, 0, 'PSML', '2022-08-23 17:15:25', '2022-08-23 17:15:25'),
(543, 34, 101, 'AKIJ CERAMICS', '26-33-34-90', 2, 'App\\Procurement\\Supplier', 86, NULL, 0, 'PSML', '2022-08-23 17:20:53', '2022-08-23 17:20:53'),
(544, 34, 101, 'M/S.Murad Bricks Industries', '26-33-34-91', 2, 'App\\Procurement\\Supplier', 87, NULL, 0, 'PSML', '2022-08-24 13:24:31', '2022-08-24 13:24:31'),
(545, 34, 101, 'M/S.Noor International', '26-33-34-92', 2, 'App\\Procurement\\Supplier', 88, NULL, 0, 'PSML', '2022-08-24 14:27:59', '2022-08-24 14:27:59'),
(546, 34, 101, 'ROYAL BENGAL AGENCIES', '26-33-34-93', 2, 'App\\Procurement\\Supplier', 89, NULL, 0, 'PSML', '2022-08-24 15:06:57', '2022-08-24 15:06:57'),
(547, 34, 101, 'FARAS CLEANING MAINTENANCE', '26-33-34-94', 2, 'App\\Procurement\\Supplier', 90, NULL, 0, 'PSML', '2022-08-25 12:40:07', '2022-08-25 12:40:07'),
(548, 34, 101, 'M/S AMANAT TIMBER TRADERS', '26-33-34-95', 2, 'App\\Procurement\\Supplier', 91, NULL, 0, 'PSML', '2022-08-25 12:41:27', '2022-08-25 12:41:27'),
(549, 34, 101, 'SHAHABUDDIN ENTERPRISE', '26-33-34-96', 2, 'App\\Procurement\\Supplier', 92, NULL, 0, 'PSML', '2022-08-29 13:22:33', '2022-08-29 13:22:33'),
(550, 35, 1, 'Dr. Nazrul Hoque - Ranks FC Khan Plaza - A-13', '26-33-35-105', 2, 'App\\Sells\\Sell', 105, NULL, 0, 'PSML', '2022-08-30 14:52:02', '2022-08-30 14:52:02'),
(551, 35, 1, 'Mohammed Iqbal Faruk - Ranks FC Z70 - B-5', '26-33-35-106', 2, 'App\\Sells\\Sell', 106, NULL, 0, 'PSML', '2022-08-30 18:18:08', '2022-08-30 18:18:08'),
(552, 34, 101, 'MN Trading', '26-33-34-97', 2, 'App\\Procurement\\Supplier', 93, NULL, 0, 'PSML', '2022-08-31 12:15:48', '2022-08-31 12:15:48'),
(553, 120, NULL, 'Depreciation COGS -Ranks FC Omz', '74-75-120-1', 5, 'App\\Project', 17, NULL, 0, 'PSML', '2022-09-07 11:00:18', '2022-09-07 11:00:18'),
(554, 120, NULL, 'Financial Expenses COGS -Ranks FC Omz', '74-75-120-2', 5, 'App\\Project', 17, NULL, 0, 'PSML', '2022-09-07 11:00:18', '2022-09-07 11:00:18'),
(555, 120, NULL, 'Labor COGS -Ranks FC Omz', '74-75-120-3', 5, 'App\\Project', 17, NULL, 0, 'PSML', '2022-09-07 11:00:18', '2022-09-07 11:00:18'),
(556, 120, NULL, 'Land & Land Development COGS -Ranks FC Omz', '74-75-120-4', 5, 'App\\Project', 17, NULL, 0, 'PSML', '2022-09-07 11:00:18', '2022-09-07 11:00:18'),
(557, 120, NULL, 'Materials COGS -Ranks FC Omz', '74-75-120-5', 5, 'App\\Project', 17, NULL, 0, 'PSML', '2022-09-07 11:00:18', '2022-09-07 11:00:18'),
(558, 120, NULL, 'Project Overhead COGS -Ranks FC Omz', '74-75-120-6', 5, 'App\\Project', 17, NULL, 0, 'PSML', '2022-09-07 11:00:18', '2022-09-07 11:00:18'),
(559, 120, NULL, 'Salary, Allowance & Benefit COGS -Ranks FC Omz', '74-75-120-7', 5, 'App\\Project', 17, NULL, 0, 'PSML', '2022-09-07 11:00:18', '2022-09-07 11:00:18'),
(560, 120, NULL, 'Sales & Marketing Exp COGS -Ranks FC Omz', '74-75-120-8', 5, 'App\\Project', 17, NULL, 0, 'PSML', '2022-09-07 11:00:18', '2022-09-07 11:00:18'),
(561, 120, NULL, 'Management Fee COGS -Ranks FC Omz', '74-75-120-9', 5, 'App\\Project', 17, NULL, 0, 'PSML', '2022-09-07 11:00:18', '2022-09-07 11:00:18'),
(562, 120, NULL, 'Division Fee COGS -Ranks FC Omz', '74-75-120-10', 5, 'App\\Project', 17, NULL, 0, 'PSML', '2022-09-07 11:00:18', '2022-09-07 11:00:18'),
(563, 35, 1, 'Mohammed Yousuf - Rancon FC Casa Crown - A-8', '26-33-35-107', 2, 'App\\Sells\\Sell', 107, NULL, 0, 'PSML', '2022-09-08 09:59:23', '2023-08-30 10:43:01'),
(564, 35, 1, 'Mr. Abul Hasnat Md Belal - Ranks FC Rosewood - C-2', '26-33-35-108', 2, 'App\\Sells\\Sell', 108, NULL, 0, 'PSML', '2022-09-08 10:07:11', '2022-09-08 10:07:11'),
(565, 35, 1, 'Mr. Abul Hasnat Md Belal - Ranks FC Rosewood - D-2', '26-33-35-109', 2, 'App\\Sells\\Sell', 109, NULL, 0, 'PSML', '2022-09-08 10:25:01', '2022-09-08 10:25:01'),
(566, 34, 101, 'GARDEN TEAM', '26-33-34-98', 2, 'App\\Procurement\\Supplier', 94, NULL, 0, 'PSML', '2022-09-19 12:15:29', '2022-09-19 12:15:29'),
(567, 34, 101, 'M/S. TRIPLE M ENTERPRISE', '26-33-34-99', 2, 'App\\Procurement\\Supplier', 95, NULL, 0, 'PSML', '2022-09-19 16:34:51', '2022-09-19 16:34:51'),
(568, 34, 97, 'MD ARADATH HOSSAIN', '26-33-34-100', 2, 'App\\Procurement\\Supplier', 96, NULL, 0, 'PSML', '2022-09-21 18:02:24', '2022-09-21 18:02:24'),
(569, 34, 101, 'M/S SADAF CONSTRUCTION', '26-33-34-101', 2, 'App\\Procurement\\Supplier', 97, NULL, 0, 'PSML', '2022-09-22 16:07:05', '2022-09-22 16:07:05'),
(570, 34, 101, 'MD JAMAL UDDIN', '26-33-34-102', 2, 'App\\Procurement\\Supplier', 98, NULL, 0, 'PSML', '2022-09-22 16:13:39', '2022-09-22 16:13:39'),
(571, 34, 101, 'PARTEX', '26-33-34-103', 2, 'App\\Procurement\\Supplier', 99, NULL, 0, 'PSML', '2022-09-25 11:29:33', '2022-09-25 11:29:33'),
(572, 34, 101, 'SAJAN INTERNATIONAL PVT. LTD', '26-33-34-104', 2, 'App\\Procurement\\Supplier', 100, NULL, 0, 'PSML', '2022-09-25 11:32:25', '2022-09-25 11:32:25'),
(573, 122, NULL, 'Depreciation COGS -Rankf FC K70', '74-75-122-1', 5, 'App\\Project', 18, NULL, 0, 'PSML', '2022-09-27 12:26:39', '2022-09-27 12:26:39'),
(574, 122, NULL, 'Financial Expenses COGS -Rankf FC K70', '74-75-122-2', 5, 'App\\Project', 18, NULL, 0, 'PSML', '2022-09-27 12:26:39', '2022-09-27 12:26:39'),
(575, 122, NULL, 'Labor COGS -Rankf FC K70', '74-75-122-3', 5, 'App\\Project', 18, NULL, 0, 'PSML', '2022-09-27 12:26:39', '2022-09-27 12:26:39'),
(576, 122, NULL, 'Land & Land Development COGS -Rankf FC K70', '74-75-122-4', 5, 'App\\Project', 18, NULL, 0, 'PSML', '2022-09-27 12:26:39', '2022-09-27 12:26:39'),
(577, 122, NULL, 'Materials COGS -Rankf FC K70', '74-75-122-5', 5, 'App\\Project', 18, NULL, 0, 'PSML', '2022-09-27 12:26:39', '2022-09-27 12:26:39'),
(578, 122, NULL, 'Project Overhead COGS -Rankf FC K70', '74-75-122-6', 5, 'App\\Project', 18, NULL, 0, 'PSML', '2022-09-27 12:26:39', '2022-09-27 12:26:39'),
(579, 122, NULL, 'Salary, Allowance & Benefit COGS -Rankf FC K70', '74-75-122-7', 5, 'App\\Project', 18, NULL, 0, 'PSML', '2022-09-27 12:26:39', '2022-09-27 12:26:39'),
(580, 122, NULL, 'Sales & Marketing Exp COGS -Rankf FC K70', '74-75-122-8', 5, 'App\\Project', 18, NULL, 0, 'PSML', '2022-09-27 12:26:39', '2022-09-27 12:26:39'),
(581, 122, NULL, 'Management Fee COGS -Rankf FC K70', '74-75-122-9', 5, 'App\\Project', 18, NULL, 0, 'PSML', '2022-09-27 12:26:39', '2022-09-27 12:26:39'),
(582, 122, NULL, 'Division Fee COGS -Rankf FC K70', '74-75-122-10', 5, 'App\\Project', 18, NULL, 0, 'PSML', '2022-09-27 12:26:39', '2022-09-27 12:26:39'),
(583, 34, 98, 'In Depth Drill & Infra (IDDI) service', '26-33-34-105', 2, 'App\\Procurement\\Supplier', 101, NULL, 0, 'PSML', '2022-09-27 13:58:51', '2022-09-27 13:58:51'),
(584, 34, 98, 'Azmain Traders', '26-33-34-106', 2, 'App\\Procurement\\Supplier', 102, NULL, 0, 'PSML', '2022-09-27 14:06:50', '2022-09-27 14:06:50'),
(585, 34, 98, 'The Zia & Brothers', '26-33-34-107', 2, 'App\\Procurement\\Supplier', 103, NULL, 0, 'PSML', '2022-09-27 14:11:21', '2022-09-27 14:11:21'),
(586, 34, 101, 'NDE READYMIX CONCRETE LTD', '26-33-34-108', 2, 'App\\Procurement\\Supplier', 104, NULL, 0, 'PSML', '2022-10-31 11:35:31', '2022-10-31 11:35:31'),
(587, 35, 1, 'Muradul Muttakin Faruquee - Ranks FC Hill Crest - C-6', '26-33-35-110', 2, 'App\\Sells\\Sell', 110, NULL, 0, 'PSML', '2022-11-22 17:17:47', '2022-11-22 17:17:47'),
(588, 34, 101, 'M/S salman & Brothers', '26-33-34-109', 2, 'App\\Procurement\\Supplier', 105, NULL, 0, 'PSML', '2022-11-27 11:42:25', '2022-11-27 11:42:25'),
(589, 34, 101, 'M/S Imam Enterprise', '26-33-34-110', 2, 'App\\Procurement\\Supplier', 106, NULL, 0, 'PSML', '2022-11-27 11:48:35', '2022-11-27 11:48:35'),
(590, 34, 101, 'Suruj Enterprise', '26-33-34-111', 2, 'App\\Procurement\\Supplier', 107, NULL, 0, 'PSML', '2022-11-27 11:51:23', '2022-11-27 11:51:23'),
(591, 34, 101, 'LOBNA ENTERPRISE', '26-33-34-112', 2, 'App\\Procurement\\Supplier', 108, NULL, 0, 'PSML', '2022-12-15 12:25:07', '2022-12-15 12:25:07'),
(592, 34, 101, 'AYAN ENTERPRISE', '26-33-34-113', 2, 'App\\Procurement\\Supplier', 109, NULL, 0, 'PSML', '2022-12-18 15:07:19', '2022-12-18 15:07:19'),
(593, 34, 101, 'M/S JANANY BUILDERS', '26-33-34-114', 2, 'App\\Procurement\\Supplier', 110, NULL, 0, 'PSML', '2022-12-18 15:10:56', '2022-12-18 15:10:56'),
(594, 34, 101, 'HALIMA CONSTRUCTION', '26-33-34-115', 2, 'App\\Procurement\\Supplier', 111, NULL, 0, 'PSML', '2022-12-18 15:13:47', '2022-12-18 15:13:47'),
(595, 34, 101, 'M/S SHAHJAHAN CONSTRUCTION (FARM)', '26-33-34-116', 2, 'App\\Procurement\\Supplier', 112, NULL, 0, 'PSML', '2022-12-18 15:19:26', '2022-12-18 15:19:26'),
(596, 35, 1, 'Dr. Muhammad Shahidul Alam - Ranks FC Rosewood - D-10', '26-33-35-111', 2, 'App\\Sells\\Sell', 111, NULL, 0, 'PSML', '2022-12-19 11:23:35', '2022-12-19 11:23:35'),
(597, 34, 101, 'BRB CABLE INDUSTRIES LTD', '26-33-34-117', 2, 'App\\Procurement\\Supplier', 113, NULL, 0, 'PSML', '2022-12-19 12:12:46', '2022-12-19 12:12:46'),
(598, 34, 101, 'PARTEX CABLES LTD.', '26-33-34-118', 2, 'App\\Procurement\\Supplier', 114, NULL, 0, 'PSML', '2022-12-19 12:25:17', '2022-12-19 12:25:17'),
(599, 35, 1, '1. Mr. Mohammed Jane Alam & 2. Mrs. Hasina Begum Saima - Ranks FC Z70 - B-3', '26-33-35-112', 2, 'App\\Sells\\Sell', 112, NULL, 0, 'PSML', '2022-12-26 18:21:25', '2022-12-26 18:21:25'),
(600, 124, NULL, 'Depreciation COGS    -Rancon FC White Opal', '74-75-124-1', 5, 'App\\Project', 19, NULL, 0, 'PSML', '2023-01-10 15:47:59', '2023-07-06 12:46:28'),
(601, 124, NULL, 'Financial Expenses COGS    -Rancon FC White Opal', '74-75-124-2', 5, 'App\\Project', 19, NULL, 0, 'PSML', '2023-01-10 15:47:59', '2023-07-06 12:46:28'),
(602, 124, NULL, 'Labor COGS    -Rancon FC White Opal', '74-75-124-3', 5, 'App\\Project', 19, NULL, 0, 'PSML', '2023-01-10 15:47:59', '2023-07-06 12:46:28'),
(603, 124, NULL, 'Land & Land Development COGS    -Rancon FC White Opal', '74-75-124-4', 5, 'App\\Project', 19, NULL, 0, 'PSML', '2023-01-10 15:47:59', '2023-07-06 12:46:28'),
(604, 124, NULL, 'Materials COGS    -Rancon FC White Opal', '74-75-124-5', 5, 'App\\Project', 19, NULL, 0, 'PSML', '2023-01-10 15:47:59', '2023-07-06 12:46:28'),
(605, 124, NULL, 'Project Overhead COGS    -Rancon FC White Opal', '74-75-124-6', 5, 'App\\Project', 19, NULL, 0, 'PSML', '2023-01-10 15:47:59', '2023-07-06 12:46:29'),
(606, 124, NULL, 'Salary, Allowance & Benefit COGS    -Rancon FC White Opal', '74-75-124-7', 5, 'App\\Project', 19, NULL, 0, 'PSML', '2023-01-10 15:47:59', '2023-07-06 12:46:29'),
(607, 124, NULL, 'Sales & Marketing Exp COGS    -Rancon FC White Opal', '74-75-124-8', 5, 'App\\Project', 19, NULL, 0, 'PSML', '2023-01-10 15:47:59', '2023-07-06 12:46:29'),
(608, 124, NULL, 'Management Fee COGS    -Rancon FC White Opal', '74-75-124-9', 5, 'App\\Project', 19, NULL, 0, 'PSML', '2023-01-10 15:47:59', '2023-07-06 12:46:29'),
(609, 124, NULL, 'Division Fee COGS    -Rancon FC White Opal', '74-75-124-10', 5, 'App\\Project', 19, NULL, 0, 'PSML', '2023-01-10 15:47:59', '2023-07-06 12:46:29'),
(610, 35, 1, 'Md. Abu Tariok - Ranks FC Omeras - A-3', '26-33-35-113', 2, 'App\\Sells\\Sell', 113, NULL, 0, 'PSML', '2023-01-18 11:35:01', '2023-01-18 11:35:01'),
(611, 35, 1, 'Md. Maksudur Rahman - Ranks  FC Snowdonia - B-3', '26-33-35-114', 2, 'App\\Sells\\Sell', 114, NULL, 0, 'PSML', '2023-01-18 13:55:20', '2023-01-18 13:55:20'),
(612, 35, 1, 'Mr. Mohammed Azad Meah - Rancon FC Casa Crown - A-4', '26-33-35-115', 2, 'App\\Sells\\Sell', 115, NULL, 0, 'PSML', '2023-01-18 17:30:43', '2023-08-29 12:06:24'),
(613, 35, 1, 'Mohammad Ibrahim - Lucky - Ranks FC Oriana - B-11', '26-33-35-116', 2, 'App\\Sells\\Sell', 116, NULL, 0, 'PSML', '2023-01-18 18:03:03', '2023-01-18 18:03:03'),
(614, 126, NULL, 'Depreciation COGS   -Rancon FC Ornella', '74-75-126-1', 5, 'App\\Project', 20, NULL, 0, 'PSML', '2023-02-14 17:31:45', '2023-07-06 12:43:38'),
(615, 126, NULL, 'Financial Expenses COGS   -Rancon FC Ornella', '74-75-126-2', 5, 'App\\Project', 20, NULL, 0, 'PSML', '2023-02-14 17:31:45', '2023-07-06 12:43:38'),
(616, 126, NULL, 'Labor COGS   -Rancon FC Ornella', '74-75-126-3', 5, 'App\\Project', 20, NULL, 0, 'PSML', '2023-02-14 17:31:45', '2023-07-06 12:43:38'),
(617, 126, NULL, 'Land & Land Development COGS   -Rancon FC Ornella', '74-75-126-4', 5, 'App\\Project', 20, NULL, 0, 'PSML', '2023-02-14 17:31:45', '2023-07-06 12:43:38'),
(618, 126, NULL, 'Materials COGS   -Rancon FC Ornella', '74-75-126-5', 5, 'App\\Project', 20, NULL, 0, 'PSML', '2023-02-14 17:31:45', '2023-07-06 12:43:38'),
(619, 126, NULL, 'Project Overhead COGS   -Rancon FC Ornella', '74-75-126-6', 5, 'App\\Project', 20, NULL, 0, 'PSML', '2023-02-14 17:31:45', '2023-07-06 12:43:38'),
(620, 126, NULL, 'Salary, Allowance & Benefit COGS   -Rancon FC Ornella', '74-75-126-7', 5, 'App\\Project', 20, NULL, 0, 'PSML', '2023-02-14 17:31:45', '2023-07-06 12:43:38'),
(621, 126, NULL, 'Sales & Marketing Exp COGS   -Rancon FC Ornella', '74-75-126-8', 5, 'App\\Project', 20, NULL, 0, 'PSML', '2023-02-14 17:31:45', '2023-07-06 12:43:38'),
(622, 126, NULL, 'Management Fee COGS   -Rancon FC Ornella', '74-75-126-9', 5, 'App\\Project', 20, NULL, 0, 'PSML', '2023-02-14 17:31:45', '2023-07-06 12:43:38'),
(623, 126, NULL, 'Division Fee COGS   -Rancon FC Ornella', '74-75-126-10', 5, 'App\\Project', 20, NULL, 0, 'PSML', '2023-02-14 17:31:45', '2023-07-06 12:43:38'),
(624, 128, NULL, 'Depreciation COGS   -Rancon FC Elmore', '74-75-128-1', 5, 'App\\Project', 21, NULL, 0, 'PSML', '2023-02-15 11:26:08', '2023-10-25 12:31:01'),
(625, 128, NULL, 'Financial Expenses COGS   -Rancon FC Elmore', '74-75-128-2', 5, 'App\\Project', 21, NULL, 0, 'PSML', '2023-02-15 11:26:08', '2023-10-25 12:31:01'),
(626, 128, NULL, 'Labor COGS   -Rancon FC Elmore', '74-75-128-3', 5, 'App\\Project', 21, NULL, 0, 'PSML', '2023-02-15 11:26:08', '2023-10-25 12:31:01'),
(627, 128, NULL, 'Land & Land Development COGS   -Rancon FC Elmore', '74-75-128-4', 5, 'App\\Project', 21, NULL, 0, 'PSML', '2023-02-15 11:26:08', '2023-10-25 12:31:01'),
(628, 128, NULL, 'Materials COGS   -Rancon FC Elmore', '74-75-128-5', 5, 'App\\Project', 21, NULL, 0, 'PSML', '2023-02-15 11:26:08', '2023-10-25 12:31:01'),
(629, 128, NULL, 'Project Overhead COGS   -Rancon FC Elmore', '74-75-128-6', 5, 'App\\Project', 21, NULL, 0, 'PSML', '2023-02-15 11:26:08', '2023-10-25 12:31:01'),
(630, 128, NULL, 'Salary, Allowance & Benefit COGS   -Rancon FC Elmore', '74-75-128-7', 5, 'App\\Project', 21, NULL, 0, 'PSML', '2023-02-15 11:26:08', '2023-10-25 12:31:01'),
(631, 128, NULL, 'Sales & Marketing Exp COGS   -Rancon FC Elmore', '74-75-128-8', 5, 'App\\Project', 21, NULL, 0, 'PSML', '2023-02-15 11:26:08', '2023-10-25 12:31:01'),
(632, 128, NULL, 'Management Fee COGS   -Rancon FC Elmore', '74-75-128-9', 5, 'App\\Project', 21, NULL, 0, 'PSML', '2023-02-15 11:26:08', '2023-10-25 12:31:01'),
(633, 128, NULL, 'Division Fee COGS   -Rancon FC Elmore', '74-75-128-10', 5, 'App\\Project', 21, NULL, 0, 'PSML', '2023-02-15 11:26:08', '2023-10-25 12:31:01'),
(634, 35, 1, 'Hussaini Enayet Hussain - Ranks FC Khan Plaza - A-2', '26-33-35-117', 2, 'App\\Sells\\Sell', 117, NULL, 0, 'PSML', '2023-02-27 17:34:39', '2023-02-27 17:34:39'),
(635, 14, 139, 'MS Pipe & Fitting - WIP', '1-5-14-77', 1, '0', NULL, NULL, 0, 'PSML', '2023-02-28 10:21:15', '2023-02-28 10:27:35'),
(636, 11, 94, 'MS Pipe & Fitting - Inv', '1-5-11-48', 1, '0', NULL, NULL, 0, 'PSML', '2023-02-28 10:27:51', '2023-02-28 10:27:51'),
(637, 34, 98, 'MGDC', '26-33-34-119', 2, 'App\\Procurement\\Supplier', 115, NULL, 0, 'PSML', '2023-03-01 11:18:08', '2023-03-01 11:18:08'),
(638, 35, 1, 'Mrs. Nurjahan Begum Rimu - Ranks FC Novera - A-2', '26-33-35-118', 2, 'App\\Sells\\Sell', 118, NULL, 0, 'PSML', '2023-03-02 16:48:13', '2023-03-02 16:48:13'),
(639, 35, 2, 'DC - Dr. Md. Harunor Rashid Chowdhury - Ranks FC Zed 70 - A-3', '26-33-35-608', 2, 'App\\SalesCollection', 608, NULL, 0, 'PSML', '2023-03-09 13:35:34', '2023-03-09 13:35:34'),
(640, 35, 3, 'MC - Dr. Md. Harunor Rashid Chowdhury - Ranks FC Zed 70 - A-3', '26-33-35-', 2, 'App\\SalesCollection', 608, NULL, 0, 'PSML', '2023-03-09 13:35:34', '2023-03-09 13:35:34'),
(641, 34, 101, 'M/S. Saleha Furniture Mart', '26-33-34-120', 2, 'App\\Procurement\\Supplier', 116, NULL, 0, 'PSML', '2023-03-14 10:36:55', '2023-03-14 10:36:55'),
(642, 34, 101, 'The Nupur Furniture', '26-33-34-121', 2, 'App\\Procurement\\Supplier', 117, NULL, 0, 'PSML', '2023-03-14 10:40:14', '2023-03-14 10:40:14'),
(643, 34, 99, 'The Business Standard', '26-33-34-122', 2, 'App\\Procurement\\Supplier', 118, NULL, 0, 'PSML', '2023-03-15 10:59:31', '2023-03-15 10:59:31'),
(644, 34, 101, 'Fresh Air Engineering Works', '26-33-34-123', 2, 'App\\Procurement\\Supplier', 119, NULL, 0, 'PSML', '2023-03-15 11:01:42', '2023-03-15 11:01:42'),
(645, 34, 101, 'Meem Electronics', '26-33-34-124', 2, 'App\\Procurement\\Supplier', 120, NULL, 0, 'PSML', '2023-03-15 11:04:56', '2023-03-15 11:04:56'),
(646, 34, 101, 'Teco Electronics', '26-33-34-125', 2, 'App\\Procurement\\Supplier', 121, NULL, 0, 'PSML', '2023-03-15 11:07:01', '2023-03-15 11:07:01'),
(647, 34, 98, 'Schindller lift Bangladesh', '26-33-34-126', 2, 'App\\Procurement\\Supplier', 122, NULL, 0, 'PSML', '2023-03-15 13:35:46', '2023-03-15 13:35:46'),
(648, 34, 99, 'SAMAKAL', '26-33-34-127', 2, 'App\\Procurement\\Supplier', 123, NULL, 0, 'PSML', '2023-03-15 13:49:53', '2023-03-15 13:49:53'),
(649, 34, 98, 'AEIOU', '26-33-34-128', 2, 'App\\Procurement\\Supplier', 124, NULL, 0, 'PSML', '2023-03-15 16:29:07', '2023-03-15 16:29:07'),
(650, 34, 98, 'AFIFA SANTARY', '26-33-34-129', 2, 'App\\Procurement\\Supplier', 125, NULL, 0, 'PSML', '2023-03-15 16:50:26', '2023-03-15 16:50:26'),
(651, 34, 98, 'SAM SERVICES', '26-33-34-130', 2, 'App\\Procurement\\Supplier', 126, NULL, 0, 'PSML', '2023-03-15 16:59:51', '2023-03-15 16:59:51'),
(652, 34, 98, 'CROSS WORLD POWER LIMITED', '26-33-34-131', 2, 'App\\Procurement\\Supplier', 127, NULL, 0, 'PSML', '2023-03-16 16:09:35', '2023-03-16 16:09:35'),
(653, 34, 98, 'FABRICRAFT LTD', '26-33-34-132', 2, 'App\\Procurement\\Supplier', 128, NULL, 0, 'PSML', '2023-03-16 16:19:32', '2023-03-16 16:19:32'),
(654, 34, 98, 'SAMIA ENTERPRISE', '26-33-34-132', 2, 'App\\Procurement\\Supplier', 129, NULL, 0, 'PSML', '2023-03-16 16:20:31', '2023-03-16 16:20:31'),
(655, 34, 96, 'ATLAS RANGS PLAZA OWNERS ASSOCIATION', '26-33-34-133', 2, 'App\\Procurement\\Supplier', 130, NULL, 0, 'PSML', '2023-03-16 16:26:00', '2023-03-16 16:26:00'),
(656, 35, 1, 'Rehena Chowdhury - Ranks FC Zed 70 - A-11', '26-33-35-119', 2, 'App\\Sells\\Sell', 119, NULL, 0, 'PSML', '2023-03-16 17:00:09', '2023-03-16 17:00:09'),
(657, 34, 101, 'Sharif metal ltd', '26-33-34-134', 2, 'App\\Procurement\\Supplier', 131, NULL, 0, 'PSML', '2023-03-19 16:28:56', '2023-03-19 16:28:56'),
(658, 34, 98, 'Labiba Engineering & Trading company', '26-33-34-135', 2, 'App\\Procurement\\Supplier', 132, NULL, 0, 'PSML', '2023-03-19 16:40:23', '2023-03-19 16:40:23'),
(659, 34, 101, 'Al Heram Lighting', '26-33-34-136', 2, 'App\\Procurement\\Supplier', 133, NULL, 0, 'PSML', '2023-03-19 16:43:13', '2023-03-19 16:43:13'),
(660, 34, 98, 'Painting Solution Zone', '26-33-34-137', 2, 'App\\Procurement\\Supplier', 134, NULL, 0, 'PSML', '2023-03-19 16:45:26', '2023-03-19 16:45:26'),
(661, 34, 99, 'Greenovent', '26-33-34-138', 2, 'App\\Procurement\\Supplier', 135, NULL, 0, 'PSML', '2023-03-19 16:49:43', '2023-03-19 16:49:43'),
(662, 34, 96, 'M3 Technologies', '26-33-34-139', 2, 'App\\Procurement\\Supplier', 136, NULL, 0, 'PSML', '2023-03-19 16:50:53', '2023-03-19 16:50:53'),
(663, 34, 96, 'Atlas Shipping Lines ltd', '26-33-34-140', 2, 'App\\Procurement\\Supplier', 137, NULL, 0, 'PSML', '2023-03-19 16:52:27', '2023-03-19 16:52:27'),
(664, 34, 101, 'Faruk Enterprise', '26-33-34-141', 2, 'App\\Procurement\\Supplier', 138, NULL, 0, 'PSML', '2023-03-21 14:55:55', '2023-03-21 14:55:55'),
(665, 34, 101, 'SHAH CEMENT INDUSTRIES LTD.', '26-33-34-142', 2, 'App\\Procurement\\Supplier', 139, NULL, 0, 'PSML', '2023-03-23 10:08:33', '2023-03-23 10:08:33'),
(666, 34, 101, 'CONFIDENCE CEMENT LTD.', '26-33-34-142', 2, 'App\\Procurement\\Supplier', 140, NULL, 0, 'PSML', '2023-03-23 10:11:50', '2023-03-23 10:11:50'),
(667, 34, 98, 'Maymuna Enterprise', '26-33-34-143', 2, 'App\\Procurement\\Supplier', 141, NULL, 0, 'PSML', '2023-03-23 11:42:31', '2023-03-23 11:42:31'),
(668, 34, 99, 'Sanjoy Sarker', '26-33-34-144', 2, 'App\\Procurement\\Supplier', 142, NULL, 0, 'PSML', '2023-03-23 11:58:24', '2023-03-23 11:58:24'),
(669, 34, 98, 'Md. Lokman Hosen', '26-33-34-145', 2, 'App\\Procurement\\Supplier', 143, NULL, 0, 'PSML', '2023-03-23 17:11:36', '2023-03-23 17:11:36'),
(670, 34, 98, 'Halda Agro', '26-33-34-146', 2, 'App\\Procurement\\Supplier', 144, NULL, 0, 'PSML', '2023-03-23 17:14:33', '2023-03-23 17:14:33'),
(671, 34, 96, 'GlobalBrand', '26-33-34-147', 2, 'App\\Procurement\\Supplier', 145, NULL, 0, 'PSML', '2023-03-23 17:48:55', '2023-03-23 17:48:55'),
(672, 34, 98, 'M. Rahman Electric works', '26-33-34-148', 2, 'App\\Procurement\\Supplier', 146, NULL, 0, 'PSML', '2023-03-27 10:56:47', '2023-03-27 10:56:47'),
(673, 34, 99, 'AD GARDEN', '26-33-34-149', 2, 'App\\Procurement\\Supplier', 147, NULL, 0, 'PSML', '2023-03-27 13:32:57', '2023-03-27 13:32:57'),
(674, 34, 98, 'Inter Space Limited', '26-33-34-150', 2, 'App\\Procurement\\Supplier', 148, NULL, 0, 'PSML', '2023-03-27 13:34:36', '2023-03-27 13:34:36'),
(675, 34, 99, 'Mediaster Limited', '26-33-34-151', 2, 'App\\Procurement\\Supplier', 149, NULL, 0, 'PSML', '2023-03-27 13:35:55', '2023-03-27 13:35:55'),
(676, 34, 98, 'Md. Khokon Dhali', '26-33-34-152', 2, 'App\\Procurement\\Supplier', 150, NULL, 0, 'PSML', '2023-03-28 14:13:13', '2023-03-28 14:13:13'),
(677, 34, 98, 'Rafia Aluminium Fabricators', '26-33-34-153', 2, 'App\\Procurement\\Supplier', 151, NULL, 0, 'PSML', '2023-03-28 14:14:46', '2023-03-28 14:14:46'),
(678, 34, 98, 'Bismillah Enterprise', '26-33-34-154', 2, 'App\\Procurement\\Supplier', 152, NULL, 0, 'PSML', '2023-03-28 14:16:15', '2023-03-28 14:16:15'),
(679, 34, 99, 'Mohammad Enterprise', '26-33-34-155', 2, 'App\\Procurement\\Supplier', 153, NULL, 0, 'PSML', '2023-03-28 14:18:17', '2023-03-28 14:18:17'),
(680, 34, 98, 'ADEX-AEL', '26-33-34-156', 2, 'App\\Procurement\\Supplier', 154, NULL, 0, 'PSML', '2023-03-28 14:19:58', '2023-03-28 14:19:58');
INSERT INTO `acc_accounts` (`id`, `acc_balance_and_income_line_id`, `parent_account_id`, `account_name`, `account_code`, `account_type`, `accountable_type`, `accountable_id`, `official_code`, `is_archived`, `business_unit`, `created_at`, `updated_at`) VALUES
(681, 34, 98, 'Fujitech', '26-33-34-157', 2, 'App\\Procurement\\Supplier', 155, NULL, 0, 'PSML', '2023-03-28 14:21:51', '2023-03-28 14:21:51'),
(682, 34, 98, 'Jannat Enterprise', '26-33-34-158', 2, 'App\\Procurement\\Supplier', 156, NULL, 0, 'PSML', '2023-03-30 11:44:22', '2023-03-30 11:44:22'),
(683, 34, 98, 'Mrittika', '26-33-34-159', 2, 'App\\Procurement\\Supplier', 157, NULL, 0, 'PSML', '2023-03-30 11:47:20', '2023-03-30 11:47:20'),
(684, 34, 99, 'SKETCH', '26-33-34-160', 2, 'App\\Procurement\\Supplier', 158, NULL, 0, 'PSML', '2023-04-02 13:30:58', '2023-04-02 13:30:58'),
(685, 34, 98, 'MD MIZANUR RAHMAN', '26-33-34-161', 2, 'App\\Procurement\\Supplier', 159, NULL, 0, 'PSML', '2023-04-02 15:12:25', '2023-04-02 15:12:25'),
(686, 34, 101, 'BARAL CHEMICAL COMPANY LTD.', '26-33-34-162', 2, 'App\\Procurement\\Supplier', 160, NULL, 0, 'PSML', '2023-04-06 09:06:12', '2023-04-06 09:06:12'),
(687, 34, 98, 'Omor Faruk Enterprise', '26-33-34-163', 2, 'App\\Procurement\\Supplier', 161, NULL, 0, 'PSML', '2023-04-26 11:17:08', '2023-04-26 11:17:08'),
(688, 34, 98, 'Premier Foundation Engineering', '26-33-34-164', 2, 'App\\Procurement\\Supplier', 162, NULL, 0, 'PSML', '2023-04-26 11:56:54', '2023-04-26 11:56:54'),
(689, 34, 98, 'Icon Engineering Services Ltd', '26-33-34-165', 2, 'App\\Procurement\\Supplier', 163, NULL, 0, 'PSML', '2023-04-26 12:00:05', '2023-04-26 12:00:05'),
(690, 34, 98, 'Builiding Technology Systems', '26-33-34-166', 2, 'App\\Procurement\\Supplier', 164, NULL, 0, 'PSML', '2023-04-26 12:02:26', '2023-04-26 12:02:26'),
(691, 130, NULL, 'Depreciation COGS   -Rancon FC Fair Field', '74-75-130-1', 5, 'App\\Project', 22, NULL, 0, 'PSML', '2023-05-11 16:58:53', '2023-09-19 17:57:44'),
(692, 130, NULL, 'Financial Expenses COGS   -Rancon FC Fair Field', '74-75-130-2', 5, 'App\\Project', 22, NULL, 0, 'PSML', '2023-05-11 16:58:53', '2023-09-19 17:57:44'),
(693, 130, NULL, 'Labor COGS   -Rancon FC Fair Field', '74-75-130-3', 5, 'App\\Project', 22, NULL, 0, 'PSML', '2023-05-11 16:58:53', '2023-09-19 17:57:44'),
(694, 130, NULL, 'Land & Land Development COGS   -Rancon FC Fair Field', '74-75-130-4', 5, 'App\\Project', 22, NULL, 0, 'PSML', '2023-05-11 16:58:53', '2023-09-19 17:57:44'),
(695, 130, NULL, 'Materials COGS   -Rancon FC Fair Field', '74-75-130-5', 5, 'App\\Project', 22, NULL, 0, 'PSML', '2023-05-11 16:58:53', '2023-09-19 17:57:44'),
(696, 130, NULL, 'Project Overhead COGS   -Rancon FC Fair Field', '74-75-130-6', 5, 'App\\Project', 22, NULL, 0, 'PSML', '2023-05-11 16:58:53', '2023-09-19 17:57:44'),
(697, 130, NULL, 'Salary, Allowance & Benefit COGS   -Rancon FC Fair Field', '74-75-130-7', 5, 'App\\Project', 22, NULL, 0, 'PSML', '2023-05-11 16:58:53', '2023-09-19 17:57:44'),
(698, 130, NULL, 'Sales & Marketing Exp COGS   -Rancon FC Fair Field', '74-75-130-8', 5, 'App\\Project', 22, NULL, 0, 'PSML', '2023-05-11 16:58:53', '2023-09-19 17:57:44'),
(699, 130, NULL, 'Management Fee COGS   -Rancon FC Fair Field', '74-75-130-9', 5, 'App\\Project', 22, NULL, 0, 'PSML', '2023-05-11 16:58:53', '2023-09-19 17:57:44'),
(700, 130, NULL, 'Division Fee COGS   -Rancon FC Fair Field', '74-75-130-10', 5, 'App\\Project', 22, NULL, 0, 'PSML', '2023-05-11 16:58:53', '2023-09-19 17:57:44'),
(701, 35, 1, 'MD. TariK Rahman - Ranks FC Rosewood - C-5', '26-33-35-120', 2, 'App\\Sells\\Sell', 120, NULL, 0, 'PSML', '2023-05-17 13:52:47', '2023-05-17 13:52:47'),
(702, 35, 1, 'Nezam Uddin - Ranks FC Ornella - A-2', '26-33-35-121', 2, 'App\\Sells\\Sell', 121, NULL, 0, 'PSML', '2023-05-29 15:30:17', '2023-05-29 15:30:17'),
(703, 35, 1, 'Md.Monir Hossain Shohag - Ranks FC Ornella - B-2', '26-33-35-122', 2, 'App\\Sells\\Sell', 122, NULL, 0, 'PSML', '2023-05-30 11:14:04', '2023-05-30 11:14:04'),
(704, 35, 1, 'Mr. Saiful islam - Ranks FC Fair Field - A-8', '26-33-35-123', 2, 'App\\Sells\\Sell', 123, NULL, 0, 'PSML', '2023-05-30 15:03:13', '2023-05-30 15:03:13'),
(705, 34, 101, 'SHEEMA AUTOMATIC RE-ROLLING MILLS LTD.', '26-33-34-167', 2, 'App\\Procurement\\Supplier', 165, NULL, 0, 'PSML', '2023-06-12 11:23:08', '2023-06-12 11:23:08'),
(706, 34, 101, 'BUILDING FOUNDATION & COMPANY', '26-33-34-168', 2, 'App\\Procurement\\Supplier', 166, NULL, 0, 'PSML', '2023-06-12 13:58:04', '2023-06-12 13:58:04'),
(707, 35, 1, 'Mr. Isha Khan & Mrs. Shaila Khan - Ranks FC Zed 70 - B-2', '26-33-35-124', 2, 'App\\Sells\\Sell', 124, NULL, 0, 'PSML', '2023-06-26 13:44:20', '2023-06-26 13:44:20'),
(708, 35, 1, 'Mr. Isha Khan & Mrs. Shaila Khan - Ranks FC Zed 70 - C-2', '26-33-35-125', 2, 'App\\Sells\\Sell', 125, NULL, 0, 'PSML', '2023-06-26 13:50:30', '2023-06-26 13:50:30'),
(709, 35, 1, 'Nurul Afsar - Rancon FC Ornella - A-4', '26-33-35-126', 2, 'App\\Sells\\Sell', 126, NULL, 0, 'PSML', '2023-08-16 13:38:45', '2023-08-17 11:27:24'),
(710, 35, 1, 'Dr. SM Ali Haider - Rancon FC Omeras - A-6', '26-33-35-127', 2, 'App\\Sells\\Sell', 127, NULL, 0, 'PSML', '2023-08-21 11:46:48', '2023-08-21 11:46:48'),
(711, 35, 1, 'Mr. Golam Moin - Rancon FC Novera - A-8', '26-33-35-128', 2, 'App\\Sells\\Sell', 128, NULL, 0, 'PSML', '2023-08-21 12:54:28', '2023-08-21 12:54:28'),
(712, 107, NULL, 'Refund - Md. Towhidul Karim - Rancon FC White Oak - A-9', '26-33-107-38', 2, 'App\\Sells\\SaleCancellation', 4, NULL, 0, 'PSML', '2023-08-23 15:32:26', '2023-08-23 15:32:26'),
(713, 107, NULL, 'Refund - Sanzi Textile Mills Ltd. - Rancon FC Khan Plaza - A-1', '26-33-107-64', 2, 'App\\Sells\\SaleCancellation', 5, NULL, 0, 'PSML', '2023-08-23 15:33:00', '2023-08-23 15:33:00'),
(714, 132, NULL, 'Depreciation COGS -Rancon FC Aura', '74-75-132-1', 5, 'App\\Project', 23, NULL, 0, 'PSML', '2023-09-04 12:42:01', '2023-09-04 12:42:01'),
(715, 132, NULL, 'Financial Expenses COGS -Rancon FC Aura', '74-75-132-2', 5, 'App\\Project', 23, NULL, 0, 'PSML', '2023-09-04 12:42:01', '2023-09-04 12:42:01'),
(716, 132, NULL, 'Labor COGS -Rancon FC Aura', '74-75-132-3', 5, 'App\\Project', 23, NULL, 0, 'PSML', '2023-09-04 12:42:01', '2023-09-04 12:42:01'),
(717, 132, NULL, 'Land & Land Development COGS -Rancon FC Aura', '74-75-132-4', 5, 'App\\Project', 23, NULL, 0, 'PSML', '2023-09-04 12:42:01', '2023-09-04 12:42:01'),
(718, 132, NULL, 'Materials COGS -Rancon FC Aura', '74-75-132-5', 5, 'App\\Project', 23, NULL, 0, 'PSML', '2023-09-04 12:42:01', '2023-09-04 12:42:01'),
(719, 132, NULL, 'Project Overhead COGS -Rancon FC Aura', '74-75-132-6', 5, 'App\\Project', 23, NULL, 0, 'PSML', '2023-09-04 12:42:01', '2023-09-04 12:42:01'),
(720, 132, NULL, 'Salary, Allowance & Benefit COGS -Rancon FC Aura', '74-75-132-7', 5, 'App\\Project', 23, NULL, 0, 'PSML', '2023-09-04 12:42:01', '2023-09-04 12:42:01'),
(721, 132, NULL, 'Sales & Marketing Exp COGS -Rancon FC Aura', '74-75-132-8', 5, 'App\\Project', 23, NULL, 0, 'PSML', '2023-09-04 12:42:01', '2023-09-04 12:42:01'),
(722, 132, NULL, 'Management Fee COGS -Rancon FC Aura', '74-75-132-9', 5, 'App\\Project', 23, NULL, 0, 'PSML', '2023-09-04 12:42:01', '2023-09-04 12:42:01'),
(723, 132, NULL, 'Division Fee COGS -Rancon FC Aura', '74-75-132-10', 5, 'App\\Project', 23, NULL, 0, 'PSML', '2023-09-04 12:42:01', '2023-09-04 12:42:01'),
(724, 34, 101, 'Namira Corporation', '26-33-34-169', 2, 'App\\Procurement\\Supplier', 167, NULL, 0, 'PSML', '2023-09-12 15:00:16', '2023-09-12 15:00:16'),
(725, 34, 101, 'Madina Steel', '26-33-34-170', 2, 'App\\Procurement\\Supplier', 168, NULL, 0, 'PSML', '2023-09-13 10:38:55', '2023-09-13 10:38:55'),
(726, 34, 101, 'Innovate', '26-33-34-171', 2, 'App\\Procurement\\Supplier', 169, NULL, 0, 'PSML', '2023-09-13 10:43:10', '2023-09-13 10:43:10'),
(727, 34, 101, 'Four H Digital', '26-33-34-172', 2, 'App\\Procurement\\Supplier', 170, NULL, 0, 'PSML', '2023-09-17 11:46:33', '2023-09-17 11:46:33'),
(728, 34, 101, 'Jhontu Hossem', '26-33-34-173', 2, 'App\\Procurement\\Supplier', 171, NULL, 0, 'PSML', '2023-09-17 12:06:24', '2023-09-17 12:06:24'),
(729, 34, 101, 'Azad Enterprise', '26-33-34-174', 2, 'App\\Procurement\\Supplier', 172, NULL, 0, 'PSML', '2023-09-17 12:08:59', '2023-09-17 12:08:59'),
(730, 34, 101, 'Berger Paints', '26-33-34-175', 2, 'App\\Procurement\\Supplier', 173, NULL, 0, 'PSML', '2023-09-17 12:33:20', '2023-09-17 12:33:20'),
(731, 9, NULL, 'Advance - Md Mehedi Hasan RAJIB', '1-5-9-31', 1, 'App\\User', 31, NULL, 0, 'PSML', '2023-09-17 16:08:00', '2023-09-17 16:08:00'),
(732, 34, 101, 'A and H Gallary', '26-33-34-176', 2, 'App\\Procurement\\Supplier', 174, NULL, 0, 'PSML', '2023-09-17 16:50:48', '2023-09-17 16:50:48'),
(733, 34, 101, 'Star Tech', '26-33-34-177', 2, 'App\\Procurement\\Supplier', 175, NULL, 0, 'PSML', '2023-09-17 18:35:30', '2023-09-17 18:35:30'),
(734, 34, 101, 'Smart Technologies', '26-33-34-178', 2, 'App\\Procurement\\Supplier', 176, NULL, 0, 'PSML', '2023-09-17 18:36:50', '2023-09-17 18:36:50'),
(735, 34, 101, 'Madina Steel Thai Engineering Works', '26-33-34-179', 2, 'App\\Procurement\\Supplier', 177, NULL, 0, 'PSML', '2023-09-19 12:53:10', '2023-09-19 12:53:10'),
(736, 34, 101, 'Abul khair Steel Mills ltd', '26-33-34-180', 2, 'App\\Procurement\\Supplier', 178, NULL, 0, 'PSML', '2023-09-19 16:23:41', '2023-09-19 17:03:19'),
(737, 134, NULL, 'Depreciation COGS  -Rancon FC Aziz Pristine', '74-75-134-1', 5, 'App\\Project', 24, NULL, 0, 'PSML', '2023-09-19 17:15:28', '2023-09-19 17:44:18'),
(738, 134, NULL, 'Financial Expenses COGS  -Rancon FC Aziz Pristine', '74-75-134-2', 5, 'App\\Project', 24, NULL, 0, 'PSML', '2023-09-19 17:15:28', '2023-09-19 17:44:18'),
(739, 134, NULL, 'Labor COGS  -Rancon FC Aziz Pristine', '74-75-134-3', 5, 'App\\Project', 24, NULL, 0, 'PSML', '2023-09-19 17:15:28', '2023-09-19 17:44:18'),
(740, 134, NULL, 'Land & Land Development COGS  -Rancon FC Aziz Pristine', '74-75-134-4', 5, 'App\\Project', 24, NULL, 0, 'PSML', '2023-09-19 17:15:28', '2023-09-19 17:44:18'),
(741, 134, NULL, 'Materials COGS  -Rancon FC Aziz Pristine', '74-75-134-5', 5, 'App\\Project', 24, NULL, 0, 'PSML', '2023-09-19 17:15:28', '2023-09-19 17:44:18'),
(742, 134, NULL, 'Project Overhead COGS  -Rancon FC Aziz Pristine', '74-75-134-6', 5, 'App\\Project', 24, NULL, 0, 'PSML', '2023-09-19 17:15:28', '2023-09-19 17:44:18'),
(743, 134, NULL, 'Salary, Allowance & Benefit COGS  -Rancon FC Aziz Pristine', '74-75-134-7', 5, 'App\\Project', 24, NULL, 0, 'PSML', '2023-09-19 17:15:28', '2023-09-19 17:44:18'),
(744, 134, NULL, 'Sales & Marketing Exp COGS  -Rancon FC Aziz Pristine', '74-75-134-8', 5, 'App\\Project', 24, NULL, 0, 'PSML', '2023-09-19 17:15:28', '2023-09-19 17:44:18'),
(745, 134, NULL, 'Management Fee COGS  -Rancon FC Aziz Pristine', '74-75-134-9', 5, 'App\\Project', 24, NULL, 0, 'PSML', '2023-09-19 17:15:28', '2023-09-19 17:44:18'),
(746, 134, NULL, 'Division Fee COGS  -Rancon FC Aziz Pristine', '74-75-134-10', 5, 'App\\Project', 24, NULL, 0, 'PSML', '2023-09-19 17:15:28', '2023-09-19 17:44:18'),
(747, 36, NULL, 'Tax Deducted at Source Payable', '26-33-36-3', 2, '0', NULL, NULL, 0, 'PSML', '2023-09-20 14:19:51', '2023-09-20 14:19:51'),
(748, 34, 96, 'EDS Ctg', '26-33-34-181', 2, 'App\\Procurement\\Supplier', 179, NULL, 0, 'PSML', '2023-09-26 11:00:45', '2023-09-26 11:00:45'),
(749, 34, 98, 'Kazal Enterprise', '26-33-34-182', 2, 'App\\Procurement\\Supplier', 180, NULL, 0, 'PSML', '2023-09-27 11:18:15', '2023-09-27 11:18:15'),
(750, 34, 98, 'Mijanur Rahman Mistri', '26-33-34-183', 2, 'App\\Procurement\\Supplier', 181, NULL, 0, 'PSML', '2023-09-27 11:20:46', '2023-09-27 11:20:46'),
(751, 34, 98, 'M/S Joynal Pipe Fitters', '26-33-34-184', 2, 'App\\Procurement\\Supplier', 182, NULL, 0, 'PSML', '2023-09-27 11:24:00', '2023-09-27 11:24:00'),
(752, 34, 98, 'Applique Engineering', '26-33-34-185', 2, 'App\\Procurement\\Supplier', 183, NULL, 0, 'PSML', '2023-09-27 13:04:22', '2023-09-27 13:04:22'),
(753, 34, 98, 'Md. Abdul Hai', '26-33-34-186', 2, 'App\\Procurement\\Supplier', 184, NULL, 0, 'PSML', '2023-09-27 14:35:57', '2023-09-27 14:35:57'),
(754, 34, 101, 'Signature Engineering', '26-33-34-187', 2, 'App\\Procurement\\Supplier', 185, NULL, 0, 'PSML', '2023-09-28 16:16:00', '2023-09-28 16:16:00'),
(755, 34, 101, 'S S Stone HAOUSE', '26-33-34-188', 2, 'App\\Procurement\\Supplier', 186, NULL, 0, 'PSML', '2023-09-28 16:46:54', '2023-09-28 16:46:54'),
(756, 34, 98, 'Bhai Bhai Piling & Construction', '26-33-34-189', 2, 'App\\Procurement\\Supplier', 187, NULL, 0, 'PSML', '2023-10-01 13:38:56', '2023-10-01 13:38:56'),
(757, 34, 98, 'New Jamalpur Builders & Construction', '26-33-34-190', 2, 'App\\Procurement\\Supplier', 188, NULL, 0, 'PSML', '2023-10-01 13:41:11', '2023-10-01 13:41:11'),
(758, 34, 98, 'Khan Borring & Engineering', '26-33-34-191', 2, 'App\\Procurement\\Supplier', 189, NULL, 0, 'PSML', '2023-10-01 13:43:52', '2023-10-01 13:43:52'),
(759, 34, 98, 'M/S. Chandropuri Enterprise', '26-33-34-192', 2, 'App\\Procurement\\Supplier', 190, NULL, 0, 'PSML', '2023-10-01 13:46:08', '2023-10-01 13:46:08'),
(760, 34, 101, 'Leading Edge', '26-33-34-193', 2, 'App\\Procurement\\Supplier', 191, NULL, 0, 'PSML', '2023-10-01 16:29:38', '2023-10-01 16:29:38'),
(761, 34, 101, 'Ponir Carpets', '26-33-34-194', 2, 'App\\Procurement\\Supplier', 192, NULL, 0, 'PSML', '2023-10-01 16:31:09', '2023-10-01 16:31:09'),
(762, 34, 101, 'Khulshi Hill R/A', '26-33-34-195', 2, 'App\\Procurement\\Supplier', 193, NULL, 0, 'PSML', '2023-10-01 16:34:47', '2023-10-01 16:34:47'),
(763, 34, 101, 'Panchlaish R/A', '26-33-34-196', 2, 'App\\Procurement\\Supplier', 194, NULL, 0, 'PSML', '2023-10-01 16:36:23', '2023-10-01 16:36:23'),
(764, 34, 101, 'New Editing Interior', '26-33-34-197', 2, 'App\\Procurement\\Supplier', 195, NULL, 0, 'PSML', '2023-10-01 16:41:15', '2023-10-01 16:41:15'),
(765, 34, 99, 'C Voice24', '26-33-34-198', 2, 'App\\Procurement\\Supplier', 196, NULL, 0, 'PSML', '2023-10-01 16:42:36', '2023-10-01 16:42:36'),
(766, 34, 101, 'Rafi Construction', '26-33-34-199', 2, 'App\\Procurement\\Supplier', 197, NULL, 0, 'PSML', '2023-10-01 16:43:38', '2023-10-01 16:43:38'),
(767, 34, 101, 'New Ceiling and Interior', '26-33-34-200', 2, 'App\\Procurement\\Supplier', 198, NULL, 0, 'PSML', '2023-10-01 16:45:06', '2023-10-01 16:45:06'),
(768, 34, 101, 'Safe Ideas Engineering', '26-33-34-201', 2, 'App\\Procurement\\Supplier', 199, NULL, 0, 'PSML', '2023-10-01 17:16:29', '2023-10-01 17:16:29'),
(769, 34, 101, 'M/S Shakib Enterprise', '26-33-34-202', 2, 'App\\Procurement\\Supplier', 200, NULL, 0, 'PSML', '2023-10-01 17:19:42', '2023-10-01 17:19:42'),
(770, 34, 101, '4DS Engineering', '26-33-34-203', 2, 'App\\Procurement\\Supplier', 201, NULL, 0, 'PSML', '2023-10-01 17:22:50', '2023-10-01 17:22:50'),
(771, 34, 99, 'The Ctg Cooperatove Housing Society', '26-33-34-204', 2, 'App\\Procurement\\Supplier', 202, NULL, 0, 'PSML', '2023-10-01 17:24:01', '2023-10-01 17:24:01'),
(772, 34, 101, 'Aqua Enterprise', '26-33-34-205', 2, 'App\\Procurement\\Supplier', 203, NULL, 0, 'PSML', '2023-10-01 17:26:29', '2023-10-01 17:26:29'),
(773, 34, 101, 'Ridoy Enterprise', '26-33-34-206', 2, 'App\\Procurement\\Supplier', 204, NULL, 0, 'PSML', '2023-10-01 17:27:29', '2023-10-01 17:27:29'),
(774, 34, 101, 'Bristi Enterprise', '26-33-34-207', 2, 'App\\Procurement\\Supplier', 205, NULL, 0, 'PSML', '2023-10-01 17:45:06', '2023-10-01 17:45:06'),
(775, 34, 101, 'Aket Bangladesh Ltd', '26-33-34-208', 2, 'App\\Procurement\\Supplier', 206, NULL, 0, 'PSML', '2023-10-01 17:49:10', '2023-10-01 17:49:10'),
(776, 34, 101, 'Eco Ceramics', '26-33-34-209', 2, 'App\\Procurement\\Supplier', 207, NULL, 0, 'PSML', '2023-10-01 17:50:00', '2023-10-01 17:50:00'),
(777, 34, 101, 'Shun Shing Cement Industries Ltd.', '26-33-34-210', 2, 'App\\Procurement\\Supplier', 208, NULL, 0, 'PSML', '2023-10-03 11:06:01', '2023-10-03 11:06:01'),
(778, 34, 100, 'Garda Sheild', '26-33-34-211', 2, 'App\\Procurement\\Supplier', 209, NULL, 0, 'PSML', '2023-10-05 14:13:55', '2023-10-05 14:13:55'),
(779, 34, 101, 'Fahad Enterprise', '26-33-34-212', 2, 'App\\Procurement\\Supplier', 210, NULL, 0, 'PSML', '2023-10-11 17:05:06', '2023-10-11 17:05:06'),
(780, 34, 101, 'Abdul Halim Construction', '26-33-34-213', 2, 'App\\Procurement\\Supplier', 211, NULL, 0, 'PSML', '2023-10-11 17:10:35', '2023-10-11 17:10:35'),
(781, 34, 101, 'THE LIGHT FASHION', '26-33-34-214', 2, 'App\\Procurement\\Supplier', 212, NULL, 0, 'PSML', '2023-10-15 12:51:53', '2023-10-15 12:51:53'),
(782, 35, 1, 'Md. Jahed Hassan - Rancon FC Elmore - A-8', '26-33-35-130', 2, 'App\\Sells\\Sell', 129, NULL, 0, 'PSML', '2023-10-25 12:33:14', '2023-11-17 13:37:01'),
(783, 8, 70, 'Test-Bank-Asia-Acc', '1-5-8-11', 1, NULL, NULL, NULL, 0, 'PSML', '2023-11-12 04:48:02', '2023-11-12 04:48:02'),
(786, 3, 210, 'TEST-Account-Name', '1-2-3-14', 1, NULL, NULL, NULL, 0, 'PSML', '2023-11-17 07:52:48', '2023-11-17 08:53:44');



INSERT INTO `acc_balance_and_income_lines` (`id`, `acc_cost_center_id`, `line_type`, `line_text`, `value_type`, `parent_id`, `visible_index`, `printed_no`, `_lft`, `_rgt`, `business_unit`, `created_at`, `updated_at`) VALUES
(1, NULL, 'base_header', 'Assets', 'D', NULL, 1, '1', 1, 44, 'PSML', '2021-10-31 07:37:45', '2021-10-31 07:37:45');
INSERT INTO `acc_balance_and_income_lines` (`id`, `acc_cost_center_id`, `line_type`, `line_text`, `value_type`, `parent_id`, `visible_index`, `printed_no`, `_lft`, `_rgt`, `business_unit`, `created_at`, `updated_at`) VALUES
(2, NULL, 'balance_header', 'Non-Current  Assets', 'D', 1, 2, '2', 2, 7, 'PSML', '2021-10-31 07:38:30', '2021-12-30 13:34:50');
INSERT INTO `acc_balance_and_income_lines` (`id`, `acc_cost_center_id`, `line_type`, `line_text`, `value_type`, `parent_id`, `visible_index`, `printed_no`, `_lft`, `_rgt`, `business_unit`, `created_at`, `updated_at`) VALUES
(3, NULL, 'balance_line', 'Fixed Assets at Cost', 'D', 2, 3, '3', 3, 4, 'PSML', '2021-10-31 07:39:14', '2021-10-31 07:39:14');
INSERT INTO `acc_balance_and_income_lines` (`id`, `acc_cost_center_id`, `line_type`, `line_text`, `value_type`, `parent_id`, `visible_index`, `printed_no`, `_lft`, `_rgt`, `business_unit`, `created_at`, `updated_at`) VALUES
(4, NULL, 'balance_line', 'Less Accumulated Depreciation', 'D', 2, 4, '4', 5, 6, 'PSML', '2021-10-31 07:39:28', '2022-02-03 11:33:52'),
(5, NULL, 'balance_header', 'Current Assets', 'D', 1, 5, '5', 8, 27, 'PSML', '2021-10-31 07:39:55', '2021-10-31 07:39:55'),
(6, NULL, 'balance_line', 'Sundry Debtors', 'D', 5, 6, '6', 9, 10, 'PSML', '2021-10-31 07:40:15', '2021-10-31 07:40:15'),
(7, NULL, 'balance_line', 'Cash-in-hand', 'D', 5, 7, '7', 11, 12, 'PSML', '2021-10-31 07:40:26', '2021-12-20 18:26:59'),
(8, NULL, 'balance_line', 'Bank Accounts', 'D', 5, 8, '8', 13, 14, 'PSML', '2021-10-31 07:40:32', '2021-10-31 07:40:32'),
(9, NULL, 'balance_line', 'Advance, Deposit & Prepayment', 'D', 5, 9, '9', 15, 16, 'PSML', '2021-10-31 07:40:40', '2021-10-31 07:40:40'),
(10, NULL, 'balance_line', 'Current Account with Directors', 'D', 5, 10, '10', 17, 18, 'PSML', '2021-10-31 07:40:50', '2021-10-31 07:40:50'),
(11, NULL, 'balance_line', 'Inventory', 'D', 5, 11, '11', 19, 20, 'PSML', '2021-10-31 07:41:03', '2021-10-31 07:41:03'),
(12, NULL, 'balance_line', 'Other Receivables', 'D', 5, 12, '12', 21, 22, 'PSML', '2021-10-31 07:41:12', '2021-10-31 07:41:12'),
(13, NULL, 'balance_line', 'Short Term Loan to RPL for Chayaneer', 'D', 5, 13, '13', 23, 24, 'PSML', '2021-10-31 07:41:28', '2021-10-31 07:41:28'),
(14, NULL, 'balance_line', 'Work in Progress', 'D', 5, 14, '14', 25, 26, 'PSML', '2021-10-31 07:41:37', '2021-10-31 07:41:37'),
(15, NULL, 'balance_header', 'Intangible Assets', 'D', 1, 15, '15', 28, 33, 'PSML', '2021-10-31 07:42:02', '2021-10-31 07:42:02'),
(16, NULL, 'balance_line', 'Intangible Assets- at Cost', 'D', 15, 16, '16', 29, 30, 'PSML', '2021-10-31 07:42:44', '2021-10-31 07:42:44'),
(17, NULL, 'balance_line', 'Less Accumulated Amortization', 'D', 15, 17, '17', 31, 32, 'PSML', '2021-10-31 07:42:54', '2021-10-31 07:42:54'),
(18, NULL, 'balance_header', 'Preliminary Expenses', 'D', 1, 18, '18', 34, 39, 'PSML', '2021-10-31 07:43:16', '2021-10-31 07:43:16'),
(19, NULL, 'balance_line', 'Preliminary Expenses at Cost', 'D', 18, 19, '19', 35, 36, 'PSML', '2021-10-31 07:43:33', '2021-10-31 07:43:33'),
(20, NULL, 'balance_line', 'Accumulated Write Off-Preliminary Expenses', 'D', 18, 20, '20', 37, 38, 'PSML', '2021-10-31 07:44:01', '2021-10-31 07:44:01'),
(21, NULL, 'balance_header', 'Statement of Comprehensive Income', 'D', 1, 21, '21', 40, 43, 'PSML', '2021-10-31 07:44:18', '2021-10-31 07:44:18'),
(22, NULL, 'balance_line', 'Statement of Comprehensive Income', 'D', 21, 22, '22', 41, 42, 'PSML', '2021-10-31 07:44:44', '2021-10-31 07:44:44'),
(26, NULL, 'base_header', 'Liabilities', 'C', NULL, 26, '26', 45, 90, 'PSML', '2021-10-31 07:47:48', '2021-10-31 07:47:48'),
(27, NULL, 'balance_header', 'Capital Account', 'C', 26, 27, '27', 46, 51, 'PSML', '2021-10-31 07:48:11', '2021-10-31 07:48:11'),
(28, NULL, 'balance_line', 'Share Capital', 'C', 27, 28, '28', 47, 48, 'PSML', '2021-10-31 07:48:32', '2021-10-31 07:48:58'),
(29, NULL, 'balance_line', 'Share Money Deposit', 'C', 27, 29, '29', 49, 50, 'PSML', '2021-10-31 07:49:23', '2021-10-31 07:49:23'),
(31, NULL, 'balance_line', 'Secured Overdraft (General)', 'C', 33, 31, '37', 71, 72, 'PSML', '2021-10-31 07:50:11', '2022-01-02 11:15:50'),
(32, NULL, 'balance_line', 'LTR', 'C', 33, 32, '38', 73, 74, 'PSML', '2021-10-31 07:50:32', '2022-01-10 11:22:44'),
(33, NULL, 'balance_header', 'Current Liabilities', 'C', 26, 33, '36', 52, 77, 'PSML', '2021-10-31 07:50:48', '2021-10-31 07:50:48'),
(34, NULL, 'balance_line', 'Sundry Creditors', 'C', 33, 34, '39', 53, 54, 'PSML', '2021-10-31 07:51:26', '2021-10-31 07:51:26'),
(35, NULL, 'balance_line', 'Advance Against Sales & Services', 'C', 33, 35, '40', 55, 58, 'PSML', '2021-10-31 07:51:35', '2021-10-31 07:51:35'),
(36, NULL, 'balance_line', 'Liabilities for Expenses', 'C', 33, 36, '41', 59, 60, 'PSML', '2021-10-31 07:51:42', '2021-10-31 07:51:42'),
(37, NULL, 'balance_line', 'Registration Fund', 'C', 33, 37, '42', 61, 62, 'PSML', '2021-10-31 07:51:50', '2021-10-31 07:51:50'),
(38, NULL, 'balance_line', 'Short Term Finance', 'C', 33, 38, '43', 63, 64, 'PSML', '2021-10-31 07:51:56', '2021-10-31 07:51:56'),
(39, NULL, 'balance_line', 'Loan for Expenses- RPL Ctg', 'C', 33, 39, '44', 65, 66, 'PSML', '2021-10-31 07:52:03', '2021-10-31 07:52:03'),
(40, NULL, 'balance_line', 'Other Finance', 'C', 33, 40, '45', 67, 68, 'PSML', '2021-10-31 07:52:13', '2021-10-31 07:52:13'),
(41, NULL, 'balance_line', 'Short Term Loan -  RPL (CL)', 'C', 33, 41, '44', 69, 70, 'PSML', '2021-10-31 07:52:21', '2021-10-31 07:52:21'),
(42, NULL, 'balance_header', 'Non-Current Liabilities', 'C', 26, 42, '33', 78, 83, 'PSML', '2021-10-31 07:52:46', '2022-01-10 11:24:21'),
(43, NULL, 'balance_line', 'Lease Finance / Hire Purchase', 'C', 42, 43, '34', 79, 80, 'PSML', '2021-10-31 07:53:11', '2021-10-31 07:53:11'),
(44, NULL, 'balance_line', 'Project Finance / Term Finance', 'C', 42, 44, '35', 81, 82, 'PSML', '2021-10-31 07:53:16', '2021-10-31 07:53:29'),
(45, NULL, 'balance_header', 'Loan / Investment', 'C', 26, 45, '45', 84, 89, 'PSML', '2021-10-31 07:55:07', '2021-10-31 07:55:07'),
(46, NULL, 'balance_line', 'Loan Form FAC Holdings Limited', 'C', 45, 46, '46', 85, 86, 'PSML', '2021-10-31 07:55:39', '2021-10-31 07:55:39'),
(47, NULL, 'balance_line', 'Loan Form Rangs Properties Limited', 'C', 45, 47, '47', 87, 88, 'PSML', '2021-10-31 07:55:47', '2021-10-31 07:55:47'),
(48, NULL, 'base_header', 'Revenues', 'C', NULL, 1, '1', 91, 178, 'PSML', '2021-10-31 09:33:51', '2021-10-31 09:33:51'),
(49, NULL, 'income_header', 'Sales Accounts', 'C', 48, 2, '2', 92, 141, 'PSML', '2021-10-31 09:55:02', '2021-10-31 09:55:02'),
(50, NULL, 'income_line', 'Sale - Rancon FC Hill Crest', 'C', 49, 3, '3', 93, 94, 'PSML', '2021-10-31 09:55:27', '2023-07-06 12:58:50'),
(51, NULL, 'income_line', 'Sale - Rancon FC KD Anthem', 'C', 49, 4, '4', 95, 96, 'PSML', '2021-10-31 09:55:50', '2023-07-06 12:58:32'),
(52, NULL, 'income_line', 'Sale - Rancon FC Park Windsor', 'C', 49, 5, '5', 97, 98, 'PSML', '2021-10-31 09:56:16', '2023-07-06 12:58:06'),
(53, NULL, 'income_line', 'Sale - Rancon FC White Oak', 'C', 49, 6, '6', 99, 100, 'PSML', '2021-10-31 09:56:30', '2023-07-06 12:57:56'),
(54, NULL, 'income_line', 'Sale - Rancon FC Queens Park', 'C', 49, 7, '7', 101, 102, 'PSML', '2021-10-31 09:57:13', '2023-07-06 12:57:25'),
(55, NULL, 'income_line', 'Sale - Rancon FC Zed 70', 'C', 49, 8, '8', 103, 104, 'PSML', '2021-10-31 09:57:26', '2023-07-06 12:57:11'),
(56, NULL, 'income_line', 'Sale - Rancon FC Park Terrace', 'C', 49, 9, '9', 105, 106, 'PSML', '2021-10-31 09:57:57', '2023-07-06 12:56:50'),
(57, NULL, 'income_header', 'Income From Service', 'C', 48, 10, '10', 142, 147, 'PSML', '2021-10-31 09:59:53', '2021-10-31 09:59:53'),
(58, NULL, 'income_line', 'Income From Construction Service', 'C', 57, 11, '11', 143, 144, 'PSML', '2021-10-31 10:00:46', '2021-10-31 10:40:37');
INSERT INTO `acc_balance_and_income_lines` (`id`, `acc_cost_center_id`, `line_type`, `line_text`, `value_type`, `parent_id`, `visible_index`, `printed_no`, `_lft`, `_rgt`, `business_unit`, `created_at`, `updated_at`) VALUES
(59, NULL, 'income_line', 'Income From Interior Work', 'C', 57, 12, '12', 145, 146, 'PSML', '2021-10-31 10:09:19', '2021-10-31 10:40:42'),
(60, NULL, 'income_header', 'Indirect Incomes', 'C', 48, 13, '13', 148, 169, 'PSML', '2021-10-31 10:21:51', '2021-10-31 10:40:46'),
(61, NULL, 'income_line', 'Collection Against Utility', 'C', 60, 14, '14', 149, 150, 'PSML', '2021-10-31 10:22:20', '2021-10-31 10:40:51'),
(64, NULL, 'income_line', 'Interest Against Car Scheme', 'C', 60, 17, '17', 151, 152, 'PSML', '2021-10-31 10:23:01', '2021-10-31 10:41:07'),
(65, NULL, 'income_line', 'Interest Income Against Motor Vehicles/ Bikes', 'C', 60, 18, '18', 153, 154, 'PSML', '2021-10-31 10:23:15', '2021-10-31 10:41:12'),
(66, NULL, 'income_line', 'Income Against Service Charge for Registration Fund', 'C', 60, 19, '19', 155, 156, 'PSML', '2021-10-31 10:23:43', '2021-10-31 10:41:17'),
(67, NULL, 'income_line', 'Interest Income', 'C', 60, 20, '20', 157, 158, 'PSML', '2021-10-31 10:23:52', '2021-10-31 10:41:22'),
(68, NULL, 'income_line', 'Others Income', 'C', 60, 21, '21', 159, 160, 'PSML', '2021-10-31 10:23:59', '2021-12-30 18:15:12'),
(69, NULL, 'income_header', 'Gain on Sales of Fixed Assets', 'C', 48, 23, '23', 170, 177, 'PSML', '2021-10-31 10:24:08', '2021-10-31 10:41:36'),
(70, NULL, 'income_line', 'Scrap Sale', 'C', 60, 22, '22', 161, 162, 'PSML', '2021-10-31 10:24:08', '2021-10-31 10:41:32'),
(71, NULL, 'income_line', 'Gain on Sale of Construction Equipment', 'C', 69, 24, '24', 171, 172, 'PSML', '2021-10-31 10:26:08', '2021-10-31 10:41:40'),
(72, NULL, 'income_line', 'Gain on Sale of Motor Vehicle - Car', 'C', 69, 25, '25', 173, 174, 'PSML', '2021-10-31 10:26:18', '2021-10-31 10:41:43'),
(73, NULL, 'income_line', 'Gain on Sales of IT Equipments', 'C', 69, 26, '26', 175, 176, 'PSML', '2021-10-31 10:26:26', '2021-10-31 10:41:49'),
(74, NULL, 'base_header', 'Expenses', 'D', NULL, 27, '27', 179, 256, 'PSML', '2021-10-31 10:32:33', '2021-10-31 10:42:35'),
(75, NULL, 'income_header', 'Direct Expenses', 'D', 74, 28, '28', 180, 229, 'PSML', '2021-10-31 10:33:34', '2021-10-31 10:42:40'),
(76, NULL, 'income_line', 'COGS - Rancon FC Hill Crest', 'D', 75, 29, '29', 181, 182, 'PSML', '2021-10-31 10:34:54', '2023-07-06 12:58:50'),
(77, NULL, 'income_line', 'COGS - Rancon FC KD Anthem', 'D', 75, 30, '30', 183, 184, 'PSML', '2021-10-31 10:35:03', '2023-07-06 12:58:32'),
(78, NULL, 'income_line', 'COGS - Rancon FC Park Windsor', 'D', 75, 31, '31', 185, 186, 'PSML', '2021-10-31 10:37:17', '2023-07-06 12:58:06'),
(79, NULL, 'income_line', 'COGS - Rancon FC White Oak', 'D', 75, 32, '32', 187, 188, 'PSML', '2021-10-31 10:37:27', '2023-07-06 12:57:56'),
(80, NULL, 'income_line', 'COGS - Rancon FC Queens Park', 'D', 75, 33, '33', 189, 190, 'PSML', '2021-10-31 10:37:34', '2023-07-06 12:57:25'),
(81, NULL, 'income_line', 'COGS - Rancon FC Zed 70', 'D', 75, 34, '34', 191, 192, 'PSML', '2021-10-31 10:37:41', '2023-07-06 12:57:11'),
(83, NULL, 'income_header', 'Expenses of Service', 'D', 74, 36, '36', 230, 233, 'PSML', '2021-10-31 10:44:46', '2021-10-31 10:44:46'),
(84, NULL, 'income_line', 'COS - Sea Resource Ltd (SRL)', 'D', 83, 37, '37', 231, 232, 'PSML', '2021-10-31 10:46:12', '2021-10-31 10:46:12'),
(85, NULL, 'income_header', 'Indirect Expenses', 'D', 74, 38, '38', 234, 243, 'PSML', '2021-10-31 10:46:56', '2021-10-31 10:46:56'),
(86, NULL, 'income_line', 'Administrative Expenses', 'D', 85, 39, '39', 235, 236, 'PSML', '2021-10-31 10:47:27', '2021-10-31 10:47:27'),
(87, NULL, 'income_line', 'Financial Expenses', 'D', 85, 40, '40', 237, 238, 'PSML', '2021-10-31 10:47:36', '2021-10-31 10:47:36'),
(88, NULL, 'income_line', 'Sales & Marketing Exp', 'D', 85, 41, '41', 239, 240, 'PSML', '2021-10-31 10:47:43', '2021-10-31 10:47:43'),
(89, NULL, 'income_line', 'Income Tax', 'D', 85, 42, '42', 241, 242, 'PSML', '2021-10-31 10:47:51', '2021-10-31 10:47:51'),
(90, NULL, 'income_header', 'Loss on Sale of Fixed Assets', 'D', 74, 43, '43', 244, 255, 'PSML', '2021-10-31 10:48:07', '2021-11-11 12:46:45'),
(91, NULL, 'income_line', 'Loss on Furniture & Fixture', 'D', 90, 44, '44', 245, 246, 'PSML', '2021-10-31 10:48:50', '2021-10-31 10:48:50'),
(92, NULL, 'income_line', 'Loss on Sale of Air Cooler/ Conditioner', 'D', 90, 45, '45', 247, 248, 'PSML', '2021-10-31 10:49:01', '2021-10-31 10:49:01'),
(93, NULL, 'income_line', 'Loss on Sale of Electric Equipment', 'D', 90, 46, '46', 249, 250, 'PSML', '2021-10-31 10:49:07', '2021-10-31 10:49:07'),
(94, NULL, 'income_line', 'Loss on Sale of Interior Decoration', 'D', 90, 47, '47', 251, 252, 'PSML', '2021-10-31 10:49:19', '2021-10-31 10:49:19'),
(95, NULL, 'income_line', 'Loss on Sale of Office Equipment', 'D', 90, 48, '48', 253, 254, 'PSML', '2021-10-31 10:49:27', '2021-10-31 10:49:27'),
(96, NULL, 'income_line', 'Sale - Rancon FC Greenwood', 'C', 49, 10, '10', 107, 108, 'PSML', '2021-11-16 13:21:31', '2023-07-06 12:56:30'),
(97, NULL, 'income_line', 'Sale - Rancon FC CK Tower', 'C', 49, 10, '10', 109, 110, 'PSML', '2021-11-16 13:22:05', '2023-07-06 12:56:10'),
(98, NULL, 'income_line', 'Sale - Rancon FC Casa Crown', 'C', 49, 10, '10', 111, 112, 'PSML', '2021-11-16 13:22:31', '2023-07-06 12:55:41'),
(99, NULL, 'income_line', 'Sale - Rancon FC Khan Plaza', 'C', 49, 10, '10', 113, 114, 'PSML', '2021-11-16 13:29:50', '2023-07-06 12:55:32'),
(100, NULL, 'income_line', 'Sale - Rancon FC Novera', 'C', 49, 10, '10', 115, 116, 'PSML', '2021-11-16 13:30:00', '2023-07-06 12:55:22'),
(101, NULL, 'income_line', 'COGS - Rancon FC Park Terrace', 'D', 75, 35, '35', 193, 194, 'PSML', '2021-11-16 13:34:58', '2023-07-06 12:56:50'),
(102, NULL, 'income_line', 'COGS - Rancon FC Greenwood', 'D', 75, 35, '35', 195, 196, 'PSML', '2021-11-16 13:35:15', '2023-07-06 12:56:30'),
(103, NULL, 'income_line', 'COGS - Rancon FC CK Tower', 'D', 75, 35, '35', 197, 198, 'PSML', '2021-11-16 13:35:22', '2023-07-06 12:56:10'),
(104, NULL, 'income_line', 'COGS - Rancon FC Casa Crown', 'D', 75, 35, '35', 199, 200, 'PSML', '2021-11-16 13:35:28', '2023-07-06 12:55:41'),
(105, NULL, 'income_line', 'COGS - Rancon FC Khan Plaza', 'D', 75, 35, '35', 201, 202, 'PSML', '2021-11-16 13:35:34', '2023-07-06 12:55:32'),
(106, NULL, 'income_line', 'COGS - Rancon FC Novera', 'D', 75, 35, '35', 203, 204, 'PSML', '2021-11-16 13:35:40', '2023-07-06 12:55:22'),
(107, NULL, 'balance_line', 'Payable to client', 'C', 33, 22, '22', 75, 76, 'PSML', '2022-01-16 13:30:34', '2022-01-16 17:17:55'),
(108, NULL, 'income_line', 'Miscellaneous Income', 'C', 60, NULL, NULL, 165, 166, 'PSML', '2022-03-21 16:47:41', '2022-03-21 16:47:41'),
(109, NULL, 'income_line', 'Service Charge', 'C', 60, NULL, NULL, 167, 168, 'PSML', '2022-05-19 12:24:12', '2022-05-19 12:24:12'),
(112, NULL, 'income_line', 'Sale - Rancon FC Rosewood', 'C', 49, NULL, NULL, 117, 118, 'PSML', '2022-06-17 22:25:35', '2023-07-06 12:54:47'),
(113, NULL, 'income_line', 'COGS - Rancon FC Rosewood', 'D', 75, NULL, NULL, 205, 206, 'PSML', '2022-06-17 22:25:35', '2023-07-06 12:54:47'),
(114, NULL, 'income_line', 'Sale - Rancon FC Omeras', 'C', 49, NULL, NULL, 119, 120, 'PSML', '2022-06-17 22:25:54', '2023-07-06 12:54:30'),
(115, NULL, 'income_line', 'COGS - Rancon FC Omeras', 'D', 75, NULL, NULL, 207, 208, 'PSML', '2022-06-17 22:25:54', '2023-07-06 12:54:30'),
(116, NULL, 'income_line', 'Sale - Rancon FC Oriana', 'C', 49, NULL, NULL, 121, 122, 'PSML', '2022-06-17 22:26:00', '2023-07-06 12:54:18'),
(117, NULL, 'income_line', 'COGS - Rancon FC Oriana', 'D', 75, NULL, NULL, 209, 210, 'PSML', '2022-06-17 22:26:00', '2023-07-06 12:54:18'),
(118, NULL, 'income_line', 'Sale - Rancon  FC Snowdonia', 'C', 49, NULL, NULL, 123, 124, 'PSML', '2022-06-17 22:26:06', '2023-07-06 12:46:44'),
(119, NULL, 'income_line', 'COGS - Rancon  FC Snowdonia', 'D', 75, NULL, NULL, 211, 212, 'PSML', '2022-06-17 22:26:06', '2023-07-06 12:46:44'),
(120, NULL, 'income_line', 'COGS - Ranks FC Omz', 'D', 75, NULL, NULL, 213, 214, 'PSML', '2022-09-07 11:00:18', '2022-09-07 11:00:18'),
(121, NULL, 'income_line', 'Sale - Ranks FC Omz', 'C', 49, NULL, NULL, 125, 126, 'PSML', '2022-09-07 11:00:18', '2022-09-07 11:00:18'),
(122, NULL, 'income_line', 'COGS - Rankf FC K70', 'D', 75, NULL, NULL, 215, 216, 'PSML', '2022-09-27 12:26:39', '2022-09-27 12:26:39'),
(123, NULL, 'income_line', 'Sale - Rankf FC K70', 'C', 49, NULL, NULL, 127, 128, 'PSML', '2022-09-27 12:26:39', '2022-09-27 12:26:39'),
(124, NULL, 'income_line', 'COGS - Rancon FC White Opal', 'D', 75, NULL, NULL, 217, 218, 'PSML', '2023-01-10 15:47:59', '2023-07-06 12:46:28'),
(125, NULL, 'income_line', 'Sale - Rancon FC White Opal', 'C', 49, NULL, NULL, 129, 130, 'PSML', '2023-01-10 15:47:59', '2023-07-06 12:46:28'),
(126, NULL, 'income_line', 'COGS - Rancon FC Ornella', 'D', 75, NULL, NULL, 219, 220, 'PSML', '2023-02-14 17:31:45', '2023-07-06 12:43:38'),
(127, NULL, 'income_line', 'Sale - Rancon FC Ornella', 'C', 49, NULL, NULL, 131, 132, 'PSML', '2023-02-14 17:31:45', '2023-07-06 12:43:38'),
(128, NULL, 'income_line', 'COGS - Rancon FC Elmore', 'D', 75, NULL, NULL, 221, 222, 'PSML', '2023-02-15 11:26:08', '2023-07-06 12:43:19'),
(129, NULL, 'income_line', 'Sale - Rancon FC Elmore', 'C', 49, NULL, NULL, 133, 134, 'PSML', '2023-02-15 11:26:08', '2023-07-06 12:43:19'),
(130, NULL, 'income_line', 'COGS - Rancon FC Fair Field', 'D', 75, NULL, NULL, 223, 224, 'PSML', '2023-05-11 16:58:53', '2023-07-06 12:43:07'),
(131, NULL, 'income_line', 'Sale - Rancon FC Fair Field', 'C', 49, NULL, NULL, 135, 136, 'PSML', '2023-05-11 16:58:53', '2023-07-06 12:43:07'),
(132, NULL, 'income_line', 'COGS - Rancon FC Aura', 'D', 75, NULL, NULL, 225, 226, 'PSML', '2023-09-04 12:42:01', '2023-09-04 12:42:01'),
(133, NULL, 'income_line', 'Sale - Rancon FC Aura', 'C', 49, NULL, NULL, 137, 138, 'PSML', '2023-09-04 12:42:01', '2023-09-04 12:42:01'),
(134, NULL, 'income_line', 'COGS - Rancon FC Aziz Pristine', 'D', 75, NULL, NULL, 227, 228, 'PSML', '2023-09-19 17:15:28', '2023-09-19 17:15:28'),
(135, NULL, 'income_line', 'Sale - Rancon FC Aziz Pristine', 'C', 49, NULL, NULL, 139, 140, 'PSML', '2023-09-19 17:15:28', '2023-09-19 17:15:28');

INSERT INTO `acc_bank_accounts` (`id`, `bank_name`, `branch_name`, `account_type`, `account_name`, `account_number`, `routing_number`, `contact_number`, `opening_date`, `opening_balance`, `business_unit`, `created_at`, `updated_at`) VALUES
(1, 'IBBL', 'Agrabadh', 'Savings', 'MR. Loyal', '0052250255', '0120253', '01520000000', '1997-11-18', 500.00, 'TSLL', '2023-10-26 08:04:53', '2023-10-26 08:04:53');
INSERT INTO `acc_bank_accounts` (`id`, `bank_name`, `branch_name`, `account_type`, `account_name`, `account_number`, `routing_number`, `contact_number`, `opening_date`, `opening_balance`, `business_unit`, `created_at`, `updated_at`) VALUES
(2, 'Bank Asia', 'Andakilla', 'Current', 'Mr. Syaem', '0155455000', '2000255', '0152022000', '2023-10-31', 1000.00, 'PSML', '2023-10-26 08:05:47', '2023-10-26 08:06:02');


INSERT INTO `acc_bank_reconciliations` (`id`, `acc_transaction_id`, `reconciliation_date`, `status`, `business_unit`, `created_at`, `updated_at`) VALUES
(11, 392, '2023-11-02', 'Complete', 'PSML', '2023-11-27 08:07:50', '2023-11-27 08:07:50');
INSERT INTO `acc_bank_reconciliations` (`id`, `acc_transaction_id`, `reconciliation_date`, `status`, `business_unit`, `created_at`, `updated_at`) VALUES
(12, 391, '2023-11-29', 'Complete', 'PSML', '2023-11-27 08:14:14', '2023-11-27 08:14:14');
INSERT INTO `acc_bank_reconciliations` (`id`, `acc_transaction_id`, `reconciliation_date`, `status`, `business_unit`, `created_at`, `updated_at`) VALUES
(13, 301, '2023-11-16', 'Complete', 'PSML', '2023-11-27 08:14:41', '2023-11-27 08:14:41');
INSERT INTO `acc_bank_reconciliations` (`id`, `acc_transaction_id`, `reconciliation_date`, `status`, `business_unit`, `created_at`, `updated_at`) VALUES
(14, 254, '2023-11-29', 'Complete', 'PSML', '2023-11-27 08:21:32', '2023-11-27 08:21:32'),
(15, 390, '2023-11-08', 'Complete', 'PSML', '2023-11-27 08:50:54', '2023-11-27 08:50:54'),
(16, 322, '2023-11-27', 'Complete', 'PSML', '2023-11-27 09:14:43', '2023-11-27 09:14:43'),
(17, 317, '2023-11-27', 'Complete', 'PSML', '2023-11-27 09:15:05', '2023-11-27 09:15:05'),
(18, 318, '2023-11-27', 'Complete', 'PSML', '2023-11-27 09:15:41', '2023-11-27 09:15:41'),
(19, 305, '2023-11-27', 'Complete', 'PSML', '2023-11-27 09:15:47', '2023-11-27 09:15:47'),
(20, 304, '2023-11-27', 'Complete', 'PSML', '2023-11-27 09:16:10', '2023-11-27 09:16:10'),
(21, 310, '2023-11-16', 'Complete', 'PSML', '2023-11-27 11:13:45', '2023-11-27 11:13:45');

INSERT INTO `acc_cash_accounts` (`id`, `name`, `business_unit`, `created_at`, `updated_at`) VALUES
(1, 'PSML Cash Account', 'PSML', '2023-10-26 08:36:30', '2023-11-17 07:57:21');
INSERT INTO `acc_cash_accounts` (`id`, `name`, `business_unit`, `created_at`, `updated_at`) VALUES
(2, 'TEST 2', 'TSLL', '2023-10-26 08:37:53', '2023-10-26 08:37:53');


INSERT INTO `acc_cash_requisition_lines` (`id`, `acc_cash_requisition_id`, `particular`, `remarks`, `amount`, `created_at`, `updated_at`) VALUES
(3, 3, 'Stationery', 'High priority', 500.25, '2023-11-27 06:42:38', '2023-11-27 06:42:38');
INSERT INTO `acc_cash_requisition_lines` (`id`, `acc_cash_requisition_id`, `particular`, `remarks`, `amount`, `created_at`, `updated_at`) VALUES
(4, 3, 'Printer ink', NULL, 300.50, '2023-11-27 06:42:38', '2023-11-27 06:42:38');
INSERT INTO `acc_cash_requisition_lines` (`id`, `acc_cash_requisition_id`, `particular`, `remarks`, `amount`, `created_at`, `updated_at`) VALUES
(5, 4, 'Stationery', 'High priority', 500.25, '2023-11-27 06:44:43', '2023-11-27 06:44:43');
INSERT INTO `acc_cash_requisition_lines` (`id`, `acc_cash_requisition_id`, `particular`, `remarks`, `amount`, `created_at`, `updated_at`) VALUES
(6, 4, 'Printer ink', NULL, 300.50, '2023-11-27 06:44:43', '2023-11-27 06:44:43'),
(7, 5, 'Stationery', 'High priority', 500.25, '2023-11-27 06:45:38', '2023-11-27 06:45:38'),
(8, 5, 'Printer ink', NULL, 300.50, '2023-11-27 06:45:38', '2023-11-27 06:45:38'),
(9, 6, 'Stationery', 'High priority', 500.25, '2023-11-27 06:47:24', '2023-11-27 06:47:24'),
(10, 6, 'Printer ink', NULL, 300.50, '2023-11-27 06:47:24', '2023-11-27 06:47:24'),
(11, 7, 'Stationery', 'High priority', 500.25, '2023-11-27 06:48:16', '2023-11-27 06:48:16'),
(12, 7, 'Printer ink', NULL, 300.50, '2023-11-27 06:48:16', '2023-11-27 06:48:16'),
(21, 2, 'Installation', 'High priority', 500.25, '2023-11-27 09:26:55', '2023-11-27 09:26:55');

INSERT INTO `acc_cash_requisitions` (`id`, `acc_cost_center_id`, `applied_date`, `requisitor_id`, `scm_pr_id`, `total_amount`, `purpose`, `remarks`, `business_unit`, `created_at`, `updated_at`) VALUES
(2, 11, '2023-11-27', 1, 1, 1500.75, 'Purchase of office supplies', NULL, 'PSML', '2023-11-27 06:41:17', '2023-11-27 09:24:11');
INSERT INTO `acc_cash_requisitions` (`id`, `acc_cost_center_id`, `applied_date`, `requisitor_id`, `scm_pr_id`, `total_amount`, `purpose`, `remarks`, `business_unit`, `created_at`, `updated_at`) VALUES
(3, 11, '2023-11-27', 6, 1, 500.00, 'Purchase of office supplies', NULL, 'PSML', '2023-11-27 06:42:38', '2023-11-27 06:42:38');
INSERT INTO `acc_cash_requisitions` (`id`, `acc_cost_center_id`, `applied_date`, `requisitor_id`, `scm_pr_id`, `total_amount`, `purpose`, `remarks`, `business_unit`, `created_at`, `updated_at`) VALUES
(4, 11, '2023-11-27', 2, 1, 80.00, 'Purchase of office supplies', NULL, 'PSML', '2023-11-27 06:44:43', '2023-11-27 06:44:43');
INSERT INTO `acc_cash_requisitions` (`id`, `acc_cost_center_id`, `applied_date`, `requisitor_id`, `scm_pr_id`, `total_amount`, `purpose`, `remarks`, `business_unit`, `created_at`, `updated_at`) VALUES
(5, 11, '2023-01-27', 9, 51, 8000.00, 'Purchase of office supplies', NULL, 'PSML', '2023-11-27 06:45:38', '2023-11-27 06:45:38'),
(6, 11, '2023-11-27', 2, 1, 300000.00, 'Purchase of office supplies', NULL, 'PSML', '2023-11-27 06:47:24', '2023-11-27 06:47:24'),
(7, 4, '2022-11-27', 6, 51, 2000.00, 'Purchase of office supplies', NULL, 'PSML', '2023-11-27 06:48:16', '2023-11-27 06:48:16');

INSERT INTO `acc_cost_centers` (`id`, `name`, `short_name`, `type`, `business_unit`, `created_at`, `updated_at`) VALUES
(4, 'BG EMPRESS', 'BGEMP', 'Bulk Carrier', 'PSML', '2023-10-25 05:15:57', '2023-10-26 06:14:37');
INSERT INTO `acc_cost_centers` (`id`, `name`, `short_name`, `type`, `business_unit`, `created_at`, `updated_at`) VALUES
(11, 'BG MAJESTY', 'BG-MAJ', 'Bulk Carrier', 'PSML', '2023-11-17 11:08:45', '2023-11-17 11:42:11');




INSERT INTO `acc_fixed_asset_costs` (`id`, `acc_fixed_asset_id`, `particular`, `remarks`, `amount`, `created_at`, `updated_at`) VALUES
(25, 4, 'Cost1', NULL, 200.00, '2023-11-20 18:45:30', '2023-11-20 18:45:30');
INSERT INTO `acc_fixed_asset_costs` (`id`, `acc_fixed_asset_id`, `particular`, `remarks`, `amount`, `created_at`, `updated_at`) VALUES
(26, 4, 'Cost2', NULL, 300.00, '2023-11-20 18:45:30', '2023-11-20 18:45:30');
INSERT INTO `acc_fixed_asset_costs` (`id`, `acc_fixed_asset_id`, `particular`, `remarks`, `amount`, `created_at`, `updated_at`) VALUES
(27, 4, 'Cost3', NULL, 400.00, '2023-11-20 18:45:30', '2023-11-20 18:45:30');
INSERT INTO `acc_fixed_asset_costs` (`id`, `acc_fixed_asset_id`, `particular`, `remarks`, `amount`, `created_at`, `updated_at`) VALUES
(31, 2, 'Cost1', NULL, 1000.00, '2023-11-24 11:59:33', '2023-11-24 11:59:33'),
(32, 2, 'Cost2', NULL, 300.00, '2023-11-24 11:59:33', '2023-11-24 11:59:33'),
(33, 2, 'Cost3', NULL, 500.00, '2023-11-24 11:59:33', '2023-11-24 11:59:33'),
(34, 6, 'Eum minima porro fug', 'Tempore sapiente do', 90.00, '2023-11-27 11:34:32', '2023-11-27 11:34:32');

INSERT INTO `acc_fixed_assets` (`id`, `acc_cost_center_id`, `scm_mrr_id`, `scm_material_id`, `brand`, `model`, `serial`, `acc_parent_account_id`, `acc_account_id`, `asset_tag`, `location`, `acquisition_date`, `useful_life`, `depreciation_rate`, `acquisition_cost`, `business_unit`, `created_at`, `updated_at`) VALUES
(2, 4, 456, 789, 'ExampleBrand', 'ExampleModel', 'Serial123', 101, 202, 'AssetTag001', 'ExampleLocation', '2023-01-01', 5.00, 10.00, 1500.00, 'PSML', '2023-11-20 18:30:26', '2023-11-20 18:30:26');
INSERT INTO `acc_fixed_assets` (`id`, `acc_cost_center_id`, `scm_mrr_id`, `scm_material_id`, `brand`, `model`, `serial`, `acc_parent_account_id`, `acc_account_id`, `asset_tag`, `location`, `acquisition_date`, `useful_life`, `depreciation_rate`, `acquisition_cost`, `business_unit`, `created_at`, `updated_at`) VALUES
(4, 4, 456, 789, 'ExampleBrand', 'ExampleModel', 'Serial123', 101, 202, 'AssetTag001', 'ExampleLocation', '2023-01-01', 5.00, 10.00, 1500.00, 'PSML', '2023-11-20 18:45:30', '2023-11-20 18:45:30');
INSERT INTO `acc_fixed_assets` (`id`, `acc_cost_center_id`, `scm_mrr_id`, `scm_material_id`, `brand`, `model`, `serial`, `acc_parent_account_id`, `acc_account_id`, `asset_tag`, `location`, `acquisition_date`, `useful_life`, `depreciation_rate`, `acquisition_cost`, `business_unit`, `created_at`, `updated_at`) VALUES
(6, 4, 2, 12, 'Natus minim beatae e', 'Pariatur Dolores si', 'Porro consequuntur l', 203, 1, 'Vel autem dolor inve', 'Placeat quas iste c', '1996-11-05', 45.00, 76.00, 90.00, 'PSML', '2023-11-27 11:34:32', '2023-11-27 11:34:32');

INSERT INTO `acc_ledger_entries` (`id`, `acc_transaction_id`, `acc_balance_and_income_line_id`, `acc_cost_center_id`, `acc_account_id`, `dr_amount`, `cr_amount`, `ref_bill`, `bill_status`, `purpose`, `remarks`, `created_at`, `updated_at`) VALUES
(14, 6, 35, 20, 40, NULL, '313700.00', NULL, NULL, 'Installment - 8', NULL, '2022-05-18 16:55:48', '2023-10-29 10:37:10');
INSERT INTO `acc_ledger_entries` (`id`, `acc_transaction_id`, `acc_balance_and_income_line_id`, `acc_cost_center_id`, `acc_account_id`, `dr_amount`, `cr_amount`, `ref_bill`, `bill_status`, `purpose`, `remarks`, `created_at`, `updated_at`) VALUES
(15, 6, 8, 20, 70, '313700.00', NULL, NULL, NULL, NULL, NULL, '2022-05-18 16:55:48', '2023-10-29 10:37:10');
INSERT INTO `acc_ledger_entries` (`id`, `acc_transaction_id`, `acc_balance_and_income_line_id`, `acc_cost_center_id`, `acc_account_id`, `dr_amount`, `cr_amount`, `ref_bill`, `bill_status`, `purpose`, `remarks`, `created_at`, `updated_at`) VALUES
(16, 7, 35, 20, 40, NULL, '686300.00', NULL, NULL, 'Installment - 7', NULL, '2022-05-18 17:25:41', '2023-10-29 10:37:10');
INSERT INTO `acc_ledger_entries` (`id`, `acc_transaction_id`, `acc_balance_and_income_line_id`, `acc_cost_center_id`, `acc_account_id`, `dr_amount`, `cr_amount`, `ref_bill`, `bill_status`, `purpose`, `remarks`, `created_at`, `updated_at`) VALUES
(17, 7, 8, 20, 70, '686300.00', NULL, NULL, NULL, NULL, NULL, '2022-05-18 17:25:41', '2023-10-29 10:37:10'),
(18, 8, 35, 18, 185, NULL, '300000.00', NULL, NULL, 'Installment - 4', NULL, '2022-05-18 17:53:18', '2023-10-29 10:37:10'),
(19, 8, 8, 18, 70, '300000.00', NULL, NULL, NULL, NULL, NULL, '2022-05-18 17:53:18', '2023-10-29 10:37:10'),
(20, 9, 35, 18, 184, NULL, '300000.00', NULL, NULL, 'Installment - 4', NULL, '2022-05-18 17:54:02', '2023-10-29 10:37:11'),
(21, 9, 8, 18, 70, '300000.00', NULL, NULL, NULL, NULL, NULL, '2022-05-18 17:54:02', '2023-10-29 10:37:10'),
(22, 10, 35, 17, 47, NULL, '4081750.00', NULL, NULL, 'Installment - 1', NULL, '2022-05-18 17:56:22', '2023-10-29 10:37:11'),
(23, 10, 8, 17, 70, '4081750.00', NULL, NULL, NULL, NULL, NULL, '2022-05-18 17:56:22', '2023-10-29 10:37:10'),
(37, 12, 35, 19, 32, NULL, '350000.00', NULL, NULL, 'Installment - 22', NULL, '2022-05-19 12:34:13', '2023-10-29 10:37:11'),
(38, 12, 35, 19, 32, NULL, '350000.00', NULL, NULL, 'Installment - 23', NULL, '2022-05-19 12:34:13', '2023-10-29 10:37:11'),
(39, 12, 35, 19, 32, NULL, '350000.00', NULL, NULL, 'Installment - 24', NULL, '2022-05-19 12:34:13', '2023-10-29 10:37:11'),
(40, 12, 35, 19, 32, NULL, '350000.00', NULL, NULL, 'Installment - 25', NULL, '2022-05-19 12:34:13', '2023-10-29 10:37:11'),
(41, 12, 35, 19, 32, NULL, '350000.00', NULL, NULL, 'Installment - 26', NULL, '2022-05-19 12:34:13', '2023-10-29 10:37:11'),
(42, 12, 35, 19, 32, NULL, '350000.00', NULL, NULL, 'Installment - 27', NULL, '2022-05-19 12:34:13', '2023-10-29 10:37:11'),
(43, 12, 35, 19, 32, NULL, '350000.00', NULL, NULL, 'Installment - 28', NULL, '2022-05-19 12:34:13', '2023-10-29 10:37:11'),
(44, 12, 35, 19, 32, NULL, '350000.00', NULL, NULL, 'Installment - 29', NULL, '2022-05-19 12:34:13', '2023-10-29 10:37:11'),
(45, 12, 35, 19, 32, NULL, '350000.00', NULL, NULL, 'Installment - 30', NULL, '2022-05-19 12:34:13', '2023-10-29 10:37:11'),
(46, 12, 35, 19, 32, NULL, '350000.00', NULL, NULL, 'Installment - 31', NULL, '2022-05-19 12:34:13', '2023-10-29 10:37:11'),
(47, 12, 35, 19, 32, NULL, '1500000.00', NULL, NULL, 'Installment - 32', NULL, '2022-05-19 12:34:13', '2023-10-29 10:37:11'),
(48, 12, 35, 19, 32, NULL, '1500000.00', NULL, NULL, 'Installment - 33', NULL, '2022-05-19 12:34:13', '2023-10-29 10:37:11'),
(49, 12, 35, 19, 32, NULL, '2726500.00', NULL, NULL, 'Installment - 34', NULL, '2022-05-19 12:34:13', '2023-10-29 10:37:11'),
(50, 12, 109, 19, 287, NULL, '773500.00', NULL, NULL, NULL, NULL, '2022-05-19 12:34:13', '2023-10-29 10:37:11'),
(51, 12, 31, 19, 285, '10000000.00', NULL, NULL, NULL, NULL, NULL, '2022-05-19 12:34:13', '2023-10-29 10:37:11'),
(52, 13, 35, 20, 36, NULL, '150000.00', NULL, NULL, 'Installment - 9', NULL, '2022-05-19 15:13:16', '2023-10-29 10:37:11'),
(53, 13, 31, 20, 285, '150000.00', NULL, NULL, NULL, NULL, NULL, '2022-05-19 15:13:16', '2023-10-29 10:37:11'),
(54, 14, 35, 20, 36, NULL, '225000.00', NULL, NULL, 'Installment - 8', NULL, '2022-05-19 15:20:42', '2023-10-29 10:37:11'),
(55, 14, 35, 20, 36, NULL, '25000.00', NULL, NULL, 'Installment - 9', NULL, '2022-05-19 15:20:42', '2023-10-29 10:37:11'),
(56, 14, 31, 20, 285, '250000.00', NULL, NULL, NULL, NULL, NULL, '2022-05-19 15:20:42', '2023-10-29 10:37:11'),
(57, 15, 35, 20, 36, NULL, '50000.00', NULL, NULL, 'Installment - 9', NULL, '2022-05-19 16:00:33', '2023-10-29 10:37:11'),
(58, 15, 35, 20, 36, NULL, '225000.00', NULL, NULL, 'Installment - 10', NULL, '2022-05-19 16:00:33', '2023-10-29 10:37:11'),
(59, 15, 35, 20, 36, NULL, '144000.00', NULL, NULL, 'Installment - 11', NULL, '2022-05-19 16:00:33', '2023-10-29 10:37:11'),
(60, 15, 8, 20, 73, '419000.00', NULL, NULL, NULL, NULL, NULL, '2022-05-19 16:00:33', '2023-10-29 10:37:12'),
(61, 16, 35, 20, 36, NULL, '31000.00', NULL, NULL, 'Installment - 11', NULL, '2022-05-19 16:07:35', '2023-10-29 10:37:11'),
(62, 16, 8, 20, 73, '31000.00', NULL, NULL, NULL, NULL, NULL, '2022-05-19 16:07:35', '2023-10-29 10:37:12'),
(63, 17, 35, 16, 43, NULL, '300000.00', NULL, NULL, 'Installment - 21', NULL, '2022-05-19 16:19:45', '2023-10-29 10:37:12'),
(64, 17, 31, 16, 285, '300000.00', NULL, NULL, NULL, NULL, NULL, '2022-05-19 16:19:45', '2023-10-29 10:37:11'),
(65, 18, 35, 16, 43, NULL, '300000.00', NULL, NULL, 'Installment - 26', NULL, '2022-05-19 16:48:57', '2023-10-29 10:37:12'),
(66, 18, 8, 16, 70, '300000.00', NULL, NULL, NULL, NULL, NULL, '2022-05-19 16:48:57', '2023-10-29 10:37:10'),
(69, 20, 35, 16, 43, NULL, '300000.00', NULL, NULL, 'Installment - 25', NULL, '2022-05-19 16:50:42', '2023-10-29 10:37:12'),
(70, 20, 8, 16, 70, '300000.00', NULL, NULL, NULL, NULL, NULL, '2022-05-19 16:50:42', '2023-10-29 10:37:10'),
(71, 21, 35, 16, 43, NULL, '300000.00', NULL, NULL, 'Installment - 24', NULL, '2022-05-19 16:51:46', '2023-10-29 10:37:12'),
(72, 21, 8, 16, 70, '300000.00', NULL, NULL, NULL, NULL, NULL, '2022-05-19 16:51:46', '2023-10-29 10:37:10'),
(102, 31, 35, 20, 35, NULL, '800000.00', NULL, NULL, 'Down Payment', NULL, '2022-06-20 16:16:02', '2023-10-29 10:37:12'),
(103, 31, 31, 20, 475, '800000.00', NULL, NULL, NULL, NULL, NULL, '2022-06-20 16:16:02', '2023-10-29 10:37:13'),
(104, 32, 35, 20, 35, NULL, '800000.00', NULL, NULL, 'Down Payment', NULL, '2022-06-20 16:18:02', '2023-10-29 10:37:12'),
(105, 32, 31, 20, 475, '800000.00', NULL, NULL, NULL, NULL, NULL, '2022-06-20 16:18:02', '2023-10-29 10:37:13'),
(106, 33, 35, 20, 35, NULL, '400000.00', NULL, NULL, 'Down Payment', NULL, '2022-06-20 16:19:05', '2023-10-29 10:37:12');
INSERT INTO `acc_ledger_entries` (`id`, `acc_transaction_id`, `acc_balance_and_income_line_id`, `acc_cost_center_id`, `acc_account_id`, `dr_amount`, `cr_amount`, `ref_bill`, `bill_status`, `purpose`, `remarks`, `created_at`, `updated_at`) VALUES
(107, 33, 31, 20, 475, '400000.00', NULL, NULL, NULL, NULL, NULL, '2022-06-20 16:19:05', '2023-10-29 10:37:13'),
(108, 34, 35, 20, 35, NULL, '500000.00', NULL, NULL, 'Down Payment', NULL, '2022-06-20 16:23:04', '2023-10-29 10:37:12'),
(109, 34, 31, 20, 475, '500000.00', NULL, NULL, NULL, NULL, NULL, '2022-06-20 16:23:04', '2023-10-29 10:37:13'),
(110, 35, 35, 20, 35, NULL, '150000.00', NULL, NULL, 'Installment - 1', NULL, '2022-06-20 16:33:04', '2023-10-29 10:37:12'),
(111, 35, 31, 20, 475, '150000.00', NULL, NULL, NULL, NULL, NULL, '2022-06-20 16:33:04', '2023-10-29 10:37:13'),
(112, 36, 35, 20, 35, NULL, '150000.00', NULL, NULL, 'Installment - 2', NULL, '2022-06-20 16:35:56', '2023-10-29 10:37:12'),
(113, 36, 31, 20, 475, '150000.00', NULL, NULL, NULL, NULL, NULL, '2022-06-20 16:35:56', '2023-10-29 10:37:13'),
(114, 37, 35, 20, 35, NULL, '150000.00', NULL, NULL, 'Installment - 3', NULL, '2022-06-20 16:37:38', '2023-10-29 10:37:12'),
(115, 37, 31, 20, 475, '150000.00', NULL, NULL, NULL, NULL, NULL, '2022-06-20 16:37:38', '2023-10-29 10:37:13'),
(116, 38, 35, 20, 35, NULL, '150000.00', NULL, NULL, 'Installment - 4', NULL, '2022-06-20 16:45:07', '2023-10-29 10:37:12'),
(117, 38, 8, 20, 70, '150000.00', NULL, NULL, NULL, NULL, NULL, '2022-06-20 16:45:07', '2023-10-29 10:37:10'),
(120, 40, 35, 20, 35, NULL, '150000.00', NULL, NULL, 'Installment - 5', NULL, '2022-06-20 16:52:17', '2023-10-29 10:37:12'),
(121, 40, 31, 20, 475, '150000.00', NULL, NULL, NULL, NULL, NULL, '2022-06-20 16:52:17', '2023-10-29 10:37:13'),
(122, 41, 35, 20, 35, NULL, '150000.00', NULL, NULL, 'Installment - 6', NULL, '2022-06-20 16:53:31', '2023-10-29 10:37:12'),
(123, 41, 8, 20, 70, '150000.00', NULL, NULL, NULL, NULL, NULL, '2022-06-20 16:53:31', '2023-10-29 10:37:10'),
(124, 42, 35, 20, 35, NULL, '150000.00', NULL, NULL, 'Installment - 7', NULL, '2022-06-20 17:49:00', '2023-10-29 10:37:12'),
(125, 42, 8, 20, 70, '150000.00', NULL, NULL, NULL, NULL, NULL, '2022-06-20 17:49:00', '2023-10-29 10:37:10'),
(126, 43, 35, 20, 35, NULL, '150000.00', NULL, NULL, 'Installment - 8', NULL, '2022-06-20 17:50:34', '2023-10-29 10:37:12'),
(127, 43, 31, 20, 285, '150000.00', NULL, NULL, NULL, NULL, NULL, '2022-06-20 17:50:34', '2023-10-29 10:37:11'),
(128, 44, 35, 20, 35, NULL, '150000.00', NULL, NULL, 'Installment - 9', NULL, '2022-06-20 17:51:50', '2023-10-29 10:37:12'),
(129, 44, 8, 20, 74, '150000.00', NULL, NULL, NULL, NULL, NULL, '2022-06-20 17:51:50', '2023-10-29 10:37:13'),
(130, 45, 35, 20, 35, NULL, '150000.00', NULL, NULL, 'Installment - 10', NULL, '2022-06-20 17:55:21', '2023-10-29 10:37:12'),
(131, 45, 8, 20, 74, '150000.00', NULL, NULL, NULL, NULL, NULL, '2022-06-20 17:55:21', '2023-10-29 10:37:13'),
(132, 46, 35, 20, 35, NULL, '150000.00', NULL, NULL, 'Installment - 11', NULL, '2022-06-20 17:59:26', '2023-10-29 10:37:12'),
(133, 46, 31, 20, 285, '150000.00', NULL, NULL, NULL, NULL, NULL, '2022-06-20 17:59:26', '2023-10-29 10:37:11'),
(134, 47, 35, 20, 35, NULL, '500000.00', NULL, NULL, 'Installment - 12', NULL, '2022-06-20 18:00:31', '2023-10-29 10:37:12'),
(135, 47, 31, 20, 285, '500000.00', NULL, NULL, NULL, NULL, NULL, '2022-06-20 18:00:31', '2023-10-29 10:37:11'),
(136, 48, 35, 20, 35, NULL, '650000.00', NULL, NULL, 'Installment - 12', NULL, '2022-06-21 17:45:30', '2023-10-29 10:37:12'),
(137, 48, 31, 20, 285, '650000.00', NULL, NULL, NULL, NULL, NULL, '2022-06-21 17:45:30', '2023-10-29 10:37:11'),
(138, 49, 35, 20, 35, NULL, '200000.00', NULL, NULL, 'Installment - 13', NULL, '2022-06-21 17:46:08', '2023-10-29 10:37:12'),
(139, 49, 31, 20, 285, '200000.00', NULL, NULL, NULL, NULL, NULL, '2022-06-21 17:46:08', '2023-10-29 10:37:11'),
(140, 50, 35, 20, 35, NULL, '200000.00', NULL, NULL, 'Installment - 14', NULL, '2022-06-21 17:46:48', '2023-10-29 10:37:12'),
(141, 50, 8, 20, 70, '200000.00', NULL, NULL, NULL, NULL, NULL, '2022-06-21 17:46:48', '2023-10-29 10:37:10'),
(142, 51, 35, 20, 35, NULL, '200000.00', NULL, NULL, 'Installment - 15', NULL, '2022-06-21 17:48:15', '2023-10-29 10:37:12'),
(143, 51, 8, 20, 70, '200000.00', NULL, NULL, NULL, NULL, NULL, '2022-06-21 17:48:15', '2023-10-29 10:37:10'),
(144, 52, 35, 20, 35, NULL, '200000.00', NULL, NULL, 'Installment - 16', NULL, '2022-06-21 17:49:56', '2023-10-29 10:37:12'),
(145, 52, 8, 20, 70, '200000.00', NULL, NULL, NULL, NULL, NULL, '2022-06-21 17:49:56', '2023-10-29 10:37:10'),
(146, 53, 35, 20, 35, NULL, '200000.00', NULL, NULL, 'Installment - 17', NULL, '2022-06-21 17:50:42', '2023-10-29 10:37:12'),
(147, 53, 8, 20, 70, '200000.00', NULL, NULL, NULL, NULL, NULL, '2022-06-21 17:50:42', '2023-10-29 10:37:10'),
(148, 54, 35, 20, 35, NULL, '200000.00', NULL, NULL, 'Installment - 18', NULL, '2022-06-21 17:53:05', '2023-10-29 10:37:12'),
(149, 54, 31, 20, 285, '200000.00', NULL, NULL, NULL, NULL, NULL, '2022-06-21 17:53:05', '2023-10-29 10:37:11'),
(150, 55, 35, 20, 35, NULL, '200000.00', NULL, NULL, 'Installment - 19', NULL, '2022-06-21 17:57:51', '2023-10-29 10:37:12'),
(151, 55, 8, 20, 70, '200000.00', NULL, NULL, NULL, NULL, NULL, '2022-06-21 17:57:51', '2023-10-29 10:37:10'),
(152, 56, 35, 20, 35, NULL, '200000.00', NULL, NULL, 'Installment - 20', NULL, '2022-06-21 17:58:45', '2023-10-29 10:37:12'),
(153, 56, 8, 20, 70, '200000.00', NULL, NULL, NULL, NULL, NULL, '2022-06-21 17:58:45', '2023-10-29 10:37:10'),
(154, 57, 35, 20, 35, NULL, '200000.00', NULL, NULL, 'Installment - 21', NULL, '2022-06-21 18:00:50', '2023-10-29 10:37:12'),
(155, 57, 8, 20, 70, '200000.00', NULL, NULL, NULL, NULL, NULL, '2022-06-21 18:00:50', '2023-10-29 10:37:10'),
(156, 58, 35, 20, 35, NULL, '200000.00', NULL, NULL, 'Installment - 22', NULL, '2022-06-21 18:01:59', '2023-10-29 10:37:12'),
(157, 58, 8, 20, 70, '200000.00', NULL, NULL, NULL, NULL, NULL, '2022-06-21 18:01:59', '2023-10-29 10:37:10'),
(158, 59, 35, 20, 35, NULL, '200000.00', NULL, NULL, 'Installment - 23', NULL, '2022-06-21 18:02:43', '2023-10-29 10:37:12'),
(159, 59, 8, 20, 70, '200000.00', NULL, NULL, NULL, NULL, NULL, '2022-06-21 18:02:43', '2023-10-29 10:37:10'),
(160, 60, 35, 20, 35, NULL, '100000.00', NULL, NULL, 'Installment - 24', NULL, '2022-06-21 18:03:36', '2023-10-29 10:37:12'),
(161, 60, 8, 20, 70, '100000.00', NULL, NULL, NULL, NULL, NULL, '2022-06-21 18:03:36', '2023-10-29 10:37:10'),
(162, 61, 35, 20, 35, NULL, '300000.00', NULL, NULL, 'Installment - 24', NULL, '2022-06-21 18:04:39', '2023-10-29 10:37:12'),
(163, 61, 8, 20, 70, '300000.00', NULL, NULL, NULL, NULL, NULL, '2022-06-21 18:04:39', '2023-10-29 10:37:10'),
(164, 62, 35, 20, 35, NULL, '500000.00', NULL, NULL, 'Installment - 24', NULL, '2022-06-21 18:06:13', '2023-10-29 10:37:12'),
(165, 62, 8, 20, 70, '500000.00', NULL, NULL, NULL, NULL, NULL, '2022-06-21 18:06:13', '2023-10-29 10:37:10'),
(166, 63, 35, 20, 35, NULL, '200000.00', NULL, NULL, 'Installment - 25', NULL, '2022-06-21 18:06:47', '2023-10-29 10:37:12'),
(167, 63, 8, 20, 70, '200000.00', NULL, NULL, NULL, NULL, NULL, '2022-06-21 18:06:47', '2023-10-29 10:37:10'),
(168, 64, 35, 20, 35, NULL, '200000.00', NULL, NULL, 'Installment - 26', NULL, '2022-06-21 18:07:21', '2023-10-29 10:37:12'),
(169, 64, 8, 20, 70, '200000.00', NULL, NULL, NULL, NULL, NULL, '2022-06-21 18:07:21', '2023-10-29 10:37:10'),
(170, 65, 35, 20, 35, NULL, '200000.00', NULL, NULL, 'Installment - 27', NULL, '2022-06-21 18:12:19', '2023-10-29 10:37:12'),
(171, 65, 8, 20, 70, '200000.00', NULL, NULL, NULL, NULL, NULL, '2022-06-21 18:12:19', '2023-10-29 10:37:10'),
(172, 66, 35, 20, 35, NULL, '200000.00', NULL, NULL, 'Installment - 28', NULL, '2022-06-21 18:13:13', '2023-10-29 10:37:12'),
(173, 66, 31, 20, 285, '200000.00', NULL, NULL, NULL, NULL, NULL, '2022-06-21 18:13:13', '2023-10-29 10:37:11'),
(174, 67, 35, 20, 35, NULL, '200000.00', NULL, NULL, 'Installment - 29', NULL, '2022-06-21 18:14:23', '2023-10-29 10:37:12'),
(175, 67, 8, 20, 70, '200000.00', NULL, NULL, NULL, NULL, NULL, '2022-06-21 18:14:23', '2023-10-29 10:37:10'),
(176, 68, 35, 20, 35, NULL, '200000.00', NULL, NULL, 'Installment - 30', NULL, '2022-06-21 18:17:55', '2023-10-29 10:37:12'),
(177, 68, 31, 20, 285, '200000.00', NULL, NULL, NULL, NULL, NULL, '2022-06-21 18:17:55', '2023-10-29 10:37:11'),
(178, 69, 35, 20, 35, NULL, '200000.00', NULL, NULL, 'Installment - 31', NULL, '2022-06-22 11:08:32', '2023-10-29 10:37:12'),
(179, 69, 8, 20, 70, '200000.00', NULL, NULL, NULL, NULL, NULL, '2022-06-22 11:08:32', '2023-10-29 10:37:10'),
(180, 70, 35, 20, 35, NULL, '200000.00', NULL, NULL, 'Installment - 32', NULL, '2022-06-22 11:10:55', '2023-10-29 10:37:12'),
(181, 70, 31, 20, 285, '200000.00', NULL, NULL, NULL, NULL, NULL, '2022-06-22 11:10:55', '2023-10-29 10:37:11'),
(182, 71, 35, 20, 35, NULL, '200000.00', NULL, NULL, 'Installment - 33', NULL, '2022-06-22 11:11:22', '2023-10-29 10:37:12'),
(183, 71, 31, 20, 285, '200000.00', NULL, NULL, NULL, NULL, NULL, '2022-06-22 11:11:22', '2023-10-29 10:37:11'),
(184, 72, 35, 20, 35, NULL, '200000.00', NULL, NULL, 'Installment - 34', NULL, '2022-06-22 11:13:16', '2023-10-29 10:37:12'),
(185, 72, 31, 20, 285, '200000.00', NULL, NULL, NULL, NULL, NULL, '2022-06-22 11:13:16', '2023-10-29 10:37:11'),
(186, 73, 35, 20, 35, NULL, '200000.00', NULL, NULL, 'Installment - 35', NULL, '2022-06-22 11:13:48', '2023-10-29 10:37:12'),
(187, 73, 8, 20, 70, '200000.00', NULL, NULL, NULL, NULL, NULL, '2022-06-22 11:13:48', '2023-10-29 10:37:10'),
(188, 74, 35, 20, 35, NULL, '200000.00', NULL, NULL, 'Installment - 36', NULL, '2022-06-22 11:15:27', '2023-10-29 10:37:12'),
(189, 74, 31, 20, 285, '200000.00', NULL, NULL, NULL, NULL, NULL, '2022-06-22 11:15:27', '2023-10-29 10:37:11'),
(190, 75, 35, 20, 35, NULL, '200000.00', NULL, NULL, 'Installment - 37', NULL, '2022-06-22 11:19:54', '2023-10-29 10:37:12'),
(191, 75, 8, 20, 70, '200000.00', NULL, NULL, NULL, NULL, NULL, '2022-06-22 11:19:54', '2023-10-29 10:37:10'),
(192, 76, 35, 20, 35, NULL, '200000.00', NULL, NULL, 'Installment - 38', NULL, '2022-06-22 11:20:34', '2023-10-29 10:37:12'),
(193, 76, 8, 20, 70, '200000.00', NULL, NULL, NULL, NULL, NULL, '2022-06-22 11:20:35', '2023-10-29 10:37:10'),
(194, 77, 35, 20, 35, NULL, '1000000.00', NULL, NULL, 'Installment - 39', NULL, '2022-06-22 11:21:32', '2023-10-29 10:37:12'),
(195, 77, 31, 20, 285, '1000000.00', NULL, NULL, NULL, NULL, NULL, '2022-06-22 11:21:32', '2023-10-29 10:37:11'),
(196, 78, 35, 20, 35, NULL, '200000.00', NULL, NULL, 'Installment - 40', NULL, '2022-06-22 11:21:59', '2023-10-29 10:37:12'),
(197, 78, 8, 20, 70, '200000.00', NULL, NULL, NULL, NULL, NULL, '2022-06-22 11:21:59', '2023-10-29 10:37:10'),
(198, 79, 35, 20, 35, NULL, '200000.00', NULL, NULL, 'Installment - 40', NULL, '2022-06-22 11:22:23', '2023-10-29 10:37:13'),
(199, 79, 31, 20, 285, '200000.00', NULL, NULL, NULL, NULL, NULL, '2022-06-22 11:22:23', '2023-10-29 10:37:11'),
(200, 80, 35, 20, 35, NULL, '200000.00', NULL, NULL, 'Installment - 40', NULL, '2022-06-22 11:22:47', '2023-10-29 10:37:13'),
(201, 80, 8, 20, 70, '200000.00', NULL, NULL, NULL, NULL, NULL, '2022-06-22 11:22:47', '2023-10-29 10:37:10'),
(202, 81, 35, 20, 35, NULL, '200000.00', NULL, NULL, 'Installment - 40', NULL, '2022-06-22 11:23:09', '2023-10-29 10:37:13'),
(203, 81, 8, 20, 70, '200000.00', NULL, NULL, NULL, NULL, NULL, '2022-06-22 11:23:09', '2023-10-29 10:37:10'),
(204, 82, 35, 20, 35, NULL, '200000.00', NULL, NULL, 'Installment - 40', NULL, '2022-06-22 11:23:28', '2023-10-29 10:37:13'),
(205, 82, 31, 20, 285, '200000.00', NULL, NULL, NULL, NULL, NULL, '2022-06-22 11:23:28', '2023-10-29 10:37:11'),
(206, 83, 35, 20, 35, NULL, '200000.00', NULL, NULL, 'Installment - 40', NULL, '2022-06-22 11:23:53', '2023-10-29 10:37:13'),
(207, 83, 8, 20, 70, '200000.00', NULL, NULL, NULL, NULL, NULL, '2022-06-22 11:23:53', '2023-10-29 10:37:10'),
(208, 84, 35, 20, 35, NULL, '200000.00', NULL, NULL, 'Installment - 40', NULL, '2022-06-22 11:33:45', '2023-10-29 10:37:13'),
(209, 84, 8, 20, 70, '200000.00', NULL, NULL, NULL, NULL, NULL, '2022-06-22 11:33:45', '2023-10-29 10:37:10'),
(210, 85, 35, 23, 48, NULL, '1500000.00', NULL, NULL, 'Booking Money', NULL, '2022-06-22 11:37:16', '2023-10-29 10:37:13'),
(211, 85, 8, 23, 78, '1500000.00', NULL, NULL, NULL, NULL, NULL, '2022-06-22 11:37:16', '2023-10-29 10:37:13'),
(212, 86, 35, 23, 48, NULL, '3500000.00', NULL, NULL, 'Booking Money', NULL, '2022-06-22 11:37:46', '2023-10-29 10:37:13'),
(213, 86, 31, 23, 285, '3500000.00', NULL, NULL, NULL, NULL, NULL, '2022-06-22 11:37:46', '2023-10-29 10:37:11'),
(214, 87, 35, 23, 48, NULL, '300000.00', NULL, NULL, 'Installment - 1', NULL, '2022-06-22 11:39:40', '2023-10-29 10:37:13'),
(215, 87, 35, 23, 48, NULL, '300000.00', NULL, NULL, 'Installment - 2', NULL, '2022-06-22 11:39:40', '2023-10-29 10:37:13'),
(216, 87, 35, 23, 48, NULL, '300000.00', NULL, NULL, 'Installment - 3', NULL, '2022-06-22 11:39:40', '2023-10-29 10:37:13'),
(217, 87, 35, 23, 48, NULL, '100000.00', NULL, NULL, 'Installment - 4', NULL, '2022-06-22 11:39:40', '2023-10-29 10:37:13'),
(218, 87, 31, 23, 285, '1000000.00', NULL, NULL, NULL, NULL, NULL, '2022-06-22 11:39:40', '2023-10-29 10:37:11'),
(219, 88, 35, 23, 48, NULL, '200000.00', NULL, NULL, 'Installment - 4', NULL, '2022-06-22 11:40:13', '2023-10-29 10:37:13'),
(220, 88, 35, 23, 48, NULL, '300000.00', NULL, NULL, 'Installment - 5', NULL, '2022-06-22 11:40:13', '2023-10-29 10:37:13'),
(221, 88, 35, 23, 48, NULL, '300000.00', NULL, NULL, 'Installment - 6', NULL, '2022-06-22 11:40:13', '2023-10-29 10:37:13'),
(222, 88, 35, 23, 48, NULL, '200000.00', NULL, NULL, 'Installment - 7', NULL, '2022-06-22 11:40:13', '2023-10-29 10:37:13'),
(223, 88, 31, 23, 285, '1000000.00', NULL, NULL, NULL, NULL, NULL, '2022-06-22 11:40:13', '2023-10-29 10:37:11'),
(224, 89, 35, 23, 48, NULL, '100000.00', NULL, NULL, 'Installment - 7', NULL, '2022-06-22 11:40:55', '2023-10-29 10:37:13'),
(225, 89, 35, 23, 48, NULL, '300000.00', NULL, NULL, 'Installment - 8', NULL, '2022-06-22 11:40:55', '2023-10-29 10:37:13'),
(226, 89, 35, 23, 48, NULL, '300000.00', NULL, NULL, 'Installment - 9', NULL, '2022-06-22 11:40:55', '2023-10-29 10:37:13'),
(227, 89, 35, 23, 48, NULL, '300000.00', NULL, NULL, 'Installment - 10', NULL, '2022-06-22 11:40:55', '2023-10-29 10:37:13'),
(228, 89, 31, 23, 285, '1000000.00', NULL, NULL, NULL, NULL, NULL, '2022-06-22 11:40:55', '2023-10-29 10:37:11'),
(229, 90, 35, 23, 48, NULL, '300000.00', NULL, NULL, 'Installment - 11', NULL, '2022-06-22 11:41:29', '2023-10-29 10:37:13'),
(230, 90, 35, 23, 48, NULL, '300000.00', NULL, NULL, 'Installment - 12', NULL, '2022-06-22 11:41:29', '2023-10-29 10:37:13'),
(231, 90, 35, 23, 48, NULL, '300000.00', NULL, NULL, 'Installment - 13', NULL, '2022-06-22 11:41:29', '2023-10-29 10:37:13'),
(232, 90, 35, 23, 48, NULL, '100000.00', NULL, NULL, 'Installment - 14', NULL, '2022-06-22 11:41:29', '2023-10-29 10:37:13'),
(233, 90, 31, 23, 285, '1000000.00', NULL, NULL, NULL, NULL, NULL, '2022-06-22 11:41:29', '2023-10-29 10:37:11'),
(234, 91, 35, 23, 48, NULL, '200000.00', NULL, NULL, 'Installment - 14', NULL, '2022-06-22 11:41:51', '2023-10-29 10:37:13'),
(235, 91, 35, 23, 48, NULL, '300000.00', NULL, NULL, 'Installment - 15', NULL, '2022-06-22 11:41:51', '2023-10-29 10:37:13'),
(236, 91, 8, 23, 78, '500000.00', NULL, NULL, NULL, NULL, NULL, '2022-06-22 11:41:51', '2023-10-29 10:37:13'),
(237, 92, 35, 23, 48, NULL, '300000.00', NULL, NULL, 'Installment - 16', NULL, '2022-06-22 11:42:24', '2023-10-29 10:37:13'),
(238, 92, 35, 23, 48, NULL, '200000.00', NULL, NULL, 'Installment - 17', NULL, '2022-06-22 11:42:24', '2023-10-29 10:37:13'),
(239, 92, 31, 23, 285, '500000.00', NULL, NULL, NULL, NULL, NULL, '2022-06-22 11:42:24', '2023-10-29 10:37:11'),
(240, 93, 35, 23, 48, NULL, '100000.00', NULL, NULL, 'Installment - 17', NULL, '2022-06-22 11:42:51', '2023-10-29 10:37:13');
INSERT INTO `acc_ledger_entries` (`id`, `acc_transaction_id`, `acc_balance_and_income_line_id`, `acc_cost_center_id`, `acc_account_id`, `dr_amount`, `cr_amount`, `ref_bill`, `bill_status`, `purpose`, `remarks`, `created_at`, `updated_at`) VALUES
(241, 93, 35, 23, 48, NULL, '300000.00', NULL, NULL, 'Installment - 18', NULL, '2022-06-22 11:42:51', '2023-10-29 10:37:13'),
(242, 93, 35, 23, 48, NULL, '100000.00', NULL, NULL, 'Installment - 19', NULL, '2022-06-22 11:42:51', '2023-10-29 10:37:13'),
(243, 93, 31, 23, 285, '500000.00', NULL, NULL, NULL, NULL, NULL, '2022-06-22 11:42:51', '2023-10-29 10:37:11'),
(244, 94, 35, 23, 48, NULL, '200000.00', NULL, NULL, 'Installment - 19', NULL, '2022-06-22 11:54:17', '2023-10-29 10:37:13'),
(245, 94, 35, 23, 48, NULL, '300000.00', NULL, NULL, 'Installment - 20', NULL, '2022-06-22 11:54:17', '2023-10-29 10:37:13'),
(246, 94, 35, 23, 48, NULL, '200000.00', NULL, NULL, 'Installment - 21', NULL, '2022-06-22 11:54:17', '2023-10-29 10:37:13'),
(247, 94, 8, 23, 70, '700000.00', NULL, NULL, NULL, NULL, NULL, '2022-06-22 11:54:17', '2023-10-29 10:37:10'),
(248, 95, 35, 23, 48, NULL, '100000.00', NULL, NULL, 'Installment - 21', NULL, '2022-06-22 12:38:29', '2023-10-29 10:37:13'),
(249, 95, 35, 23, 48, NULL, '180000.00', NULL, NULL, 'Installment - 22', NULL, '2022-06-22 12:38:29', '2023-10-29 10:37:13'),
(250, 95, 8, 23, 73, '280000.00', NULL, NULL, NULL, NULL, NULL, '2022-06-22 12:38:29', '2023-10-29 10:37:12'),
(251, 96, 35, 23, 48, NULL, '120000.00', NULL, NULL, 'Installment - 22', NULL, '2022-06-22 12:38:47', '2023-10-29 10:37:13'),
(252, 96, 8, 23, 78, '120000.00', NULL, NULL, NULL, NULL, NULL, '2022-06-22 12:38:47', '2023-10-29 10:37:13'),
(253, 97, 35, 14, 477, NULL, '300000.00', NULL, NULL, 'Booking Money', NULL, '2022-06-22 12:44:54', '2023-10-29 10:37:14'),
(254, 97, 8, 14, 73, '300000.00', NULL, NULL, NULL, NULL, NULL, '2022-06-22 12:44:54', '2023-10-29 10:37:12'),
(255, 98, 35, 14, 477, NULL, '100000.00', NULL, NULL, 'Booking Money', NULL, '2022-06-22 12:45:20', '2023-10-29 10:37:14'),
(256, 98, 8, 14, 73, '100000.00', NULL, NULL, NULL, NULL, NULL, '2022-06-22 12:45:20', '2023-10-29 10:37:12'),
(259, 100, 35, 14, 477, NULL, '100000.00', NULL, NULL, 'Booking Money', NULL, '2022-06-22 12:45:38', '2023-10-29 10:37:14'),
(260, 100, 8, 14, 73, '100000.00', NULL, NULL, NULL, NULL, NULL, '2022-06-22 12:45:38', '2023-10-29 10:37:12'),
(261, 101, 35, 14, 477, NULL, '400000.00', NULL, NULL, 'Booking Money', NULL, '2022-06-22 12:46:10', '2023-10-29 10:37:14'),
(262, 101, 8, 14, 73, '400000.00', NULL, NULL, NULL, NULL, NULL, '2022-06-22 12:46:10', '2023-10-29 10:37:12'),
(263, 102, 35, 14, 477, NULL, '500000.00', NULL, NULL, 'Booking Money', NULL, '2022-06-22 12:46:57', '2023-10-29 10:37:14'),
(264, 102, 8, 14, 73, '500000.00', NULL, NULL, NULL, NULL, NULL, '2022-06-22 12:46:57', '2023-10-29 10:37:12'),
(265, 103, 35, 23, 53, NULL, '500000.00', NULL, NULL, 'Booking Money', NULL, '2022-06-28 11:02:08', '2023-10-29 10:37:14'),
(266, 103, 31, 23, 285, '500000.00', NULL, NULL, NULL, NULL, NULL, '2022-06-28 11:02:08', '2023-10-29 10:37:11'),
(267, 104, 35, 23, 53, NULL, '500000.00', NULL, NULL, 'Booking Money', NULL, '2022-06-28 11:03:21', '2023-10-29 10:37:14'),
(268, 104, 31, 23, 475, '500000.00', NULL, NULL, NULL, NULL, NULL, '2022-06-28 11:03:21', '2023-10-29 10:37:13'),
(269, 105, 35, 23, 53, NULL, '1500000.00', NULL, NULL, 'Down Payment', NULL, '2022-06-28 11:04:00', '2023-10-29 10:37:14'),
(270, 105, 31, 23, 285, '1500000.00', NULL, NULL, NULL, NULL, NULL, '2022-06-28 11:04:00', '2023-10-29 10:37:11'),
(271, 106, 35, 23, 53, NULL, '500000.00', NULL, NULL, 'Down Payment', NULL, '2022-06-28 11:05:40', '2023-10-29 10:37:14'),
(272, 106, 31, 23, 285, '500000.00', NULL, NULL, NULL, NULL, NULL, '2022-06-28 11:05:40', '2023-10-29 10:37:11'),
(273, 107, 35, 23, 53, NULL, '500000.00', NULL, NULL, 'Down Payment', NULL, '2022-06-28 11:06:34', '2023-10-29 10:37:14'),
(274, 107, 8, 23, 78, '500000.00', NULL, NULL, NULL, NULL, NULL, '2022-06-28 11:06:34', '2023-10-29 10:37:13'),
(275, 108, 35, 23, 55, NULL, '500000.00', NULL, NULL, 'Booking Money', NULL, '2022-06-28 11:23:37', '2023-10-29 10:37:14'),
(276, 108, 31, 23, 285, '500000.00', NULL, NULL, NULL, NULL, NULL, '2022-06-28 11:23:37', '2023-10-29 10:37:11'),
(277, 109, 35, 23, 55, NULL, '500000.00', NULL, NULL, 'Booking Money', NULL, '2022-06-28 11:24:30', '2023-10-29 10:37:14'),
(278, 109, 31, 23, 475, '500000.00', NULL, NULL, NULL, NULL, NULL, '2022-06-28 11:24:30', '2023-10-29 10:37:13'),
(279, 110, 35, 23, 55, NULL, '1500000.00', NULL, NULL, 'Down Payment', NULL, '2022-06-28 11:25:47', '2023-10-29 10:37:14'),
(280, 110, 31, 23, 285, '1500000.00', NULL, NULL, NULL, NULL, NULL, '2022-06-28 11:25:47', '2023-10-29 10:37:11'),
(281, 111, 35, 23, 55, NULL, '500000.00', NULL, NULL, 'Down Payment', NULL, '2022-06-28 11:27:02', '2023-10-29 10:37:14'),
(282, 111, 31, 23, 285, '500000.00', NULL, NULL, NULL, NULL, NULL, '2022-06-28 11:27:02', '2023-10-29 10:37:11'),
(283, 112, 35, 23, 55, NULL, '500000.00', NULL, NULL, 'Down Payment', NULL, '2022-06-28 11:27:50', '2023-10-29 10:37:14'),
(284, 112, 8, 23, 78, '500000.00', NULL, NULL, NULL, NULL, NULL, '2022-06-28 11:27:50', '2023-10-29 10:37:13'),
(285, 113, 35, 23, 53, NULL, '900000.00', NULL, NULL, 'Installment - 1', NULL, '2022-06-28 11:29:08', '2023-10-29 10:37:14'),
(286, 113, 8, 23, 74, '900000.00', NULL, NULL, NULL, NULL, NULL, '2022-06-28 11:29:08', '2023-10-29 10:37:13'),
(289, 115, 35, 23, 53, NULL, '2000000.00', NULL, NULL, 'Installment - 2', NULL, '2022-06-28 11:30:37', '2023-10-29 10:37:14'),
(290, 115, 31, 23, 285, '2000000.00', NULL, NULL, NULL, NULL, NULL, '2022-06-28 11:30:37', '2023-10-29 10:37:11'),
(291, 116, 35, 23, 53, NULL, '2000000.00', NULL, NULL, 'Installment - 3', NULL, '2022-06-28 11:31:20', '2023-10-29 10:37:14');
INSERT INTO `acc_ledger_entries` (`id`, `acc_transaction_id`, `acc_balance_and_income_line_id`, `acc_cost_center_id`, `acc_account_id`, `dr_amount`, `cr_amount`, `ref_bill`, `bill_status`, `purpose`, `remarks`, `created_at`, `updated_at`) VALUES
(292, 116, 31, 23, 285, '2000000.00', NULL, NULL, NULL, NULL, NULL, '2022-06-28 11:31:20', '2023-10-29 10:37:11'),
(293, 117, 35, 23, 55, NULL, '900000.00', NULL, NULL, 'Installment - 1', NULL, '2022-06-28 11:32:52', '2023-10-29 10:37:14'),
(294, 117, 8, 23, 74, '900000.00', NULL, NULL, NULL, NULL, NULL, '2022-06-28 11:32:52', '2023-10-29 10:37:13'),
(295, 118, 35, 23, 55, NULL, '2000000.00', NULL, NULL, 'Installment - 2', NULL, '2022-06-28 11:33:48', '2023-10-29 10:37:14'),
(296, 118, 31, 23, 285, '2000000.00', NULL, NULL, NULL, NULL, NULL, '2022-06-28 11:33:48', '2023-10-29 10:37:11'),
(297, 119, 35, 23, 55, NULL, '2000000.00', NULL, NULL, 'Installment - 3', NULL, '2022-06-28 11:34:14', '2023-10-29 10:37:14'),
(298, 119, 31, 23, 285, '2000000.00', NULL, NULL, NULL, NULL, NULL, '2022-06-28 11:34:14', '2023-10-29 10:37:11'),
(299, 120, 35, 31, 284, NULL, '2500000.00', NULL, NULL, 'Booking Money', NULL, '2022-06-28 11:47:50', '2023-10-29 10:37:14'),
(300, 120, 31, 31, 285, '2500000.00', NULL, NULL, NULL, NULL, NULL, '2022-06-28 11:47:50', '2023-10-29 10:37:11'),
(303, 122, 35, 31, 284, NULL, '2500000.00', NULL, NULL, 'Down Payment', NULL, '2022-06-28 11:48:26', '2023-10-29 10:37:14'),
(304, 122, 8, 31, 78, '2500000.00', NULL, NULL, NULL, NULL, NULL, '2022-06-28 11:48:26', '2023-10-29 10:37:13'),
(305, 123, 35, 31, 284, NULL, '150000.00', NULL, NULL, 'Installment - 1', NULL, '2022-06-28 11:49:19', '2023-10-29 10:37:14'),
(306, 123, 8, 31, 70, '150000.00', NULL, NULL, NULL, NULL, NULL, '2022-06-28 11:49:19', '2023-10-29 10:37:10'),
(309, 125, 35, 25, 7, NULL, '500000.00', NULL, NULL, 'Booking Money', NULL, '2022-06-28 13:23:58', '2023-10-29 10:37:14'),
(310, 125, 8, 25, 71, '500000.00', NULL, NULL, NULL, NULL, NULL, '2022-06-28 13:23:58', '2023-10-29 10:37:14'),
(313, 127, 35, 25, 7, NULL, '870000.00', NULL, NULL, 'Booking Money', NULL, '2022-06-28 13:25:03', '2023-10-29 10:37:14'),
(314, 127, 31, 25, 285, '870000.00', NULL, NULL, NULL, NULL, NULL, '2022-06-28 13:25:03', '2023-10-29 10:37:11'),
(315, 128, 35, 25, 7, NULL, '630000.00', NULL, NULL, 'Booking Money', NULL, '2022-06-28 13:31:05', '2023-10-29 10:37:14'),
(316, 128, 31, 25, 285, '630000.00', NULL, NULL, NULL, NULL, NULL, '2022-06-28 13:31:05', '2023-10-29 10:37:11'),
(317, 129, 35, 25, 7, NULL, '300000.00', NULL, NULL, 'Down Payment', NULL, '2022-06-28 13:31:50', '2023-10-29 10:37:14'),
(318, 129, 31, 25, 285, '300000.00', NULL, NULL, NULL, NULL, NULL, '2022-06-28 13:31:50', '2023-10-29 10:37:11'),
(319, 130, 35, 25, 7, NULL, '1000000.00', NULL, NULL, 'Down Payment', NULL, '2022-06-28 13:33:17', '2023-10-29 10:37:14'),
(320, 130, 31, 25, 285, '1000000.00', NULL, NULL, NULL, NULL, NULL, '2022-06-28 13:33:17', '2023-10-29 10:37:11'),
(321, 131, 35, 25, 7, NULL, '500000.00', NULL, NULL, 'Down Payment', NULL, '2022-06-28 13:33:59', '2023-10-29 10:37:14'),
(322, 131, 31, 25, 285, '500000.00', NULL, NULL, NULL, NULL, NULL, '2022-06-28 13:33:59', '2023-10-29 10:37:11'),
(323, 132, 35, 25, 7, NULL, '600000.00', NULL, NULL, 'Installment - 1', NULL, '2022-06-28 13:36:34', '2023-10-29 10:37:14'),
(324, 132, 8, 25, 74, '600000.00', NULL, NULL, NULL, NULL, NULL, '2022-06-28 13:36:34', '2023-10-29 10:37:13'),
(325, 133, 35, 25, 7, NULL, '200000.00', NULL, NULL, 'Down Payment', NULL, '2022-06-28 13:37:27', '2023-10-29 10:37:14'),
(326, 133, 31, 25, 285, '200000.00', NULL, NULL, NULL, NULL, NULL, '2022-06-28 13:37:27', '2023-10-29 10:37:11'),
(327, 134, 35, 25, 7, NULL, '800000.00', NULL, NULL, 'Installment - 2', NULL, '2022-06-28 13:38:31', '2023-10-29 10:37:14'),
(328, 134, 31, 25, 285, '800000.00', NULL, NULL, NULL, NULL, NULL, '2022-06-28 13:38:31', '2023-10-29 10:37:11'),
(329, 135, 35, 14, 477, NULL, '300000.00', NULL, NULL, 'Booking Money', NULL, '2022-06-28 16:38:17', '2023-10-29 10:37:14'),
(330, 135, 8, 14, 73, '300000.00', NULL, NULL, NULL, NULL, NULL, '2022-06-28 16:38:17', '2023-10-29 10:37:12'),
(463, 194, 11, 14, 114, '23000.00', NULL, NULL, NULL, '15753_4230', NULL, '2022-11-20 17:38:52', '2023-10-29 10:37:14'),
(464, 194, 34, 14, 195, NULL, '23000.00', NULL, NULL, NULL, NULL, '2022-11-20 17:38:52', '2023-10-29 10:37:17'),
(465, 195, 11, 14, 114, '292180.00', NULL, NULL, NULL, '15755_4240', NULL, '2022-11-20 17:44:51', '2023-10-29 10:37:14'),
(466, 195, 11, 14, 110, '6900.00', NULL, NULL, NULL, '15755_4240', NULL, '2022-11-20 17:44:51', '2023-10-29 10:37:18'),
(467, 195, 11, 14, 115, '1200.00', NULL, NULL, NULL, '15755_4240', NULL, '2022-11-20 17:44:51', '2023-10-29 10:37:18'),
(468, 195, 34, 14, 195, NULL, '300280.00', NULL, NULL, NULL, NULL, '2022-11-20 17:44:51', '2023-10-29 10:37:17'),
(469, 196, 11, 14, 123, '55800.00', NULL, NULL, NULL, '15757_4248', NULL, '2022-11-20 17:48:51', '2023-10-29 10:37:18'),
(470, 196, 11, 14, 114, '240.00', NULL, NULL, NULL, '15757_4248', NULL, '2022-11-20 17:48:51', '2023-10-29 10:37:15'),
(471, 196, 34, 14, 195, NULL, '56040.00', NULL, NULL, NULL, NULL, '2022-11-20 17:48:51', '2023-10-29 10:37:17'),
(472, 197, 11, 14, 105, '47500.00', NULL, NULL, NULL, '15763_152', NULL, '2022-11-20 17:54:19', '2023-10-29 10:37:18'),
(473, 197, 34, 14, 280, NULL, '47500.00', NULL, NULL, NULL, NULL, '2022-11-20 17:54:19', '2023-10-29 10:37:18'),
(474, 198, 11, 30, 114, '278100.00', NULL, NULL, NULL, '15810_4386', NULL, '2022-11-20 17:54:37', '2023-10-29 10:37:16'),
(475, 198, 11, 30, 110, '6900.00', NULL, NULL, NULL, '15810_4386', NULL, '2022-11-20 17:54:37', '2023-10-29 10:37:18'),
(476, 198, 11, 30, 115, '900.00', NULL, NULL, NULL, '15810_4386', NULL, '2022-11-20 17:54:37', '2023-10-29 10:37:18'),
(477, 198, 34, 30, 195, NULL, '285900.00', NULL, NULL, NULL, NULL, '2022-11-20 17:54:37', '2023-10-29 10:37:17'),
(478, 199, 11, 30, 114, '30718.00', NULL, NULL, NULL, '15815_202205079401', NULL, '2022-11-20 17:56:55', '2023-10-29 10:37:16'),
(479, 199, 34, 30, 290, NULL, '30718.00', NULL, NULL, NULL, NULL, '2022-11-20 17:56:55', '2023-10-29 10:37:18'),
(480, 200, 11, 30, 123, '55830.00', NULL, NULL, NULL, '15814_4391', NULL, '2022-11-20 17:57:13', '2023-10-29 10:37:18'),
(481, 200, 11, 30, 114, '220.00', NULL, NULL, NULL, '15814_4391', NULL, '2022-11-20 17:57:13', '2023-10-29 10:37:16'),
(482, 200, 11, 30, 115, '85.00', NULL, NULL, NULL, '15814_4391', NULL, '2022-11-20 17:57:13', '2023-10-29 10:37:18'),
(483, 200, 34, 30, 195, NULL, '56135.00', NULL, NULL, NULL, NULL, '2022-11-20 17:57:13', '2023-10-29 10:37:17'),
(484, 201, 11, 14, 114, '29950.00', NULL, NULL, NULL, '15776_202206079401', NULL, '2022-11-20 17:58:42', '2023-10-29 10:37:16'),
(485, 201, 34, 14, 290, NULL, '29950.00', NULL, NULL, NULL, NULL, '2022-11-20 17:58:42', '2023-10-29 10:37:18'),
(486, 202, 11, 14, 121, '36153.00', NULL, NULL, NULL, '15769_22607', NULL, '2022-11-20 18:08:07', '2023-10-29 10:37:18'),
(487, 202, 34, 14, 296, NULL, '36153.00', NULL, NULL, NULL, NULL, '2022-11-20 18:08:07', '2023-10-29 10:37:19'),
(488, 203, 11, 14, 122, '572000.00', NULL, NULL, NULL, '157_1151137', NULL, '2022-11-20 18:09:04', '2023-10-29 10:37:19'),
(489, 203, 11, 14, 122, '308000.00', NULL, NULL, NULL, '157_1151138', NULL, '2022-11-20 18:09:04', '2023-10-29 10:37:19'),
(490, 203, 34, 14, 301, NULL, '880000.00', NULL, NULL, NULL, NULL, '2022-11-20 18:09:04', '2023-10-29 10:37:19'),
(491, 204, 11, 14, 121, '28252.80', NULL, NULL, NULL, '15782_02068', NULL, '2022-11-20 18:11:07', '2023-10-29 10:37:18'),
(492, 204, 34, 14, 296, NULL, '28252.80', NULL, NULL, NULL, NULL, '2022-11-20 18:11:07', '2023-10-29 10:37:19'),
(493, 205, 11, 14, 121, '13347.20', NULL, NULL, NULL, '15784_22798', NULL, '2022-11-20 18:13:47', '2023-10-29 10:37:18'),
(494, 205, 34, 14, 296, NULL, '13347.20', NULL, NULL, NULL, NULL, '2022-11-20 18:13:47', '2023-10-29 10:37:19'),
(495, 206, 11, 14, 121, '22949.81', NULL, NULL, NULL, '15788_22879', NULL, '2022-11-20 18:24:39', '2023-10-29 10:37:18'),
(496, 206, 34, 14, 296, NULL, '22949.81', NULL, NULL, NULL, NULL, '2022-11-20 18:24:39', '2023-10-29 10:37:19'),
(497, 207, 11, 28, 114, '201600.00', NULL, NULL, NULL, '20759_3662', NULL, '2022-11-20 18:29:51', '2023-10-29 10:37:17'),
(498, 207, 11, 28, 115, '1400.00', NULL, NULL, NULL, '20759_3663', NULL, '2022-11-20 18:29:51', '2023-10-29 10:37:18'),
(499, 207, 11, 28, 110, '7500.00', NULL, NULL, NULL, '20759_3663', NULL, '2022-11-20 18:29:51', '2023-10-29 10:37:18'),
(500, 207, 34, 28, 194, NULL, '210500.00', NULL, NULL, NULL, NULL, '2022-11-20 18:29:51', '2023-10-29 10:37:19'),
(501, 208, 11, 14, 122, '878850.00', NULL, NULL, NULL, '15798_8100049917', NULL, '2022-11-20 18:29:54', '2023-10-29 10:37:19'),
(502, 208, 34, 14, 303, NULL, '878850.00', NULL, NULL, NULL, NULL, '2022-11-20 18:29:54', '2023-10-29 10:37:19'),
(503, 209, 11, 28, 114, '22800.00', NULL, NULL, NULL, '20757_4466', NULL, '2022-11-20 18:29:56', '2023-10-29 10:37:17'),
(504, 209, 34, 28, 195, NULL, '22800.00', NULL, NULL, NULL, NULL, '2022-11-20 18:29:56', '2023-10-29 10:37:17'),
(505, 210, 11, 14, 122, '85500.00', NULL, NULL, NULL, '19606_8100053602', NULL, '2022-11-20 18:29:59', '2023-10-29 10:37:19'),
(506, 210, 11, 14, 122, '1282500.00', NULL, NULL, NULL, '19606_8100053604', NULL, '2022-11-20 18:29:59', '2023-10-29 10:37:19'),
(507, 210, 34, 14, 303, NULL, '1368000.00', NULL, NULL, NULL, NULL, '2022-11-20 18:29:59', '2023-10-29 10:37:19'),
(508, 211, 11, 14, 121, '40124.90', NULL, NULL, NULL, '19605_23469', NULL, '2022-11-20 18:30:02', '2023-10-29 10:37:18'),
(509, 211, 34, 14, 296, NULL, '40124.90', NULL, NULL, NULL, NULL, '2022-11-20 18:30:02', '2023-10-29 10:37:19'),
(510, 212, 11, 28, 123, '56230.00', NULL, NULL, NULL, '20763_31', NULL, '2022-11-20 18:30:04', '2023-10-29 10:37:18'),
(511, 212, 11, 28, 114, '400.00', NULL, NULL, NULL, '20763_31', NULL, '2022-11-20 18:30:04', '2023-10-29 10:37:17'),
(512, 212, 11, 28, 115, '200.00', NULL, NULL, NULL, '20763_31', NULL, '2022-11-20 18:30:04', '2023-10-29 10:37:18'),
(513, 212, 11, 28, 123, '2400.00', NULL, NULL, NULL, '20763_30', NULL, '2022-11-20 18:30:04', '2023-10-29 10:37:18'),
(514, 212, 34, 28, 195, NULL, '59230.00', NULL, NULL, NULL, NULL, '2022-11-20 18:30:04', '2023-10-29 10:37:17'),
(515, 213, 11, 30, 109, '100000.00', NULL, NULL, NULL, '15824_1445281', NULL, '2022-11-20 18:30:07', '2023-10-29 10:37:19'),
(516, 213, 34, 30, 480, NULL, '100000.00', NULL, NULL, NULL, NULL, '2022-11-20 18:30:07', '2023-10-29 10:37:19'),
(517, 214, 11, 14, 121, '53234.85', NULL, NULL, NULL, '19615_23774', NULL, '2022-11-20 18:30:36', '2023-10-29 10:37:18'),
(518, 214, 34, 14, 296, NULL, '53234.85', NULL, NULL, NULL, NULL, '2022-11-20 18:30:36', '2023-10-29 10:37:19'),
(519, 215, 11, 14, 121, '35491.58', NULL, NULL, NULL, '19614_23804', NULL, '2022-11-20 18:30:40', '2023-10-29 10:37:19'),
(520, 215, 34, 14, 296, NULL, '35491.58', NULL, NULL, NULL, NULL, '2022-11-20 18:30:40', '2023-10-29 10:37:19'),
(521, 216, 11, 14, 250, '6210.00', NULL, NULL, NULL, '19611_512', NULL, '2022-11-20 18:30:43', '2023-10-29 10:37:19'),
(522, 216, 34, 14, 524, NULL, '6210.00', NULL, NULL, NULL, NULL, '2022-11-20 18:30:43', '2023-10-29 10:37:20'),
(523, 217, 11, 14, 250, '28875.00', NULL, NULL, NULL, '19612_1016', NULL, '2022-11-20 18:30:47', '2023-10-29 10:37:19'),
(524, 217, 34, 14, 488, NULL, '28875.00', NULL, NULL, NULL, NULL, '2022-11-20 18:30:47', '2023-10-29 10:37:20'),
(525, 218, 11, 30, 250, '34725.00', NULL, NULL, NULL, '15830_1114', NULL, '2022-11-20 18:30:49', '2023-10-29 10:37:19'),
(526, 218, 34, 30, 488, NULL, '34725.00', NULL, NULL, NULL, NULL, '2022-11-20 18:30:49', '2023-10-29 10:37:20'),
(527, 219, 11, 30, 122, '1368000.00', NULL, NULL, NULL, '15821_8100055253', NULL, '2022-11-20 18:30:52', '2023-10-29 10:37:19'),
(528, 219, 11, 30, 122, '427500.00', NULL, NULL, NULL, '15821_8100055209', NULL, '2022-11-20 18:30:52', '2023-10-29 10:37:19'),
(529, 219, 11, 30, 122, '855000.00', NULL, NULL, NULL, '15821_8100055036', NULL, '2022-11-20 18:30:52', '2023-10-29 10:37:19'),
(530, 219, 34, 30, 303, NULL, '2650500.00', NULL, NULL, NULL, NULL, '2022-11-20 18:30:52', '2023-10-29 10:37:19'),
(531, 220, 11, 30, 105, '57000.00', NULL, NULL, NULL, '15823_2523', NULL, '2022-11-20 18:30:55', '2023-10-29 10:37:18'),
(532, 220, 34, 30, 544, NULL, '57000.00', NULL, NULL, NULL, NULL, '2022-11-20 18:30:55', '2023-10-29 10:37:20'),
(533, 221, 11, 30, 250, '5778.00', NULL, NULL, NULL, '15822_12985', NULL, '2022-11-20 18:30:58', '2023-10-29 10:37:20'),
(534, 221, 34, 30, 281, NULL, '5778.00', NULL, NULL, NULL, NULL, '2022-11-20 18:30:58', '2023-10-29 10:37:20'),
(535, 222, 11, 14, 121, '40807.13', NULL, NULL, NULL, '19607_23551', NULL, '2022-11-20 18:31:12', '2023-10-29 10:37:19'),
(536, 222, 34, 14, 296, NULL, '40807.13', NULL, NULL, NULL, NULL, '2022-11-20 18:31:12', '2023-10-29 10:37:19'),
(537, 223, 11, 14, 121, '41010.51', NULL, NULL, NULL, '15795_23109', NULL, '2022-11-20 18:31:15', '2023-10-29 10:37:19'),
(538, 223, 34, 14, 296, NULL, '41010.51', NULL, NULL, NULL, NULL, '2022-11-20 18:31:15', '2023-10-29 10:37:19'),
(539, 224, 11, 30, 129, '275988.00', NULL, NULL, NULL, '15829_', NULL, '2022-11-20 18:31:28', '2023-10-29 10:37:21'),
(540, 224, 34, 30, 488, NULL, '275988.00', NULL, NULL, NULL, NULL, '2022-11-20 18:31:28', '2023-10-29 10:37:20'),
(541, 225, 11, 30, 129, '141264.00', NULL, NULL, NULL, '15842_', NULL, '2022-11-20 18:31:34', '2023-10-29 10:37:21'),
(542, 225, 34, 30, 488, NULL, '141264.00', NULL, NULL, NULL, NULL, '2022-11-20 18:31:34', '2023-10-29 10:37:20'),
(543, 226, 11, 14, 121, '50871.09', NULL, NULL, NULL, '19616_23835', NULL, '2022-11-20 18:31:37', '2023-10-29 10:37:19'),
(544, 226, 34, 14, 296, NULL, '50871.09', NULL, NULL, NULL, NULL, '2022-11-20 18:31:37', '2023-10-29 10:37:19'),
(545, 227, 11, 14, 121, '66960.47', NULL, NULL, NULL, '19633_24056', NULL, '2022-11-20 18:31:40', '2023-10-29 10:37:19'),
(546, 227, 34, 14, 296, NULL, '66960.47', NULL, NULL, NULL, NULL, '2022-11-20 18:31:40', '2023-10-29 10:37:19'),
(547, 228, 11, 14, 105, '76000.00', NULL, NULL, NULL, '19610_2537', NULL, '2022-11-20 18:31:43', '2023-10-29 10:37:18'),
(548, 228, 34, 14, 544, NULL, '76000.00', NULL, NULL, NULL, NULL, '2022-11-20 18:31:43', '2023-10-29 10:37:20'),
(549, 229, 11, 14, 121, '66959.80', NULL, NULL, NULL, '19637_24099', NULL, '2022-11-20 18:31:46', '2023-10-29 10:37:19'),
(550, 229, 34, 14, 296, NULL, '66959.80', NULL, NULL, NULL, NULL, '2022-11-20 18:31:46', '2023-10-29 10:37:19'),
(551, 230, 11, 14, 121, '48504.65', NULL, NULL, NULL, '19638_24137', NULL, '2022-11-20 18:31:48', '2023-10-29 10:37:19'),
(552, 230, 34, 14, 296, NULL, '48504.65', NULL, NULL, NULL, NULL, '2022-11-20 18:31:48', '2023-10-29 10:37:19'),
(553, 231, 11, 14, 250, '30675.00', NULL, NULL, NULL, '19204_163', NULL, '2022-11-20 18:31:51', '2023-10-29 10:37:20'),
(554, 231, 34, 14, 545, NULL, '30675.00', NULL, NULL, NULL, NULL, '2022-11-20 18:31:51', '2023-10-29 10:37:21'),
(555, 232, 11, 14, 129, '71722.00', NULL, NULL, NULL, '19203_162', NULL, '2022-11-20 18:31:54', '2023-10-29 10:37:21'),
(556, 232, 34, 14, 545, NULL, '71722.00', NULL, NULL, NULL, NULL, '2022-11-20 18:31:54', '2023-10-29 10:37:21'),
(557, 233, 11, 14, 121, '53226.14', NULL, NULL, NULL, '19642_02238', NULL, '2022-11-20 18:31:56', '2023-10-29 10:37:19'),
(558, 233, 34, 14, 296, NULL, '53226.14', NULL, NULL, NULL, NULL, '2022-11-20 18:31:56', '2023-10-29 10:37:19'),
(559, 234, 11, 30, 129, '74556.00', NULL, NULL, NULL, '18351_194', NULL, '2022-12-08 17:18:03', '2023-10-29 10:37:21'),
(560, 234, 34, 30, 488, NULL, '74556.00', NULL, NULL, NULL, NULL, '2022-12-08 17:18:03', '2023-10-29 10:37:20'),
(561, 235, 11, 30, 129, '74774.00', NULL, NULL, NULL, '21950_195', NULL, '2022-12-08 17:18:04', '2023-10-29 10:37:21'),
(562, 235, 34, 30, 488, NULL, '74774.00', NULL, NULL, NULL, NULL, '2022-12-08 17:18:04', '2023-10-29 10:37:20'),
(563, 236, 11, 30, 129, '72594.00', NULL, NULL, NULL, '21947_127', NULL, '2022-12-08 17:18:05', '2023-10-29 10:37:21'),
(564, 236, 34, 30, 488, NULL, '72594.00', NULL, NULL, NULL, NULL, '2022-12-08 17:18:05', '2023-10-29 10:37:20'),
(565, 237, 11, 30, 250, '32325.00', NULL, NULL, NULL, '21949_173', NULL, '2022-12-08 17:18:06', '2023-10-29 10:37:20'),
(566, 237, 34, 30, 488, NULL, '32325.00', NULL, NULL, NULL, NULL, '2022-12-08 17:18:06', '2023-10-29 10:37:20'),
(567, 238, 11, 30, 129, '73030.00', NULL, NULL, NULL, '21948_126', NULL, '2022-12-08 17:18:07', '2023-10-29 10:37:21'),
(568, 238, 34, 30, 488, NULL, '73030.00', NULL, NULL, NULL, NULL, '2022-12-08 17:18:07', '2023-10-29 10:37:20'),
(569, 239, 35, 31, 306, NULL, '1100000.00', NULL, NULL, 'Booking Money', NULL, '2022-12-18 12:50:20', '2023-10-29 10:37:21'),
(570, 239, 8, 31, 73, '1100000.00', NULL, NULL, NULL, NULL, NULL, '2022-12-18 12:50:20', '2023-10-29 10:37:12'),
(571, 240, 35, 31, 306, NULL, '4000000.00', NULL, NULL, 'Down Payment', NULL, '2022-12-18 12:54:23', '2023-10-29 10:37:21'),
(572, 240, 8, 31, 73, '4000000.00', NULL, NULL, NULL, NULL, NULL, '2022-12-18 12:54:23', '2023-10-29 10:37:12'),
(573, 241, 35, 31, 306, NULL, '900000.00', NULL, NULL, 'Installment - 1', NULL, '2022-12-18 12:57:35', '2023-10-29 10:37:21'),
(574, 241, 8, 31, 73, '900000.00', NULL, NULL, NULL, NULL, NULL, '2022-12-18 12:57:35', '2023-10-29 10:37:12'),
(575, 242, 35, 31, 306, NULL, '275000.00', NULL, NULL, 'Installment - 2', NULL, '2022-12-18 12:59:45', '2023-10-29 10:37:21'),
(576, 242, 8, 31, 70, '275000.00', NULL, NULL, NULL, NULL, NULL, '2022-12-18 12:59:45', '2023-10-29 10:37:10'),
(577, 243, 35, 31, 306, NULL, '275000.00', NULL, NULL, 'Installment - 3', NULL, '2022-12-18 13:02:28', '2023-10-29 10:37:21'),
(578, 243, 8, 31, 73, '275000.00', NULL, NULL, NULL, NULL, NULL, '2022-12-18 13:02:28', '2023-10-29 10:37:12'),
(579, 244, 35, 31, 306, NULL, '275000.00', NULL, NULL, 'Installment - 4', NULL, '2022-12-18 13:06:05', '2023-10-29 10:37:21'),
(580, 244, 8, 31, 73, '275000.00', NULL, NULL, NULL, NULL, NULL, '2022-12-18 13:06:05', '2023-10-29 10:37:12'),
(581, 245, 35, 31, 306, NULL, '275000.00', NULL, NULL, 'Installment - 5', NULL, '2022-12-18 13:08:40', '2023-10-29 10:37:21'),
(582, 245, 8, 31, 73, '275000.00', NULL, NULL, NULL, NULL, NULL, '2022-12-18 13:08:40', '2023-10-29 10:37:12'),
(583, 246, 35, 31, 306, NULL, '275000.00', NULL, NULL, 'Installment - 6', NULL, '2022-12-18 13:11:00', '2023-10-29 10:37:21'),
(584, 246, 8, 31, 73, '275000.00', NULL, NULL, NULL, NULL, NULL, '2022-12-18 13:11:00', '2023-10-29 10:37:12'),
(585, 247, 35, 18, 551, NULL, '2500000.00', NULL, NULL, 'Booking Money', NULL, '2022-12-18 13:27:51', '2023-10-29 10:37:21'),
(586, 247, 8, 18, 74, '2500000.00', NULL, NULL, NULL, NULL, NULL, '2022-12-18 13:27:51', '2023-10-29 10:37:13'),
(587, 248, 35, 18, 551, NULL, '2200000.00', NULL, NULL, 'Down Payment', NULL, '2022-12-18 13:29:34', '2023-10-29 10:37:21'),
(588, 248, 8, 18, 73, '2200000.00', NULL, NULL, NULL, NULL, NULL, '2022-12-18 13:29:34', '2023-10-29 10:37:12'),
(589, 249, 35, 18, 551, NULL, '200000.00', NULL, NULL, 'Installment - 1', NULL, '2022-12-18 13:34:12', '2023-10-29 10:37:21'),
(590, 249, 8, 18, 72, '200000.00', NULL, NULL, NULL, NULL, NULL, '2022-12-18 13:34:12', '2023-10-29 10:37:21'),
(591, 250, 35, 18, 551, NULL, '200000.00', NULL, NULL, 'Down Payment', NULL, '2022-12-18 13:36:32', '2023-10-29 10:37:21'),
(592, 250, 8, 18, 78, '200000.00', NULL, NULL, NULL, NULL, NULL, '2022-12-18 13:36:32', '2023-10-29 10:37:13'),
(593, 251, 35, 19, 29, NULL, '3500000.00', NULL, NULL, 'Down Payment', NULL, '2022-12-18 13:42:10', '2023-10-29 10:37:21'),
(594, 251, 8, 19, 76, '3500000.00', NULL, NULL, NULL, NULL, NULL, '2022-12-18 13:42:10', '2023-10-29 10:37:22'),
(595, 252, 35, 19, 29, NULL, '3500000.00', NULL, NULL, 'Down Payment', NULL, '2022-12-18 13:44:18', '2023-10-29 10:37:21'),
(596, 252, 8, 19, 76, '3500000.00', NULL, NULL, NULL, NULL, NULL, '2022-12-18 13:44:18', '2023-10-29 10:37:22'),
(597, 253, 35, 19, 29, NULL, '3000000.00', NULL, NULL, 'Down Payment', NULL, '2022-12-18 14:00:44', '2023-10-29 10:37:21'),
(598, 253, 8, 19, 71, '3000000.00', NULL, NULL, NULL, NULL, NULL, '2022-12-18 14:00:44', '2023-10-29 10:37:14'),
(599, 254, 35, 19, 29, NULL, '350000.00', NULL, NULL, 'Installment - 1', NULL, '2022-12-18 14:02:17', '2023-10-29 10:37:22'),
(600, 254, 8, 19, 78, '350000.00', NULL, NULL, NULL, NULL, NULL, '2022-12-18 14:02:17', '2023-10-29 10:37:13'),
(601, 255, 11, 30, 105, '76000.00', NULL, NULL, NULL, '18357_111', NULL, '2022-12-21 15:38:45', '2023-10-29 10:37:18'),
(602, 255, 34, 30, 544, NULL, '76000.00', NULL, NULL, NULL, NULL, '2022-12-21 15:38:45', '2023-10-29 10:37:20'),
(603, 256, 11, 30, 250, '5559.00', NULL, NULL, NULL, '18356_13858', NULL, '2022-12-21 15:38:46', '2023-10-29 10:37:20'),
(604, 256, 34, 30, 281, NULL, '5559.00', NULL, NULL, NULL, NULL, '2022-12-21 15:38:46', '2023-10-29 10:37:20'),
(605, 257, 11, 30, 129, '54282.00', NULL, NULL, NULL, '18353_242', NULL, '2022-12-21 15:38:47', '2023-10-29 10:37:21'),
(606, 257, 34, 30, 488, NULL, '54282.00', NULL, NULL, NULL, NULL, '2022-12-21 15:38:47', '2023-10-29 10:37:20'),
(607, 258, 11, 30, 105, '76000.00', NULL, NULL, NULL, '18363_195', NULL, '2023-01-01 18:22:17', '2023-10-29 10:37:18'),
(608, 258, 34, 30, 544, NULL, '76000.00', NULL, NULL, NULL, NULL, '2023-01-01 18:22:17', '2023-10-29 10:37:20'),
(609, 259, 11, 30, 109, '50000.00', NULL, NULL, NULL, '18360_1615872', NULL, '2023-01-01 18:22:18', '2023-10-29 10:37:19'),
(610, 259, 34, 30, 480, NULL, '50000.00', NULL, NULL, NULL, NULL, '2023-01-01 18:22:18', '2023-10-29 10:37:19'),
(611, 260, 11, 30, 250, '5678.00', NULL, NULL, NULL, '18362_13710', NULL, '2023-01-01 18:22:19', '2023-10-29 10:37:20'),
(612, 260, 34, 30, 281, NULL, '5678.00', NULL, NULL, NULL, NULL, '2023-01-01 18:22:19', '2023-10-29 10:37:21'),
(613, 261, 11, 30, 250, '5457.00', NULL, NULL, NULL, '18361_13962', NULL, '2023-01-01 18:22:20', '2023-10-29 10:37:20'),
(614, 261, 34, 30, 281, NULL, '5457.00', NULL, NULL, NULL, NULL, '2023-01-01 18:22:20', '2023-10-29 10:37:21'),
(615, 262, 11, 30, 109, '100000.00', NULL, NULL, NULL, '18364_94964', NULL, '2023-01-30 17:45:10', '2023-10-29 10:37:19'),
(616, 262, 34, 30, 506, NULL, '100000.00', NULL, NULL, NULL, NULL, '2023-01-30 17:45:10', '2023-10-29 10:37:22'),
(617, 263, 35, 17, 47, NULL, '2000000.00', NULL, NULL, 'Booking Money', NULL, '2023-02-23 17:41:29', '2023-10-29 10:37:11'),
(618, 263, 31, 17, 285, '2000000.00', NULL, NULL, NULL, NULL, NULL, '2023-02-23 17:41:29', '2023-10-29 10:37:11'),
(619, 264, 35, 17, 47, NULL, '1000000.00', NULL, NULL, 'Down Payment', NULL, '2023-02-23 17:49:32', '2023-10-29 10:37:11'),
(620, 264, 31, 17, 285, '1000000.00', NULL, NULL, NULL, NULL, NULL, '2023-02-23 17:49:32', '2023-10-29 10:37:11'),
(621, 265, 35, 17, 47, NULL, '1000000.00', NULL, NULL, 'Down Payment', NULL, '2023-02-23 17:50:55', '2023-10-29 10:37:11'),
(622, 265, 31, 17, 285, '1000000.00', NULL, NULL, NULL, NULL, NULL, '2023-02-23 17:50:55', '2023-10-29 10:37:11'),
(623, 266, 35, 17, 47, NULL, '6530800.00', NULL, NULL, 'Installment - 1', NULL, '2023-02-23 17:56:52', '2023-10-29 10:37:11'),
(624, 266, 31, 17, 285, '6530800.00', NULL, NULL, NULL, NULL, NULL, '2023-02-23 17:56:52', '2023-10-29 10:37:11'),
(625, 267, 35, 17, 47, NULL, '500000.00', NULL, NULL, 'Installment - 1', NULL, '2023-02-23 17:59:58', '2023-10-29 10:37:11'),
(626, 267, 31, 17, 285, '500000.00', NULL, NULL, NULL, NULL, NULL, '2023-02-23 17:59:58', '2023-10-29 10:37:11'),
(627, 268, 35, 17, 47, NULL, '500000.00', NULL, NULL, 'Installment - 1', NULL, '2023-02-23 18:02:29', '2023-10-29 10:37:11'),
(628, 268, 8, 17, 73, '500000.00', NULL, NULL, NULL, NULL, NULL, '2023-02-23 18:02:29', '2023-10-29 10:37:12'),
(629, 269, 35, 17, 47, NULL, '500000.00', NULL, NULL, 'Installment - 1', NULL, '2023-02-23 18:04:22', '2023-10-29 10:37:11'),
(630, 269, 8, 17, 73, '500000.00', NULL, NULL, NULL, NULL, NULL, '2023-02-23 18:04:22', '2023-10-29 10:37:12'),
(631, 270, 35, 17, 47, NULL, '4898100.00', NULL, NULL, 'Installment - 1', NULL, '2023-02-23 18:06:16', '2023-10-29 10:37:11'),
(632, 270, 8, 17, 72, '4898100.00', NULL, NULL, NULL, NULL, NULL, '2023-02-23 18:06:16', '2023-10-29 10:37:21'),
(633, 271, 35, 17, 47, NULL, '500000.00', NULL, NULL, 'Installment - 1', NULL, '2023-02-23 18:19:47', '2023-10-29 10:37:11'),
(634, 271, 8, 17, 73, '500000.00', NULL, NULL, NULL, NULL, NULL, '2023-02-23 18:19:47', '2023-10-29 10:37:12'),
(635, 272, 35, 17, 47, NULL, '1000000.00', NULL, NULL, 'Installment - 1', NULL, '2023-02-23 18:22:22', '2023-10-29 10:37:11'),
(636, 272, 31, 17, 285, '1000000.00', NULL, NULL, NULL, NULL, NULL, '2023-02-23 18:22:22', '2023-10-29 10:37:11'),
(637, 273, 35, 27, 197, NULL, '1200000.00', NULL, NULL, 'Booking Money', NULL, '2023-02-26 11:34:57', '2023-10-29 10:37:22'),
(638, 273, 31, 27, 285, '1200000.00', NULL, NULL, NULL, NULL, NULL, '2023-02-26 11:34:57', '2023-10-29 10:37:11'),
(639, 274, 35, 27, 197, NULL, '1200000.00', NULL, NULL, 'Booking Money', NULL, '2023-02-26 11:36:28', '2023-10-29 10:37:22'),
(640, 274, 31, 27, 285, '1200000.00', NULL, NULL, NULL, NULL, NULL, '2023-02-26 11:36:28', '2023-10-29 10:37:11'),
(641, 275, 35, 27, 197, NULL, '254000.00', NULL, NULL, 'Installment - 1', NULL, '2023-02-26 11:41:16', '2023-10-29 10:37:22'),
(642, 275, 8, 27, 70, '254000.00', NULL, NULL, NULL, NULL, NULL, '2023-02-26 11:41:16', '2023-10-29 10:37:10'),
(643, 276, 35, 27, 197, NULL, '254000.00', NULL, NULL, 'Installment - 2', NULL, '2023-02-26 11:44:56', '2023-10-29 10:37:22'),
(644, 276, 31, 27, 285, '254000.00', NULL, NULL, NULL, NULL, NULL, '2023-02-26 11:44:56', '2023-10-29 10:37:11'),
(645, 277, 35, 27, 197, NULL, '254000.00', NULL, NULL, 'Installment - 3', NULL, '2023-02-26 11:47:58', '2023-10-29 10:37:22'),
(646, 277, 8, 27, 73, '254000.00', NULL, NULL, NULL, NULL, NULL, '2023-02-26 11:47:58', '2023-10-29 10:37:12'),
(647, 278, 35, 27, 197, NULL, '254000.00', NULL, NULL, 'Installment - 4', NULL, '2023-02-26 15:56:11', '2023-10-29 10:37:22'),
(648, 278, 8, 27, 78, '254000.00', NULL, NULL, NULL, NULL, NULL, '2023-02-26 15:56:11', '2023-10-29 10:37:13'),
(649, 279, 35, 27, 197, NULL, '254000.00', NULL, NULL, 'Installment - 5', NULL, '2023-02-26 16:00:35', '2023-10-29 10:37:22'),
(650, 279, 8, 27, 78, '254000.00', NULL, NULL, NULL, NULL, NULL, '2023-02-26 16:00:35', '2023-10-29 10:37:13'),
(651, 280, 35, 27, 197, NULL, '254000.00', NULL, NULL, 'Installment - 6', NULL, '2023-02-26 16:02:08', '2023-10-29 10:37:22'),
(652, 280, 8, 27, 78, '254000.00', NULL, NULL, NULL, NULL, NULL, '2023-02-26 16:02:08', '2023-10-29 10:37:13'),
(653, 281, 35, 27, 197, NULL, '254000.00', NULL, NULL, 'Installment - 7', NULL, '2023-02-26 16:03:41', '2023-10-29 10:37:22'),
(654, 281, 8, 27, 73, '254000.00', NULL, NULL, NULL, NULL, NULL, '2023-02-26 16:03:42', '2023-10-29 10:37:12'),
(655, 282, 35, 27, 197, NULL, '254000.00', NULL, NULL, 'Installment - 8', NULL, '2023-02-26 16:05:52', '2023-10-29 10:37:22'),
(656, 282, 8, 27, 73, '254000.00', NULL, NULL, NULL, NULL, NULL, '2023-02-26 16:05:52', '2023-10-29 10:37:12'),
(657, 283, 35, 27, 197, NULL, '254000.00', NULL, NULL, 'Installment - 9', NULL, '2023-02-26 16:07:30', '2023-10-29 10:37:22'),
(658, 283, 8, 27, 73, '254000.00', NULL, NULL, NULL, NULL, NULL, '2023-02-26 16:07:30', '2023-10-29 10:37:12'),
(659, 284, 35, 27, 197, NULL, '254000.00', NULL, NULL, 'Installment - 10', NULL, '2023-02-26 16:09:04', '2023-10-29 10:37:22'),
(660, 284, 8, 27, 78, '254000.00', NULL, NULL, NULL, NULL, NULL, '2023-02-26 16:09:04', '2023-10-29 10:37:13'),
(661, 285, 11, 30, 250, '5440.00', NULL, NULL, NULL, '18383_14422', NULL, '2023-02-27 14:38:15', '2023-10-29 10:37:20'),
(662, 285, 34, 30, 281, NULL, '5440.00', NULL, NULL, NULL, NULL, '2023-02-27 14:38:15', '2023-10-29 10:37:21'),
(663, 286, 11, 30, 109, '100000.00', NULL, NULL, NULL, '18376_741', NULL, '2023-02-27 14:38:16', '2023-10-29 10:37:19'),
(664, 286, 34, 30, 480, NULL, '100000.00', NULL, NULL, NULL, NULL, '2023-02-27 14:38:16', '2023-10-29 10:37:19'),
(665, 287, 11, 30, 250, '5372.00', NULL, NULL, NULL, '18378_14286', NULL, '2023-02-27 14:38:17', '2023-10-29 10:37:20'),
(666, 287, 34, 30, 281, NULL, '5372.00', NULL, NULL, NULL, NULL, '2023-02-27 14:38:17', '2023-10-29 10:37:21'),
(667, 288, 11, 14, 109, '100000.00', NULL, NULL, NULL, '19248_99825', NULL, '2023-02-27 14:38:17', '2023-10-29 10:37:19'),
(668, 288, 34, 14, 506, NULL, '100000.00', NULL, NULL, NULL, NULL, '2023-02-27 14:38:17', '2023-10-29 10:37:22'),
(669, 289, 11, 30, 250, '5389.00', NULL, NULL, NULL, '4010_14606', NULL, '2023-03-06 17:49:41', '2023-10-29 10:37:20'),
(670, 289, 34, 30, 281, NULL, '5389.00', NULL, NULL, NULL, NULL, '2023-03-06 17:49:41', '2023-10-29 10:37:21'),
(671, 290, 11, 30, 105, '38000.00', NULL, NULL, NULL, '18387_551', NULL, '2023-03-06 17:49:44', '2023-10-29 10:37:18'),
(672, 290, 34, 30, 544, NULL, '38000.00', NULL, NULL, NULL, NULL, '2023-03-06 17:49:44', '2023-10-29 10:37:20'),
(673, 291, 11, 14, 129, '66054.00', NULL, NULL, NULL, '19222_194', NULL, '2023-03-06 17:49:47', '2023-10-29 10:37:21'),
(674, 291, 34, 14, 545, NULL, '66054.00', NULL, NULL, NULL, NULL, '2023-03-06 17:49:47', '2023-10-29 10:37:21'),
(675, 292, 11, 14, 129, '74120.00', NULL, NULL, NULL, '19220_187', NULL, '2023-03-06 17:49:49', '2023-10-29 10:37:21'),
(676, 292, 34, 14, 545, NULL, '74120.00', NULL, NULL, NULL, NULL, '2023-03-06 17:49:49', '2023-10-29 10:37:21'),
(677, 293, 11, 14, 250, '30600.00', NULL, NULL, NULL, '19221_189', NULL, '2023-03-06 17:49:52', '2023-10-29 10:37:20'),
(678, 293, 34, 14, 545, NULL, '30600.00', NULL, NULL, NULL, NULL, '2023-03-06 17:49:52', '2023-10-29 10:37:21'),
(681, 295, 35, 18, 639, NULL, '15000.00', NULL, NULL, NULL, NULL, '2023-03-09 13:35:34', '2023-10-29 10:37:22'),
(682, 295, 35, 18, 640, NULL, '15000.00', NULL, NULL, NULL, NULL, '2023-03-09 13:35:34', '2023-10-29 10:37:22'),
(683, 295, 35, 18, 179, NULL, '1000000.00', NULL, NULL, 'Booking Money', NULL, '2023-03-09 13:35:34', '2023-10-29 10:37:22'),
(684, 295, 31, 18, 285, '1030000.00', NULL, NULL, NULL, NULL, NULL, '2023-03-09 13:35:34', '2023-10-29 10:37:11'),
(685, 296, 14, 30, 157, '278320.00', NULL, NULL, NULL, NULL, NULL, '2023-03-12 12:17:57', '2023-10-29 10:37:22'),
(686, 296, 11, 30, 114, NULL, '278320.00', NULL, NULL, NULL, NULL, '2023-03-12 12:17:57', '2023-10-29 10:37:17'),
(687, 297, 14, 30, 153, '6900.00', NULL, NULL, NULL, NULL, NULL, '2023-03-12 12:17:57', '2023-10-29 10:37:22'),
(688, 297, 11, 30, 110, NULL, '6900.00', NULL, NULL, NULL, NULL, '2023-03-12 12:17:57', '2023-10-29 10:37:18'),
(689, 298, 14, 30, 158, '985.00', NULL, NULL, NULL, NULL, NULL, '2023-03-12 12:17:57', '2023-10-29 10:37:22');
INSERT INTO `acc_ledger_entries` (`id`, `acc_transaction_id`, `acc_balance_and_income_line_id`, `acc_cost_center_id`, `acc_account_id`, `dr_amount`, `cr_amount`, `ref_bill`, `bill_status`, `purpose`, `remarks`, `created_at`, `updated_at`) VALUES
(690, 298, 11, 30, 115, NULL, '985.00', NULL, NULL, NULL, NULL, '2023-03-12 12:17:57', '2023-10-29 10:37:18'),
(691, 299, 14, 30, 166, '55830.00', NULL, NULL, NULL, NULL, NULL, '2023-03-12 12:17:57', '2023-10-29 10:37:22'),
(692, 299, 11, 30, 123, NULL, '55830.00', NULL, NULL, NULL, NULL, '2023-03-12 12:17:57', '2023-10-29 10:37:18'),
(693, 300, 34, 14, 545, '71772.00', NULL, 'OB_34895', NULL, NULL, NULL, '2023-03-12 15:52:17', '2023-10-29 10:37:21'),
(694, 300, 8, 14, 73, NULL, '71772.00', NULL, NULL, NULL, NULL, '2023-03-12 15:52:17', '2023-10-29 10:37:12'),
(695, 301, 35, 20, 35, NULL, '200000.00', NULL, NULL, 'Installment - 41', NULL, '2023-03-14 15:13:04', '2023-10-29 10:37:13'),
(696, 301, 8, 20, 70, '200000.00', NULL, NULL, NULL, NULL, NULL, '2023-03-14 15:13:04', '2023-10-29 10:37:10'),
(697, 302, 35, 20, 35, NULL, '200000.00', NULL, NULL, 'Installment - 42', NULL, '2023-03-14 15:19:01', '2023-10-29 10:37:13'),
(698, 302, 8, 20, 70, '200000.00', NULL, NULL, NULL, NULL, NULL, '2023-03-14 15:19:01', '2023-10-29 10:37:10'),
(699, 303, 35, 20, 35, NULL, '200000.00', NULL, NULL, 'Installment - 43', NULL, '2023-03-14 15:27:07', '2023-10-29 10:37:13'),
(700, 303, 8, 20, 70, '200000.00', NULL, NULL, NULL, NULL, NULL, '2023-03-14 15:27:07', '2023-10-29 10:37:10'),
(701, 304, 35, 20, 35, NULL, '200000.00', NULL, NULL, 'Installment - 44', NULL, '2023-03-14 15:32:26', '2023-10-29 10:37:13'),
(702, 304, 35, 20, 35, NULL, '200000.00', NULL, NULL, 'Installment - 45', NULL, '2023-03-14 15:32:26', '2023-10-29 10:37:13'),
(703, 304, 8, 20, 73, '400000.00', NULL, NULL, NULL, NULL, NULL, '2023-03-14 15:32:26', '2023-10-29 10:37:12'),
(704, 305, 35, 24, 538, NULL, '400000.00', NULL, NULL, 'Booking Money', NULL, '2023-03-23 10:45:32', '2023-10-29 10:37:22'),
(705, 305, 8, 24, 77, '400000.00', NULL, NULL, NULL, NULL, NULL, '2023-03-23 10:45:32', '2023-10-29 10:37:22'),
(706, 306, 35, 24, 538, NULL, '600000.00', NULL, NULL, 'Booking Money', NULL, '2023-03-23 10:49:04', '2023-10-29 10:37:22'),
(707, 306, 8, 24, 73, '600000.00', NULL, NULL, NULL, NULL, NULL, '2023-03-23 10:49:04', '2023-10-29 10:37:12'),
(708, 307, 35, 24, 538, NULL, '500000.00', NULL, NULL, 'Booking Money', NULL, '2023-03-23 10:58:11', '2023-10-29 10:37:22'),
(709, 307, 8, 24, 73, '500000.00', NULL, NULL, NULL, NULL, NULL, '2023-03-23 10:58:11', '2023-10-29 10:37:12'),
(710, 308, 35, 24, 538, NULL, '2500000.00', NULL, NULL, 'Down Payment', NULL, '2023-03-23 11:06:02', '2023-10-29 10:37:22'),
(711, 308, 8, 24, 78, '2500000.00', NULL, NULL, NULL, NULL, NULL, '2023-03-23 11:06:02', '2023-10-29 10:37:13'),
(712, 309, 35, 24, 538, NULL, '300000.00', NULL, NULL, 'Down Payment', NULL, '2023-03-23 11:16:05', '2023-10-29 10:37:22'),
(713, 309, 8, 24, 73, '300000.00', NULL, NULL, NULL, NULL, NULL, '2023-03-23 11:16:05', '2023-10-29 10:37:12'),
(714, 310, 35, 24, 538, NULL, '500000.00', NULL, NULL, 'Down Payment', NULL, '2023-03-23 11:28:04', '2023-10-29 10:37:22'),
(715, 310, 8, 24, 74, '500000.00', NULL, NULL, NULL, NULL, NULL, '2023-03-23 11:28:04', '2023-10-29 10:37:13'),
(716, 311, 14, 14, 166, '53900.00', NULL, NULL, NULL, NULL, NULL, '2023-03-23 17:14:24', '2023-10-29 10:37:22'),
(717, 311, 11, 14, 123, NULL, '53900.00', NULL, NULL, NULL, NULL, '2023-03-23 17:14:24', '2023-10-29 10:37:18'),
(718, 312, 14, 14, 157, '240.00', NULL, NULL, NULL, NULL, NULL, '2023-03-23 17:14:24', '2023-10-29 10:37:22'),
(719, 312, 11, 14, 114, NULL, '240.00', NULL, NULL, NULL, NULL, '2023-03-23 17:14:24', '2023-10-29 10:37:17'),
(720, 313, 14, 14, 157, '301300.00', NULL, NULL, NULL, NULL, NULL, '2023-03-23 17:15:16', '2023-10-29 10:37:22'),
(721, 313, 11, 14, 114, NULL, '301300.00', NULL, NULL, NULL, NULL, '2023-03-23 17:15:16', '2023-10-29 10:37:17'),
(722, 314, 14, 14, 153, '6900.00', NULL, NULL, NULL, NULL, NULL, '2023-03-23 17:15:16', '2023-10-29 10:37:22'),
(723, 314, 11, 14, 110, NULL, '6900.00', NULL, NULL, NULL, NULL, '2023-03-23 17:15:16', '2023-10-29 10:37:18'),
(724, 315, 14, 14, 158, '1200.00', NULL, NULL, NULL, NULL, NULL, '2023-03-23 17:15:16', '2023-10-29 10:37:22'),
(725, 315, 11, 14, 115, NULL, '1200.00', NULL, NULL, NULL, NULL, '2023-03-23 17:15:16', '2023-10-29 10:37:18'),
(726, 316, 14, 30, 157, '30718.00', NULL, NULL, NULL, NULL, NULL, '2023-03-23 17:15:30', '2023-10-29 10:37:22'),
(727, 316, 11, 30, 114, NULL, '30718.00', NULL, NULL, NULL, NULL, '2023-03-23 17:15:30', '2023-10-29 10:37:17'),
(728, 317, 35, 24, 538, NULL, '435000.00', NULL, NULL, 'Installment - 2', NULL, '2023-03-27 10:50:21', '2023-10-29 10:37:22'),
(729, 317, 8, 24, 73, '435000.00', NULL, NULL, NULL, NULL, NULL, '2023-03-27 10:50:21', '2023-10-29 10:37:12'),
(730, 318, 35, 24, 538, NULL, '435000.00', NULL, NULL, 'Installment - 3', NULL, '2023-03-27 10:54:46', '2023-10-29 10:37:22'),
(731, 318, 8, 24, 74, '435000.00', NULL, NULL, NULL, NULL, NULL, '2023-03-27 10:54:46', '2023-10-29 10:37:13'),
(732, 319, 35, 24, 538, NULL, '435000.00', NULL, NULL, 'Installment - 4', NULL, '2023-03-27 10:56:32', '2023-10-29 10:37:22'),
(733, 319, 31, 24, 285, '435000.00', NULL, NULL, NULL, NULL, NULL, '2023-03-27 10:56:32', '2023-10-29 10:37:11'),
(734, 320, 35, 24, 538, NULL, '435000.00', NULL, NULL, 'Installment - 5', NULL, '2023-03-27 10:58:54', '2023-10-29 10:37:22'),
(735, 320, 31, 24, 285, '435000.00', NULL, NULL, NULL, NULL, NULL, '2023-03-27 10:58:54', '2023-10-29 10:37:11'),
(736, 321, 35, 24, 538, NULL, '435000.00', NULL, NULL, 'Installment - 6', NULL, '2023-03-27 11:19:36', '2023-10-29 10:37:22'),
(737, 321, 31, 24, 285, '435000.00', NULL, NULL, NULL, NULL, NULL, '2023-03-27 11:19:36', '2023-10-29 10:37:11'),
(738, 322, 35, 24, 538, NULL, '435000.00', NULL, NULL, 'Installment - 1', NULL, '2023-03-27 11:28:52', '2023-10-29 10:37:22'),
(739, 322, 8, 24, 73, '435000.00', NULL, NULL, NULL, NULL, NULL, '2023-03-27 11:28:52', '2023-10-29 10:37:12'),
(740, 323, 11, 24, 250, '3599.50', NULL, NULL, NULL, '2661_14834', NULL, '2023-04-03 10:11:03', '2023-10-29 10:37:20'),
(741, 323, 34, 24, 281, NULL, '3599.50', NULL, NULL, NULL, NULL, '2023-04-03 10:11:03', '2023-10-29 10:37:21'),
(742, 324, 11, 24, 250, '3657.00', NULL, NULL, NULL, '2660_14828', NULL, '2023-04-03 10:11:03', '2023-10-29 10:37:20'),
(743, 324, 34, 24, 281, NULL, '3657.00', NULL, NULL, NULL, NULL, '2023-04-03 10:11:03', '2023-10-29 10:37:21'),
(744, 325, 11, 30, 250, '3760.50', NULL, NULL, NULL, '4045_15084', NULL, '2023-04-16 11:54:59', '2023-10-29 10:37:20'),
(745, 325, 34, 30, 281, NULL, '3760.50', NULL, NULL, NULL, NULL, '2023-04-16 11:54:59', '2023-10-29 10:37:21'),
(746, 326, 11, 24, 250, '3714.50', NULL, NULL, NULL, '2671_15066', NULL, '2023-04-16 11:55:00', '2023-10-29 10:37:20'),
(747, 326, 34, 24, 281, NULL, '3714.50', NULL, NULL, NULL, NULL, '2023-04-16 11:55:00', '2023-10-29 10:37:21'),
(748, 327, 11, 24, 250, '3668.50', NULL, NULL, NULL, '2670_15065', NULL, '2023-04-16 11:55:01', '2023-10-29 10:37:20'),
(749, 327, 34, 24, 281, NULL, '3668.50', NULL, NULL, NULL, NULL, '2023-04-16 11:55:01', '2023-10-29 10:37:21'),
(750, 328, 11, 24, 250, '3783.50', NULL, NULL, NULL, '2666_15010', NULL, '2023-04-16 11:55:02', '2023-10-29 10:37:20'),
(751, 328, 34, 24, 281, NULL, '3783.50', NULL, NULL, NULL, NULL, '2023-04-16 11:55:02', '2023-10-29 10:37:21'),
(752, 329, 11, 24, 250, '3818.00', NULL, NULL, NULL, '2665_15009', NULL, '2023-04-16 11:55:03', '2023-10-29 10:37:20'),
(753, 329, 34, 24, 281, NULL, '3818.00', NULL, NULL, NULL, NULL, '2023-04-16 11:55:03', '2023-10-29 10:37:21'),
(754, 330, 11, 24, 250, '3645.50', NULL, NULL, NULL, '26664_15008', NULL, '2023-04-16 11:55:04', '2023-10-29 10:37:20'),
(755, 330, 34, 24, 281, NULL, '3645.50', NULL, NULL, NULL, NULL, '2023-04-16 11:55:04', '2023-10-29 10:37:21'),
(756, 331, 11, 14, 122, '346500.00', NULL, NULL, NULL, '2732_8100103079', NULL, '2023-04-16 11:55:05', '2023-10-29 10:37:19'),
(757, 331, 34, 14, 499, NULL, '346500.00', NULL, NULL, NULL, NULL, '2023-04-16 11:55:05', '2023-10-29 10:37:22'),
(758, 332, 11, 28, 122, '2476250.00', NULL, NULL, NULL, '20787_1344966', NULL, '2023-04-16 11:55:06', '2023-10-29 10:37:19'),
(759, 332, 34, 28, 301, NULL, '2476250.00', NULL, NULL, NULL, NULL, '2023-04-16 11:55:06', '2023-10-29 10:37:19'),
(760, 333, 11, 24, 250, '3634.00', NULL, NULL, NULL, '2678_15272', NULL, '2023-04-29 13:46:52', '2023-10-29 10:37:20'),
(761, 333, 34, 24, 281, NULL, '3634.00', NULL, NULL, NULL, NULL, '2023-04-29 13:46:52', '2023-10-29 10:37:21'),
(762, 334, 11, 24, 250, '3680.00', NULL, NULL, NULL, '2677_15271', NULL, '2023-04-29 13:46:53', '2023-10-29 10:37:20'),
(763, 334, 34, 24, 281, NULL, '3680.00', NULL, NULL, NULL, NULL, '2023-04-29 13:46:53', '2023-10-29 10:37:21'),
(764, 335, 11, 24, 250, '3634.00', NULL, NULL, NULL, '2676_15270', NULL, '2023-04-29 13:46:53', '2023-10-29 10:37:20'),
(765, 335, 34, 24, 281, NULL, '3634.00', NULL, NULL, NULL, NULL, '2023-04-29 13:46:53', '2023-10-29 10:37:21'),
(766, 336, 11, 24, 250, '3645.50', NULL, NULL, NULL, '2675_15264', NULL, '2023-04-29 13:46:54', '2023-10-29 10:37:20'),
(767, 336, 34, 24, 281, NULL, '3645.50', NULL, NULL, NULL, NULL, '2023-04-29 13:46:54', '2023-10-29 10:37:21'),
(768, 337, 11, 24, 250, '3542.00', NULL, NULL, NULL, '2687_15368', NULL, '2023-05-14 17:21:45', '2023-10-29 10:37:20'),
(769, 337, 34, 24, 281, NULL, '3542.00', NULL, NULL, NULL, NULL, '2023-05-14 17:21:45', '2023-10-29 10:37:21'),
(770, 338, 11, 24, 250, '3645.50', NULL, NULL, NULL, '2685_15294', NULL, '2023-05-14 17:21:47', '2023-10-29 10:37:20'),
(771, 338, 34, 24, 281, NULL, '3645.50', NULL, NULL, NULL, NULL, '2023-05-14 17:21:47', '2023-10-29 10:37:21'),
(772, 339, 11, 24, 250, '3657.00', NULL, NULL, NULL, '2684_15293', NULL, '2023-05-14 17:21:48', '2023-10-29 10:37:20'),
(773, 339, 34, 24, 281, NULL, '3657.00', NULL, NULL, NULL, NULL, '2023-05-14 17:21:48', '2023-10-29 10:37:21'),
(774, 340, 11, 24, 250, '3645.50', NULL, NULL, NULL, '2682_15288', NULL, '2023-05-14 17:21:49', '2023-10-29 10:37:20'),
(775, 340, 34, 24, 281, NULL, '3645.50', NULL, NULL, NULL, NULL, '2023-05-14 17:21:49', '2023-10-29 10:37:21'),
(776, 341, 11, 24, 250, '3599.50', NULL, NULL, NULL, '2696_15603', NULL, '2023-05-24 10:21:41', '2023-10-29 10:37:20'),
(777, 341, 34, 24, 281, NULL, '3599.50', NULL, NULL, NULL, NULL, '2023-05-24 10:21:41', '2023-10-29 10:37:21'),
(778, 342, 11, 30, 250, '3760.50', NULL, NULL, NULL, '4612_15555', NULL, '2023-05-24 10:21:43', '2023-10-29 10:37:20'),
(779, 342, 34, 30, 281, NULL, '3760.50', NULL, NULL, NULL, NULL, '2023-05-24 10:21:43', '2023-10-29 10:37:21'),
(780, 343, 11, 30, 250, '3634.00', NULL, NULL, NULL, '4611_15556', NULL, '2023-05-24 10:21:44', '2023-10-29 10:37:20'),
(781, 343, 34, 30, 281, NULL, '3634.00', NULL, NULL, NULL, NULL, '2023-05-24 10:21:44', '2023-10-29 10:37:21'),
(782, 344, 11, 24, 250, '3622.50', NULL, NULL, NULL, '2691_15383', NULL, '2023-05-24 10:21:44', '2023-10-29 10:37:20'),
(783, 344, 34, 24, 281, NULL, '3622.50', NULL, NULL, NULL, NULL, '2023-05-24 10:21:44', '2023-10-29 10:37:21'),
(784, 345, 11, 30, 250, '3691.50', NULL, NULL, NULL, '4608_15343', NULL, '2023-05-24 10:21:45', '2023-10-29 10:37:20'),
(785, 345, 34, 30, 281, NULL, '3691.50', NULL, NULL, NULL, NULL, '2023-05-24 10:21:45', '2023-10-29 10:37:21'),
(786, 346, 11, 24, 250, '28260.00', NULL, NULL, NULL, '4865_8214', NULL, '2023-07-10 17:38:05', '2023-10-29 10:37:20'),
(787, 346, 34, 24, 567, NULL, '28260.00', NULL, NULL, NULL, NULL, '2023-07-10 17:38:05', '2023-10-29 10:37:22'),
(788, 347, 11, 24, 250, '9000.00', NULL, NULL, NULL, '4862_8212', NULL, '2023-07-10 17:38:06', '2023-10-29 10:37:20'),
(789, 347, 34, 24, 567, NULL, '9000.00', NULL, NULL, NULL, NULL, '2023-07-10 17:38:06', '2023-10-29 10:37:22'),
(790, 348, 11, 24, 129, '56200.00', NULL, NULL, NULL, '4861_8211', NULL, '2023-07-10 17:38:06', '2023-10-29 10:37:21'),
(791, 348, 34, 24, 567, NULL, '56200.00', NULL, NULL, NULL, NULL, '2023-07-10 17:38:06', '2023-10-29 10:37:23'),
(792, 349, 11, 24, 250, '13860.00', NULL, NULL, NULL, '4860_8210', NULL, '2023-07-10 17:38:07', '2023-10-29 10:37:20'),
(793, 349, 34, 24, 567, NULL, '13860.00', NULL, NULL, NULL, NULL, '2023-07-10 17:38:07', '2023-10-29 10:37:23'),
(794, 350, 11, 24, 129, '58000.00', NULL, NULL, NULL, '4859_8209', NULL, '2023-07-10 17:38:08', '2023-10-29 10:37:21'),
(795, 350, 34, 24, 567, NULL, '58000.00', NULL, NULL, NULL, NULL, '2023-07-10 17:38:08', '2023-10-29 10:37:23'),
(796, 351, 11, 24, 250, '12136.00', NULL, NULL, NULL, '4856_3355', NULL, '2023-07-10 17:38:09', '2023-10-29 10:37:20'),
(797, 351, 34, 24, 706, NULL, '12136.00', NULL, NULL, NULL, NULL, '2023-07-10 17:38:09', '2023-10-29 10:37:23'),
(798, 352, 11, 24, 129, '61000.00', NULL, NULL, NULL, '4855_3356', NULL, '2023-07-10 17:38:09', '2023-10-29 10:37:21'),
(799, 352, 34, 24, 706, NULL, '61000.00', NULL, NULL, NULL, NULL, '2023-07-10 17:38:09', '2023-10-29 10:37:23'),
(800, 353, 11, 24, 109, '49000.00', NULL, NULL, NULL, '4853_122087', NULL, '2023-07-10 17:38:10', '2023-10-29 10:37:19'),
(801, 353, 34, 24, 506, NULL, '49000.00', NULL, NULL, NULL, NULL, '2023-07-10 17:38:10', '2023-10-29 10:37:22'),
(802, 354, 11, 30, 109, '49000.00', NULL, NULL, NULL, '4615_1681614', NULL, '2023-07-10 17:38:11', '2023-10-29 10:37:19'),
(803, 354, 34, 30, 665, NULL, '49000.00', NULL, NULL, NULL, NULL, '2023-07-10 17:38:11', '2023-10-29 10:37:23'),
(804, 355, 11, 30, 250, '3599.50', NULL, NULL, NULL, '4614_15604', NULL, '2023-07-10 17:38:11', '2023-10-29 10:37:20'),
(805, 355, 34, 30, 281, NULL, '3599.50', NULL, NULL, NULL, NULL, '2023-07-10 17:38:11', '2023-10-29 10:37:21'),
(806, 356, 11, 24, 109, '49000.00', NULL, NULL, NULL, '4406_12763', NULL, '2023-09-17 13:42:41', '2023-10-29 10:37:19'),
(807, 356, 34, 24, 506, NULL, '49000.00', NULL, NULL, NULL, NULL, '2023-09-17 13:42:41', '2023-10-29 10:37:22'),
(808, 357, 11, 24, 109, '49000.00', NULL, NULL, NULL, '4405_227226', NULL, '2023-09-17 13:42:42', '2023-10-29 10:37:19'),
(809, 357, 34, 24, 506, NULL, '49000.00', NULL, NULL, NULL, NULL, '2023-09-17 13:42:42', '2023-10-29 10:37:22'),
(810, 358, 11, 24, 250, '17860.00', NULL, NULL, NULL, '4404_8241', NULL, '2023-09-17 13:42:43', '2023-10-29 10:37:20'),
(811, 358, 34, 24, 282, NULL, '17860.00', NULL, NULL, NULL, NULL, '2023-09-17 13:42:43', '2023-10-29 10:37:23'),
(812, 359, 11, 24, 250, '27166.00', NULL, NULL, NULL, '4403_8240', NULL, '2023-09-17 13:42:44', '2023-10-29 10:37:20'),
(813, 359, 34, 24, 282, NULL, '27166.00', NULL, NULL, NULL, NULL, '2023-09-17 13:42:44', '2023-10-29 10:37:23'),
(814, 360, 11, 24, 109, '49000.00', NULL, NULL, NULL, '4899_128270', NULL, '2023-09-17 13:42:45', '2023-10-29 10:37:19'),
(815, 360, 34, 24, 506, NULL, '49000.00', NULL, NULL, NULL, NULL, '2023-09-17 13:42:45', '2023-10-29 10:37:22'),
(816, 361, 11, 24, 129, '61812.00', NULL, NULL, NULL, '4894_8234', NULL, '2023-09-17 13:42:46', '2023-10-29 10:37:21'),
(817, 361, 34, 24, 282, NULL, '61812.00', NULL, NULL, NULL, NULL, '2023-09-17 13:42:46', '2023-10-29 10:37:23'),
(818, 362, 11, 24, 250, '24910.00', NULL, NULL, NULL, '4895_8235', NULL, '2023-09-17 13:42:46', '2023-10-29 10:37:20'),
(819, 362, 34, 24, 282, NULL, '24910.00', NULL, NULL, NULL, NULL, '2023-09-17 13:42:46', '2023-10-29 10:37:23'),
(820, 363, 11, 24, 250, '13442.00', NULL, NULL, NULL, '4896_8236', NULL, '2023-09-17 13:42:48', '2023-10-29 10:37:20'),
(821, 363, 34, 24, 282, NULL, '13442.00', NULL, NULL, NULL, NULL, '2023-09-17 13:42:48', '2023-10-29 10:37:23'),
(822, 364, 11, 24, 109, '49000.00', NULL, NULL, NULL, '4891_226882', NULL, '2023-09-17 13:42:49', '2023-10-29 10:37:19'),
(823, 364, 34, 24, 506, NULL, '49000.00', NULL, NULL, NULL, NULL, '2023-09-17 13:42:49', '2023-10-29 10:37:22'),
(824, 365, 11, 24, 109, '49000.00', NULL, NULL, NULL, '4889_127682', NULL, '2023-09-17 13:42:49', '2023-10-29 10:37:19'),
(825, 365, 34, 24, 506, NULL, '49000.00', NULL, NULL, NULL, NULL, '2023-09-17 13:42:49', '2023-10-29 10:37:22'),
(826, 366, 11, 30, 250, '3726.00', NULL, NULL, NULL, '4636_18860', NULL, '2023-09-17 13:42:57', '2023-10-29 10:37:20'),
(827, 366, 34, 30, 281, NULL, '3726.00', NULL, NULL, NULL, NULL, '2023-09-17 13:42:57', '2023-10-29 10:37:21'),
(828, 367, 11, 24, 250, '13254.00', NULL, NULL, NULL, '4887_8231', NULL, '2023-09-17 13:42:58', '2023-10-29 10:37:20'),
(829, 367, 34, 24, 282, NULL, '13254.00', NULL, NULL, NULL, NULL, '2023-09-17 13:42:58', '2023-10-29 10:37:23'),
(830, 368, 11, 24, 250, '27260.00', NULL, NULL, NULL, '4886_8230', NULL, '2023-09-17 13:42:59', '2023-10-29 10:37:20'),
(831, 368, 34, 24, 282, NULL, '27260.00', NULL, NULL, NULL, NULL, '2023-09-17 13:42:59', '2023-10-29 10:37:23'),
(832, 369, 11, 24, 129, '62220.00', NULL, NULL, NULL, '4885_8229', NULL, '2023-09-17 13:43:00', '2023-10-29 10:37:21'),
(833, 369, 34, 24, 282, NULL, '62220.00', NULL, NULL, NULL, NULL, '2023-09-17 13:43:00', '2023-10-29 10:37:23'),
(834, 370, 11, 24, 129, '60792.00', NULL, NULL, NULL, '4884_8228', NULL, '2023-09-17 13:43:01', '2023-10-29 10:37:21'),
(835, 370, 34, 24, 282, NULL, '60792.00', NULL, NULL, NULL, NULL, '2023-09-17 13:43:01', '2023-10-29 10:37:23'),
(836, 371, 11, 24, 129, '59772.00', NULL, NULL, NULL, '4883_8227', NULL, '2023-09-17 13:43:01', '2023-10-29 10:37:21'),
(837, 371, 34, 24, 282, NULL, '59772.00', NULL, NULL, NULL, NULL, '2023-09-17 13:43:01', '2023-10-29 10:37:23'),
(838, 372, 11, 24, 129, '61404.00', NULL, NULL, NULL, '4882_8226', NULL, '2023-09-17 13:43:03', '2023-10-29 10:37:21'),
(839, 372, 34, 24, 282, NULL, '61404.00', NULL, NULL, NULL, NULL, '2023-09-17 13:43:03', '2023-10-29 10:37:23'),
(840, 373, 11, 24, 129, '58344.00', NULL, NULL, NULL, '4876_8223', NULL, '2023-09-17 13:43:04', '2023-10-29 10:37:21'),
(841, 373, 34, 24, 282, NULL, '58344.00', NULL, NULL, NULL, NULL, '2023-09-17 13:43:04', '2023-10-29 10:37:23'),
(842, 374, 11, 24, 109, '49000.00', NULL, NULL, NULL, '4881_126573', NULL, '2023-09-17 13:43:04', '2023-10-29 10:37:19'),
(843, 374, 34, 24, 506, NULL, '49000.00', NULL, NULL, NULL, NULL, '2023-09-17 13:43:04', '2023-10-29 10:37:22'),
(844, 375, 11, 24, 109, '49000.00', NULL, NULL, NULL, '4879_126441', NULL, '2023-09-17 13:43:05', '2023-10-29 10:37:19'),
(845, 375, 34, 24, 506, NULL, '49000.00', NULL, NULL, NULL, NULL, '2023-09-17 13:43:05', '2023-10-29 10:37:22'),
(846, 376, 11, 24, 250, '19552.00', NULL, NULL, NULL, '4878_8225', NULL, '2023-09-17 13:43:06', '2023-10-29 10:37:20'),
(847, 376, 34, 24, 282, NULL, '19552.00', NULL, NULL, NULL, NULL, '2023-09-17 13:43:06', '2023-10-29 10:37:23'),
(848, 377, 11, 24, 250, '27918.00', NULL, NULL, NULL, '4877_8224', NULL, '2023-09-17 13:43:07', '2023-10-29 10:37:20'),
(849, 377, 34, 24, 282, NULL, '27918.00', NULL, NULL, NULL, NULL, '2023-09-17 13:43:07', '2023-10-29 10:37:23'),
(850, 378, 11, 24, 129, '57936.00', NULL, NULL, NULL, '4875_8222', NULL, '2023-09-17 13:43:07', '2023-10-29 10:37:21'),
(851, 378, 34, 24, 282, NULL, '57936.00', NULL, NULL, NULL, NULL, '2023-09-17 13:43:07', '2023-10-29 10:37:23'),
(852, 379, 11, 24, 129, '60588.00', NULL, NULL, NULL, '4873_8219', NULL, '2023-09-17 13:43:08', '2023-10-29 10:37:21'),
(853, 379, 34, 24, 282, NULL, '60588.00', NULL, NULL, NULL, NULL, '2023-09-17 13:43:08', '2023-10-29 10:37:23'),
(854, 380, 11, 24, 129, '58400.00', NULL, NULL, NULL, '4871_8218', NULL, '2023-09-17 13:43:09', '2023-10-29 10:37:21'),
(855, 380, 34, 24, 567, NULL, '58400.00', NULL, NULL, NULL, NULL, '2023-09-17 13:43:09', '2023-10-29 10:37:23'),
(856, 381, 9, 26, 731, '600.00', NULL, NULL, NULL, 'Advanced', NULL, '2023-09-17 16:08:00', '2023-10-29 10:37:23'),
(857, 381, 7, 26, 305, NULL, '600.00', NULL, NULL, NULL, NULL, '2023-09-17 16:08:00', '2023-10-29 10:37:23'),
(858, 382, 11, 26, 114, '600.00', NULL, NULL, NULL, NULL, NULL, '2023-09-17 17:36:48', '2023-10-29 10:37:17'),
(859, 382, 9, 26, 731, NULL, '600.00', NULL, NULL, NULL, NULL, '2023-09-17 17:36:48', '2023-10-29 10:37:23'),
(863, 384, 11, 14, 250, '5457.00', NULL, NULL, NULL, '3105_15557', NULL, '2023-10-04 15:02:04', '2023-10-29 10:37:20'),
(864, 384, 34, 14, 281, NULL, '5457.00', NULL, NULL, NULL, NULL, '2023-10-04 15:02:04', '2023-10-29 10:37:21'),
(865, 385, 35, 15, 64, '48300000.00', NULL, NULL, NULL, NULL, NULL, '2023-10-05 13:39:37', '2023-10-29 10:37:23'),
(866, 385, 107, 15, 713, NULL, '48300000.00', NULL, NULL, NULL, NULL, '2023-10-05 13:39:37', '2023-10-29 10:37:23'),
(867, 385, 108, 15, 199, NULL, '0.00', NULL, NULL, 'Deduction', NULL, '2023-10-05 13:39:37', '2023-10-29 10:37:23'),
(868, 386, 35, 20, 40, '16317800.00', NULL, NULL, NULL, NULL, NULL, '2023-10-05 13:39:48', '2023-10-29 10:37:10'),
(869, 386, 107, 20, 712, NULL, '16317800.00', NULL, NULL, NULL, NULL, '2023-10-05 13:39:48', '2023-10-29 10:37:23'),
(870, 386, 108, 20, 199, NULL, '0.00', NULL, NULL, 'Deduction', NULL, '2023-10-05 13:39:48', '2023-10-29 10:37:23'),
(871, 387, 35, 24, 25, '1500000.00', NULL, NULL, NULL, NULL, NULL, '2023-10-05 13:39:55', '2023-10-29 10:37:23'),
(872, 387, 107, 24, 198, NULL, '1500000.00', NULL, NULL, NULL, NULL, '2023-10-05 13:39:55', '2023-10-29 10:37:23'),
(873, 387, 108, 24, 199, NULL, '0.00', NULL, NULL, 'Deduction', NULL, '2023-10-05 13:39:55', '2023-10-29 10:37:23'),
(874, 388, 11, 30, 250, '3565.00', NULL, NULL, NULL, '4672_17101', NULL, '2023-10-19 09:56:32', '2023-10-29 10:37:20'),
(875, 388, 34, 30, 281, NULL, '3565.00', NULL, NULL, NULL, NULL, '2023-10-19 09:56:32', '2023-10-29 10:37:21'),
(876, 389, 11, 39, 250, '5088.00', NULL, NULL, NULL, '6804_16964', NULL, '2023-10-19 09:56:33', '2023-10-29 10:37:20'),
(877, 389, 34, 39, 281, NULL, '5088.00', NULL, NULL, NULL, NULL, '2023-10-19 09:56:33', '2023-10-29 10:37:21'),
(878, 390, 8, 4, 70, '500.00', '0.00', '2000', NULL, NULL, NULL, '2023-11-12 07:34:50', '2023-11-12 07:34:50'),
(879, 390, 8, 4, 70, '0.00', '500.00', 'sdfsd', NULL, NULL, NULL, '2023-11-12 07:34:50', '2023-11-12 07:34:50'),
(880, 391, 8, 4, 70, '0.00', '0.00', NULL, NULL, NULL, NULL, '2023-11-12 08:23:31', '2023-11-12 08:23:31'),
(893, 393, 35, 4, 3, '54656.00', '0.00', 'fdgf', NULL, NULL, NULL, '2023-11-24 18:29:15', '2023-11-24 18:29:15'),
(894, 393, 35, 4, 1, '0.00', '54656.00', 'ASFSF', NULL, NULL, NULL, '2023-11-24 18:29:15', '2023-11-24 18:29:15'),
(895, 392, 8, 4, 4, '0.00', '1500.00', 'gfg', NULL, NULL, NULL, '2023-11-24 18:32:14', '2023-11-24 18:32:14'),
(896, 392, 35, 4, 3, '1500.00', '0.00', 'ewffdf', NULL, NULL, NULL, '2023-11-24 18:32:14', '2023-11-24 18:32:14');

INSERT INTO `acc_loan_receiveds` (`id`, `acc_loan_id`, `received_date`, `payment_method`, `received_acc_account_id`, `instrument_no`, `instrument_date`, `received_amount`, `interest_rate`, `business_unit`, `created_at`, `updated_at`) VALUES
(1, 1, '2023-11-20', 'Debit Card', 789012, 'INV-2023-001', '2023-11-15', '2500.75', 5.25, 'PSML', '2023-11-20 16:54:59', '2023-11-20 16:57:18');
INSERT INTO `acc_loan_receiveds` (`id`, `acc_loan_id`, `received_date`, `payment_method`, `received_acc_account_id`, `instrument_no`, `instrument_date`, `received_amount`, `interest_rate`, `business_unit`, `created_at`, `updated_at`) VALUES
(2, 2, '2023-11-20', 'Credit Card', 789012, 'INV-2023-001', '2023-11-15', '2500.75', 5.25, 'PSML', '2023-11-20 16:59:20', '2023-11-20 16:59:20');
INSERT INTO `acc_loan_receiveds` (`id`, `acc_loan_id`, `received_date`, `payment_method`, `received_acc_account_id`, `instrument_no`, `instrument_date`, `received_amount`, `interest_rate`, `business_unit`, `created_at`, `updated_at`) VALUES
(4, 1, '2023-11-20', 'Credit Card', 789012, 'INV-2023-001', '2023-11-15', '2500.75', 5.25, 'PSML', '2023-11-20 18:24:18', '2023-11-20 18:24:18');

INSERT INTO `acc_loans` (`id`, `loanable_type`, `loanable_id`, `loan_type`, `loan_number`, `loan_name`, `total_sanctioned`, `sanctioned_limit`, `total_installment`, `interest_rate`, `opening_date`, `maturity_date`, `emi_date`, `emi_amount`, `loan_purpose`, `mortgage`, `remarks`, `business_unit`, `created_at`, `updated_at`) VALUES
(1, 'Mortgage', 12345, 'Home Loan', 'HL2023-001', 'Dream Home Purchase Loan', '300000.00', '350000.00', 240, 4.25, '2023-11-01', '2043-11-01', '2023-12-01', '1500.00', 'To buy a house', 'House property title deed', 'Borrower has excellent credit score', 'PSML', '2023-11-20 17:05:39', '2023-11-20 11:23:30');
INSERT INTO `acc_loans` (`id`, `loanable_type`, `loanable_id`, `loan_type`, `loan_number`, `loan_name`, `total_sanctioned`, `sanctioned_limit`, `total_installment`, `interest_rate`, `opening_date`, `maturity_date`, `emi_date`, `emi_amount`, `loan_purpose`, `mortgage`, `remarks`, `business_unit`, `created_at`, `updated_at`) VALUES
(2, 'Mortgage', 12345, 'Home Loan', 'HL2023-001', 'Dream Home Purchase Loan', '300000.00', '350000.00', 240, 4.25, '2023-11-01', '2043-11-01', '2023-12-01', '1500.00', 'To buy a house', 'House property title deed', 'Borrower has excellent credit score', 'PSML', '2023-11-20 11:22:36', '2023-11-20 11:22:36');
INSERT INTO `acc_loans` (`id`, `loanable_type`, `loanable_id`, `loan_type`, `loan_number`, `loan_name`, `total_sanctioned`, `sanctioned_limit`, `total_installment`, `interest_rate`, `opening_date`, `maturity_date`, `emi_date`, `emi_amount`, `loan_purpose`, `mortgage`, `remarks`, `business_unit`, `created_at`, `updated_at`) VALUES
(3, 'Mortgage', 12345, 'Home Loan', 'HL2023-001', 'Dream Home Purchase Loan', '300000.00', '350000.00', 240, 4.25, '2023-11-01', '2043-11-01', '2023-12-01', '1500.00', 'To buy a house', 'House property title deed', 'Borrower has excellent credit score', 'PSML', '2023-11-20 11:23:37', '2023-11-20 11:23:37');



INSERT INTO `acc_salary_heads` (`id`, `name`, `business_unit`, `created_at`, `updated_at`) VALUES
(2, 'HRA (House Rent Allowance)', 'PSML', '2023-11-16 04:44:56', '2023-11-16 05:58:16');
INSERT INTO `acc_salary_heads` (`id`, `name`, `business_unit`, `created_at`, `updated_at`) VALUES
(3, 'Conveyance Allowance', 'TSLL', '2023-11-16 05:09:34', '2023-11-16 05:58:32');
INSERT INTO `acc_salary_heads` (`id`, `name`, `business_unit`, `created_at`, `updated_at`) VALUES
(4, 'Special Allowance', 'PSML', '2023-11-16 05:10:08', '2023-11-16 05:58:45');
INSERT INTO `acc_salary_heads` (`id`, `name`, `business_unit`, `created_at`, `updated_at`) VALUES
(5, 'Basic Salary', 'PSML', '2023-11-16 05:16:44', '2023-11-16 05:57:59'),
(6, 'Medical Allowance', 'PSML', '2023-11-16 05:23:33', '2023-11-16 05:59:00'),
(7, 'Bonus', 'PSML', '2023-11-16 05:59:09', '2023-11-16 05:59:09'),
(8, 'Provident Fund (PF)', 'TSLL', '2023-11-16 05:59:20', '2023-11-16 05:59:20'),
(9, 'Gratuity', 'TSLL', '2023-11-16 05:59:30', '2023-11-16 05:59:30'),
(10, 'Leave Travel Allowance (LTA)', 'TSLL', '2023-11-16 05:59:39', '2023-11-16 05:59:39'),
(11, 'Employee Stock Options (ESOPs)', 'TSLL', '2023-11-16 05:59:48', '2023-11-16 05:59:48');

INSERT INTO `acc_transactions` (`id`, `acc_cost_center_id`, `voucher_type`, `transactionable_type`, `transactionable_id`, `transaction_date`, `bill_no`, `mr_no`, `narration`, `instrument_type`, `instrument_no`, `instrument_date`, `business_unit`, `created_at`, `updated_at`) VALUES
(7, 4, 'Receipt', 'App\\SalesCollection', 826, '2022-03-10', NULL, '826', NULL, 'Cheque', '1203624', '2022-03-10', 'PSML', '2022-05-18 17:25:00', '2022-05-18 17:25:00');
INSERT INTO `acc_transactions` (`id`, `acc_cost_center_id`, `voucher_type`, `transactionable_type`, `transactionable_id`, `transaction_date`, `bill_no`, `mr_no`, `narration`, `instrument_type`, `instrument_no`, `instrument_date`, `business_unit`, `created_at`, `updated_at`) VALUES
(8, 4, 'Receipt', 'App\\SalesCollection', 824, '2022-05-17', NULL, '824', NULL, 'Cash', NULL, '2022-05-17', 'PSML', '2022-05-18 17:53:00', '2022-05-18 17:53:00');
INSERT INTO `acc_transactions` (`id`, `acc_cost_center_id`, `voucher_type`, `transactionable_type`, `transactionable_id`, `transaction_date`, `bill_no`, `mr_no`, `narration`, `instrument_type`, `instrument_no`, `instrument_date`, `business_unit`, `created_at`, `updated_at`) VALUES
(9, 4, 'Receipt', 'App\\SalesCollection', 823, '2022-05-17', NULL, '823', NULL, 'Cash', NULL, '2022-05-17', 'PSML', '2022-05-18 17:54:00', '2022-05-18 17:54:00');
INSERT INTO `acc_transactions` (`id`, `acc_cost_center_id`, `voucher_type`, `transactionable_type`, `transactionable_id`, `transaction_date`, `bill_no`, `mr_no`, `narration`, `instrument_type`, `instrument_no`, `instrument_date`, `business_unit`, `created_at`, `updated_at`) VALUES
(10, 4, 'Receipt', 'App\\SalesCollection', 822, '2022-01-25', NULL, '822', NULL, 'Cheque', '1888605', '2022-01-25', 'PSML', '2022-05-18 17:56:00', '2022-05-18 17:56:00'),
(12, 4, 'Receipt', 'App\\SalesCollection', 832, '2022-02-27', NULL, '832', NULL, 'Cheque', '1240307', '2022-02-27', 'PSML', '2022-05-19 12:34:00', '2022-05-19 12:34:00'),
(13, 4, 'Receipt', 'App\\SalesCollection', 855, '2019-02-24', NULL, '855', NULL, 'Cash', NULL, '2019-02-24', 'PSML', '2022-05-19 15:13:00', '2022-05-19 15:13:00'),
(14, 4, 'Receipt', 'App\\SalesCollection', 854, '2019-01-13', NULL, '854', NULL, 'Cash', NULL, '2019-01-13', 'PSML', '2022-05-19 15:20:00', '2022-05-19 15:20:00'),
(15, 4, 'Receipt', 'App\\SalesCollection', 856, '2019-06-13', NULL, '856', NULL, 'Cheque', '1232356', '2019-06-13', 'PSML', '2022-05-19 16:00:00', '2022-05-19 16:00:00'),
(16, 4, 'Receipt', 'App\\SalesCollection', 858, '2019-06-13', NULL, '858', NULL, 'Cash', NULL, '2019-06-13', 'PSML', '2022-05-19 16:07:00', '2022-05-19 16:07:00'),
(17, 4, 'Receipt', 'App\\SalesCollection', 863, '2021-10-31', NULL, '863', NULL, 'Cheque', '5999205', '2021-10-31', 'PSML', '2022-05-19 16:19:00', '2022-05-19 16:19:00'),
(18, 4, 'Receipt', 'App\\SalesCollection', 868, '2022-03-27', NULL, '868', NULL, 'Cash', NULL, '2022-03-27', 'PSML', '2022-05-19 16:48:00', '2022-05-19 16:48:00'),
(20, 4, 'Receipt', 'App\\SalesCollection', 867, '2022-02-22', NULL, '867', NULL, 'Cash', NULL, '2022-02-22', 'PSML', '2022-05-19 16:50:00', '2022-05-19 16:50:00'),
(21, 4, 'Receipt', 'App\\SalesCollection', 866, '2022-01-24', NULL, '866', NULL, 'Cash', NULL, '2022-01-24', 'PSML', '2022-05-19 16:51:00', '2022-05-19 16:51:00'),
(31, 4, 'Receipt', 'App\\SalesCollection', 215, '2018-05-06', NULL, '215', NULL, 'Pay Order', '2126330', '2018-05-06', 'PSML', '2022-06-20 16:16:00', '2022-06-20 16:16:00'),
(32, 4, 'Receipt', 'App\\SalesCollection', 216, '2018-05-07', NULL, '216', NULL, 'Pay Order', '1623878', '2018-05-07', 'PSML', '2022-06-20 16:18:00', '2022-06-20 16:18:00'),
(33, 4, 'Receipt', 'App\\SalesCollection', 217, '2018-05-09', NULL, '217', NULL, 'Pay Order', '2126343', '2018-05-09', 'PSML', '2022-06-20 16:19:00', '2022-06-20 16:19:00'),
(34, 4, 'Receipt', 'App\\SalesCollection', 218, '2018-05-10', NULL, '218', NULL, 'Pay Order', '1623883', '2018-05-10', 'PSML', '2022-06-20 16:23:00', '2022-06-20 16:23:00'),
(35, 4, 'Receipt', 'App\\SalesCollection', 219, '2018-05-22', NULL, '219', NULL, 'Pay Order', '1623890', '2018-05-22', 'PSML', '2022-06-20 16:33:00', '2022-06-20 16:33:00'),
(36, 4, 'Receipt', 'App\\SalesCollection', 220, '2018-06-19', NULL, '220', NULL, 'Pay Order', '2126458', '2018-06-19', 'PSML', '2022-06-20 16:35:00', '2022-06-20 16:35:00'),
(37, 4, 'Receipt', 'App\\SalesCollection', 221, '2018-07-19', NULL, '221', NULL, 'Pay Order', '2404378', '2018-07-19', 'PSML', '2022-06-20 16:37:00', '2022-06-20 16:37:00'),
(38, 4, 'Receipt', 'App\\SalesCollection', 222, '2018-08-14', NULL, '222', NULL, 'Pay Order', '2430999', '2018-08-14', 'PSML', '2022-06-20 16:45:00', '2022-06-20 16:45:00'),
(40, 4, 'Receipt', 'App\\SalesCollection', 223, '2018-09-23', NULL, '223', NULL, 'Pay Order', '2404550', '2018-09-23', 'PSML', '2022-06-20 16:52:00', '2022-06-20 16:52:00'),
(41, 4, 'Receipt', 'App\\SalesCollection', 224, '2018-10-16', NULL, '224', NULL, 'Pay Order', '2404637', '2018-10-16', 'PSML', '2022-06-20 16:53:00', '2022-06-20 16:53:00'),
(42, 4, 'Receipt', 'App\\SalesCollection', 225, '2018-11-27', NULL, '225', NULL, 'Pay Order', '2404777', '2018-11-27', 'PSML', '2022-06-20 17:49:00', '2022-06-20 17:49:00'),
(43, 4, 'Receipt', 'App\\SalesCollection', 226, '2018-11-18', NULL, '226', NULL, 'Pay Order', '2404905', '2018-11-18', 'PSML', '2022-06-20 17:50:00', '2022-06-20 17:50:00'),
(44, 4, 'Receipt', 'App\\SalesCollection', 227, '2019-01-17', NULL, '227', NULL, 'Pay Order', '2404990', '2019-01-17', 'PSML', '2022-06-20 17:51:00', '2022-06-20 17:51:00'),
(45, 4, 'Receipt', 'App\\SalesCollection', 228, '2019-02-17', NULL, '228', NULL, 'Pay Order', '2555437', '2019-02-17', 'PSML', '2022-06-20 17:55:00', '2022-06-20 17:55:00'),
(46, 4, 'Receipt', 'App\\SalesCollection', 229, '2019-03-18', NULL, '229', NULL, 'Pay Order', '2405169', '2019-03-18', 'PSML', '2022-06-20 17:59:00', '2022-06-20 17:59:00'),
(47, 4, 'Receipt', 'App\\SalesCollection', 230, '2019-04-10', NULL, '230', NULL, 'Pay Order', '2405242', '2019-04-10', 'PSML', '2022-06-20 18:00:00', '2022-06-20 18:00:00'),
(48, 4, 'Receipt', 'App\\SalesCollection', 231, '2019-04-16', NULL, '231', NULL, 'Pay Order', '2405270', '2019-04-16', 'PSML', '2022-06-21 17:45:00', '2022-06-21 17:45:00'),
(49, 4, 'Receipt', 'App\\SalesCollection', 232, '2019-05-14', NULL, '232', NULL, 'Pay Order', '2638424', '2019-05-14', 'PSML', '2022-06-21 17:46:00', '2022-06-21 17:46:00'),
(50, 4, 'Receipt', 'App\\SalesCollection', 233, '2019-06-19', NULL, '233', NULL, 'Pay Order', '2405464', '2019-06-19', 'PSML', '2022-06-21 17:46:00', '2022-06-21 17:46:00'),
(51, 4, 'Receipt', 'App\\SalesCollection', 234, '2019-07-17', NULL, '234', NULL, 'Pay Order', '2405592', '2019-07-17', 'PSML', '2022-06-21 17:48:00', '2022-06-21 17:48:00'),
(52, 4, 'Receipt', 'App\\SalesCollection', 235, '2019-08-18', NULL, '235', NULL, 'Pay Order', '2644366', '2019-08-18', 'PSML', '2022-06-21 17:49:00', '2022-06-21 17:49:00'),
(53, 4, 'Receipt', 'App\\SalesCollection', 236, '2019-09-23', NULL, '236', NULL, 'Pay Order', '2405791', '2019-09-23', 'PSML', '2022-06-21 17:50:00', '2022-06-21 17:50:00'),
(54, 4, 'Receipt', 'App\\SalesCollection', 237, '2019-10-17', NULL, '237', NULL, 'Pay Order', '2727096', '2019-10-17', 'PSML', '2022-06-21 17:53:00', '2022-06-21 17:53:00'),
(55, 4, 'Receipt', 'App\\SalesCollection', 238, '2019-11-19', NULL, '238', NULL, 'Pay Order', '2736439', '2019-11-19', 'PSML', '2022-06-21 17:57:00', '2022-06-21 17:57:00'),
(56, 4, 'Receipt', 'App\\SalesCollection', 239, '2019-12-22', NULL, '239', NULL, 'Pay Order', '2727438', '2019-12-22', 'PSML', '2022-06-21 17:58:00', '2022-06-21 17:58:00'),
(57, 4, 'Receipt', 'App\\SalesCollection', 240, '2020-01-19', NULL, '240', NULL, 'Pay Order', '2727542', '2020-01-19', 'PSML', '2022-06-21 18:00:00', '2022-06-21 18:00:00'),
(58, 4, 'Receipt', 'App\\SalesCollection', 241, '2020-02-25', NULL, '241', NULL, 'Pay Order', '2727678', '2020-02-25', 'PSML', '2022-06-21 18:01:00', '2022-06-21 18:01:00'),
(59, 4, 'Receipt', 'App\\SalesCollection', 242, '2020-03-16', NULL, '242', NULL, 'Pay Order', '2744806', '2020-03-16', 'PSML', '2022-06-21 18:02:00', '2022-06-21 18:02:00'),
(60, 4, 'Receipt', 'App\\SalesCollection', 243, '2020-05-17', NULL, '243', NULL, 'Pay Order', '2727817', '2020-05-17', 'PSML', '2022-06-21 18:03:00', '2022-06-21 18:03:00'),
(61, 4, 'Receipt', 'App\\SalesCollection', 244, '2022-05-19', NULL, '244', NULL, 'Pay Order', '2727846', '2022-05-19', 'PSML', '2022-06-21 18:04:00', '2022-06-21 18:04:00'),
(62, 4, 'Receipt', 'App\\SalesCollection', 245, '2020-07-29', NULL, '245', NULL, 'Pay Order', '2728060', '2020-07-29', 'PSML', '2022-06-21 18:06:00', '2022-06-21 18:06:00'),
(63, 4, 'Receipt', 'App\\SalesCollection', 246, '2020-09-15', NULL, '246', NULL, 'Pay Order', '2728219', '2020-09-15', 'PSML', '2022-06-21 18:06:00', '2022-06-21 18:06:00'),
(64, 4, 'Receipt', 'App\\SalesCollection', 247, '2020-10-15', NULL, '247', NULL, 'Pay Order', '2728353', '2020-10-15', 'PSML', '2022-06-21 18:07:00', '2022-06-21 18:07:00');
INSERT INTO `acc_transactions` (`id`, `acc_cost_center_id`, `voucher_type`, `transactionable_type`, `transactionable_id`, `transaction_date`, `bill_no`, `mr_no`, `narration`, `instrument_type`, `instrument_no`, `instrument_date`, `business_unit`, `created_at`, `updated_at`) VALUES
(65, 4, 'Receipt', 'App\\SalesCollection', 248, '2020-11-18', NULL, '248', NULL, 'Pay Order', '2943210', '2020-11-18', 'PSML', '2022-06-21 18:12:00', '2022-06-21 18:12:00'),
(66, 4, 'Receipt', 'App\\SalesCollection', 249, '2020-12-17', NULL, '249', NULL, 'Pay Order', '2943413', '2020-12-17', 'PSML', '2022-06-21 18:13:00', '2022-06-21 18:13:00'),
(67, 4, 'Receipt', 'App\\SalesCollection', 250, '2021-01-19', NULL, '250', NULL, 'Pay Order', '2943590', '2021-01-19', 'PSML', '2022-06-21 18:14:00', '2022-06-21 18:14:00'),
(68, 4, 'Receipt', 'App\\SalesCollection', 251, '2021-02-16', NULL, '251', NULL, 'Pay Order', '2943724', '2021-02-16', 'PSML', '2022-06-21 18:17:00', '2022-06-21 18:17:00'),
(69, 4, 'Receipt', 'App\\SalesCollection', 252, '2021-03-24', NULL, '252', NULL, 'Pay Order', '2943876', '2021-03-24', 'PSML', '2022-06-22 11:08:00', '2022-06-22 11:08:00'),
(70, 4, 'Receipt', 'App\\SalesCollection', 253, '2021-04-19', NULL, '253', NULL, 'Pay Order', '2944016', '2021-04-19', 'PSML', '2022-06-22 11:10:00', '2022-06-22 11:10:00'),
(71, 4, 'Receipt', 'App\\SalesCollection', 265, '2021-05-27', NULL, '265', NULL, 'Pay Order', '2944119', '2021-05-27', 'PSML', '2022-06-22 11:11:00', '2022-06-22 11:11:00'),
(72, 4, 'Receipt', 'App\\SalesCollection', 266, '2021-06-23', NULL, '266', NULL, 'Pay Order', '3032159', '2021-06-23', 'PSML', '2022-06-22 11:13:00', '2022-06-22 11:13:00'),
(73, 4, 'Receipt', 'App\\SalesCollection', 267, '2021-07-14', NULL, '267', NULL, 'Pay Order', '3032252', '2021-07-14', 'PSML', '2022-06-22 11:13:00', '2022-06-22 11:13:00'),
(74, 4, 'Receipt', 'App\\SalesCollection', 436, '2021-08-25', NULL, '436', NULL, 'Pay Order', '3032353', '2021-08-25', 'PSML', '2022-06-22 11:15:00', '2022-06-22 11:15:00'),
(75, 4, 'Receipt', 'App\\SalesCollection', 837, '2021-09-21', NULL, '837', NULL, 'Pay Order', '3032463', '2021-09-21', 'PSML', '2022-06-22 11:19:00', '2022-06-22 11:19:00'),
(76, 4, 'Receipt', 'App\\SalesCollection', 838, '2021-10-25', NULL, '838', NULL, 'Pay Order', '3032600', '2021-10-25', 'PSML', '2022-06-22 11:20:00', '2022-06-22 11:20:00'),
(77, 4, 'Receipt', 'App\\SalesCollection', 839, '2021-11-17', NULL, '839', NULL, 'Pay Order', '3101713', '2021-11-17', 'PSML', '2022-06-22 11:21:00', '2022-06-22 11:21:00'),
(78, 4, 'Receipt', 'App\\SalesCollection', 840, '2021-12-23', NULL, '840', NULL, 'Pay Order', '3032922', '2021-12-23', 'PSML', '2022-06-22 11:21:00', '2022-06-22 11:21:00'),
(79, 4, 'Receipt', 'App\\SalesCollection', 841, '2022-01-19', NULL, '841', NULL, 'Pay Order', '3033060', '2022-01-19', 'PSML', '2022-06-22 11:22:00', '2022-06-22 11:22:00'),
(80, 4, 'Receipt', 'App\\SalesCollection', 842, '2022-02-22', NULL, '842', NULL, 'Pay Order', '3033214', '2022-02-22', 'PSML', '2022-06-22 11:22:00', '2022-06-22 11:22:00'),
(81, 4, 'Receipt', 'App\\SalesCollection', 843, '2022-03-20', NULL, '843', NULL, 'Pay Order', '3033331', '2022-03-20', 'PSML', '2022-06-22 11:23:00', '2022-06-22 11:23:00'),
(82, 4, 'Receipt', 'App\\SalesCollection', 844, '2022-04-25', NULL, '844', NULL, 'Pay Order', '3033481', '2022-04-25', 'PSML', '2022-06-22 11:23:00', '2022-06-22 11:23:00'),
(83, 4, 'Receipt', 'App\\SalesCollection', 871, '2022-05-25', NULL, '871', NULL, 'Pay Order', '3033553', '2022-05-25', 'PSML', '2022-06-22 11:23:00', '2022-06-22 11:23:00'),
(84, 4, 'Receipt', 'App\\SalesCollection', 944, '2022-06-21', NULL, '944', NULL, 'Pay Order', '3033674', '2022-06-21', 'PSML', '2022-06-22 11:33:00', '2022-06-22 11:33:00'),
(85, 4, 'Receipt', 'App\\SalesCollection', 255, '2021-07-06', NULL, '255', NULL, 'Cash', NULL, '2021-07-06', 'PSML', '2022-06-22 11:37:00', '2022-06-22 11:37:00'),
(86, 4, 'Receipt', 'App\\SalesCollection', 256, '2021-07-07', NULL, '256', NULL, 'Cash', NULL, '2021-07-07', 'PSML', '2022-06-22 11:37:00', '2022-06-22 11:37:00'),
(87, 4, 'Receipt', 'App\\SalesCollection', 872, '2021-08-05', NULL, '872', NULL, 'Pay Order', '24847', '2021-08-05', 'PSML', '2022-06-22 11:39:00', '2022-06-22 11:39:00'),
(88, 4, 'Receipt', 'App\\SalesCollection', 873, '2021-08-10', NULL, '873', NULL, 'Cheque', '2405572', '2021-08-10', 'PSML', '2022-06-22 11:40:00', '2022-06-22 11:40:00'),
(89, 4, 'Receipt', 'App\\SalesCollection', 874, '2021-09-07', NULL, '874', NULL, 'Cheque', '2867597', '2021-09-07', 'PSML', '2022-06-22 11:40:00', '2022-06-22 11:40:00'),
(90, 4, 'Receipt', 'App\\SalesCollection', 875, '2021-10-06', NULL, '875', NULL, 'Cheque', '2867676', '2021-10-06', 'PSML', '2022-06-22 11:41:00', '2022-06-22 11:41:00'),
(91, 4, 'Receipt', 'App\\SalesCollection', 876, '2021-11-03', NULL, '876', NULL, 'Cheque', '2867776', '2021-11-03', 'PSML', '2022-06-22 11:41:00', '2022-06-22 11:41:00'),
(92, 4, 'Receipt', 'App\\SalesCollection', 877, '2022-02-03', NULL, '877', NULL, 'Pay Order', '1133482', '2022-02-03', 'PSML', '2022-06-22 11:42:00', '2022-06-22 11:42:00'),
(93, 4, 'Receipt', 'App\\SalesCollection', 878, '2022-03-15', NULL, '878', NULL, 'Cheque', '2494297', '2022-03-15', 'PSML', '2022-06-22 11:42:00', '2022-06-22 11:42:00'),
(94, 4, 'Receipt', 'App\\SalesCollection', 879, '2022-03-29', NULL, '879', NULL, 'Pay Order', '2868250', '2022-03-29', 'PSML', '2022-06-22 11:54:00', '2022-06-22 11:54:00'),
(95, 4, 'Receipt', 'App\\SalesCollection', 942, '2022-06-20', NULL, '942', NULL, 'Pay Order', '2868430', '2022-06-20', 'PSML', '2022-06-22 12:38:00', '2022-06-22 12:38:00'),
(96, 4, 'Receipt', 'App\\SalesCollection', 943, '2022-06-20', NULL, '943', NULL, 'Pay Order', '1237138', '2022-06-20', 'PSML', '2022-06-22 12:38:00', '2022-06-22 12:38:00'),
(97, 4, 'Receipt', 'App\\SalesCollection', 946, '2022-06-05', NULL, '946', NULL, 'Online Bank Transfer', 'IB22060267633164', '2022-06-05', 'PSML', '2022-06-22 12:44:00', '2022-06-22 12:44:00'),
(98, 4, 'Receipt', 'App\\SalesCollection', 947, '2022-06-05', NULL, '947', NULL, 'Online Bank Transfer', 'IB22060236525356', '2022-06-05', 'PSML', '2022-06-22 12:45:00', '2022-06-22 12:45:00'),
(100, 4, 'Receipt', 'App\\SalesCollection', 948, '2022-06-05', NULL, '948', NULL, 'Online Bank Transfer', 'IB2206021924639', '2022-06-05', 'PSML', '2022-06-22 12:45:00', '2022-06-22 12:45:00'),
(101, 4, 'Receipt', 'App\\SalesCollection', 949, '2022-06-06', NULL, '949', NULL, 'Online Bank Transfer', 'IB22060489399245', '2022-06-06', 'PSML', '2022-06-22 12:46:00', '2022-06-22 12:46:00'),
(102, 4, 'Receipt', 'App\\SalesCollection', 950, '2022-06-21', NULL, '950', NULL, 'Cheque', '10100890', '2022-06-21', 'PSML', '2022-06-22 12:46:00', '2022-06-22 12:46:00'),
(103, 4, 'Receipt', 'App\\SalesCollection', 268, '2020-12-29', NULL, '268', NULL, 'Cash', NULL, '2020-12-29', 'PSML', '2022-06-28 11:02:00', '2022-06-28 11:02:00'),
(104, 4, 'Receipt', 'App\\SalesCollection', 269, '2021-01-05', NULL, '269', NULL, 'Cash', NULL, '2021-01-05', 'PSML', '2022-06-28 11:03:00', '2022-06-28 11:03:00'),
(105, 4, 'Receipt', 'App\\SalesCollection', 270, '2021-01-14', NULL, '270', NULL, 'Cash', NULL, '2021-01-14', 'PSML', '2022-06-28 11:04:00', '2022-06-28 11:04:00'),
(106, 4, 'Receipt', 'App\\SalesCollection', 271, '2021-01-17', NULL, '271', NULL, 'Cash', NULL, '2021-01-17', 'PSML', '2022-06-28 11:05:00', '2022-06-28 11:05:00'),
(107, 4, 'Receipt', 'App\\SalesCollection', 272, '2021-01-19', NULL, '272', NULL, 'Cash', NULL, '2021-01-19', 'PSML', '2022-06-28 11:06:00', '2022-06-28 11:06:00'),
(108, 4, 'Receipt', 'App\\SalesCollection', 273, '2020-12-30', NULL, '273', NULL, 'Cash', NULL, '2020-12-30', 'PSML', '2022-06-28 11:23:00', '2022-06-28 11:23:00'),
(109, 4, 'Receipt', 'App\\SalesCollection', 274, '2021-01-05', NULL, '274', NULL, 'Cash', NULL, '2021-01-05', 'PSML', '2022-06-28 11:24:00', '2022-06-28 11:24:00'),
(110, 4, 'Receipt', 'App\\SalesCollection', 275, '2021-01-14', NULL, '275', NULL, 'Cash', NULL, '2021-01-14', 'PSML', '2022-06-28 11:25:00', '2022-06-28 11:25:00'),
(111, 4, 'Receipt', 'App\\SalesCollection', 276, '2022-01-17', NULL, '276', NULL, 'Cash', NULL, '2022-01-17', 'PSML', '2022-06-28 11:27:00', '2022-06-28 11:27:00'),
(112, 4, 'Receipt', 'App\\SalesCollection', 277, '2021-01-19', NULL, '277', NULL, 'Cash', NULL, '2021-01-19', 'PSML', '2022-06-28 11:27:00', '2022-06-28 11:27:00'),
(113, 4, 'Receipt', 'App\\SalesCollection', 811, '2021-11-30', NULL, '811', NULL, 'Cash', NULL, '2021-11-30', 'PSML', '2022-06-28 11:29:00', '2022-06-28 11:29:00'),
(115, 4, 'Receipt', 'App\\SalesCollection', 812, '2021-12-19', NULL, '812', NULL, 'Cheque', '1238613', '2021-12-19', 'PSML', '2022-06-28 11:30:00', '2022-06-28 11:30:00'),
(116, 4, 'Receipt', 'App\\SalesCollection', 813, '2022-04-19', NULL, '813', NULL, 'Cheque', '1238629', '2022-04-19', 'PSML', '2022-06-28 11:31:00', '2022-06-28 11:31:00'),
(117, 4, 'Receipt', 'App\\SalesCollection', 814, '2021-11-30', NULL, '814', NULL, 'Cash', NULL, '2021-11-30', 'PSML', '2022-06-28 11:32:00', '2022-06-28 11:32:00'),
(118, 4, 'Receipt', 'App\\SalesCollection', 815, '2021-12-19', NULL, '815', NULL, 'Cheque', '1238613', '2021-12-19', 'PSML', '2022-06-28 11:33:00', '2022-06-28 11:33:00'),
(119, 4, 'Receipt', 'App\\SalesCollection', 816, '2022-04-19', NULL, '816', NULL, 'Cheque', '1238629', '2022-04-19', 'PSML', '2022-06-28 11:34:00', '2022-06-28 11:34:00'),
(120, 4, 'Receipt', 'App\\SalesCollection', 806, '2022-05-16', NULL, '806', NULL, 'Cheque', '772826', '2022-05-16', 'PSML', '2022-06-28 11:47:00', '2022-06-28 11:47:00'),
(122, 4, 'Receipt', 'App\\SalesCollection', 807, '2022-05-26', NULL, '807', NULL, 'Cheque', '772827', '2022-05-26', 'PSML', '2022-06-28 11:48:00', '2022-06-28 11:48:00'),
(123, 4, 'Receipt', 'App\\SalesCollection', 952, '2022-06-26', NULL, '952', NULL, 'Cheque', '772828', '2022-06-26', 'PSML', '2022-06-28 11:49:00', '2022-06-28 11:49:00'),
(125, 4, 'Receipt', 'App\\SalesCollection', 8, '2020-12-01', NULL, '8', NULL, 'Cheque', '1181527', '2020-12-01', 'PSML', '2022-06-28 13:23:00', '2022-06-28 13:23:00'),
(127, 4, 'Receipt', 'App\\SalesCollection', 9, '2020-12-01', NULL, '9', NULL, 'Online Bank Transfer', 'RTGS', '2020-01-12', 'PSML', '2022-06-28 13:25:00', '2022-06-28 13:25:00'),
(128, 4, 'Receipt', 'App\\SalesCollection', 10, '2020-12-01', NULL, '10', NULL, 'Online Bank Transfer', 'RTGS', '2020-01-12', 'PSML', '2022-06-28 13:31:00', '2022-06-28 13:31:00'),
(129, 4, 'Receipt', 'App\\SalesCollection', 11, '2020-12-07', NULL, '11', NULL, 'Cheque', '1181528', '2020-07-12', 'PSML', '2022-06-28 13:31:00', '2022-06-28 13:31:00'),
(130, 4, 'Receipt', 'App\\SalesCollection', 12, '2020-12-08', NULL, '12', NULL, 'Online Bank Transfer', 'RTGS', '2020-08-12', 'PSML', '2022-06-28 13:33:00', '2022-06-28 13:33:00'),
(131, 4, 'Receipt', 'App\\SalesCollection', 13, '2020-12-08', NULL, '13', NULL, 'Cash', NULL, '2020-08-12', 'PSML', '2022-06-28 13:33:00', '2022-06-28 13:33:00'),
(132, 4, 'Receipt', 'App\\SalesCollection', 14, '2021-03-11', NULL, '14', NULL, 'Cash', NULL, '2020-11-12', 'PSML', '2022-06-28 13:36:00', '2022-06-28 13:36:00'),
(133, 4, 'Receipt', 'App\\SalesCollection', 734, '2020-12-01', NULL, '734', NULL, 'Cash', NULL, '2020-01-12', 'PSML', '2022-06-28 13:37:00', '2022-06-28 13:37:00'),
(134, 4, 'Receipt', 'App\\SalesCollection', 735, '2021-06-16', NULL, '735', NULL, 'Cash', NULL, '2016-06-21', 'PSML', '2022-06-28 13:38:00', '2022-06-28 13:38:00'),
(135, 4, 'Receipt', 'App\\SalesCollection', 951, '2022-06-23', NULL, '951', NULL, 'Online Bank Transfer', 'IB22062234515417', '2022-06-23', 'PSML', '2022-06-28 16:38:00', '2022-06-28 16:38:00'),
(194, 4, 'Journal', 'App\\Procurement\\MaterialReceive', 6, '2022-03-10', NULL, NULL, NULL, NULL, NULL, NULL, 'PSML', '2022-11-20 17:38:00', '2022-11-20 17:38:00'),
(195, 4, 'Journal', 'App\\Procurement\\MaterialReceive', 7, '2022-03-14', NULL, NULL, NULL, NULL, NULL, NULL, 'PSML', '2022-11-20 17:44:00', '2022-11-20 17:44:00'),
(196, 4, 'Journal', 'App\\Procurement\\MaterialReceive', 8, '2022-03-15', NULL, NULL, NULL, NULL, NULL, NULL, 'PSML', '2022-11-20 17:48:00', '2022-11-20 17:48:00'),
(197, 4, 'Journal', 'App\\Procurement\\MaterialReceive', 9, '2022-05-20', NULL, NULL, NULL, NULL, NULL, NULL, 'PSML', '2022-11-20 17:54:00', '2022-11-20 17:54:00'),
(198, 4, 'Journal', 'App\\Procurement\\MaterialReceive', 10, '2022-05-16', NULL, NULL, NULL, NULL, NULL, NULL, 'PSML', '2022-11-20 17:54:00', '2022-11-20 17:54:00'),
(199, 4, 'Journal', 'App\\Procurement\\MaterialReceive', 11, '2022-05-24', NULL, NULL, NULL, NULL, NULL, NULL, 'PSML', '2022-11-20 17:56:00', '2022-11-20 17:56:00'),
(200, 4, 'Journal', 'App\\Procurement\\MaterialReceive', 12, '2022-05-19', NULL, NULL, NULL, NULL, NULL, NULL, 'PSML', '2022-11-20 17:57:00', '2022-11-20 17:57:00'),
(201, 4, 'Journal', 'App\\Procurement\\MaterialReceive', 13, '2022-06-21', NULL, NULL, NULL, NULL, NULL, NULL, 'PSML', '2022-11-20 17:58:00', '2022-11-20 17:58:00'),
(202, 4, 'Journal', 'App\\Procurement\\MaterialReceive', 14, '2022-06-11', NULL, NULL, NULL, NULL, NULL, NULL, 'PSML', '2022-11-20 18:08:00', '2022-11-20 18:08:00'),
(203, 4, 'Journal', 'App\\Procurement\\MaterialReceive', 15, '2022-06-08', NULL, NULL, NULL, NULL, NULL, NULL, 'PSML', '2022-11-20 18:09:00', '2022-11-20 18:09:00'),
(204, 4, 'Journal', 'App\\Procurement\\MaterialReceive', 16, '2022-06-25', NULL, NULL, NULL, NULL, NULL, NULL, 'PSML', '2022-11-20 18:11:00', '2022-11-20 18:11:00'),
(205, 4, 'Journal', 'App\\Procurement\\MaterialReceive', 17, '2022-06-28', NULL, NULL, NULL, NULL, NULL, NULL, 'PSML', '2022-11-20 18:13:00', '2022-11-20 18:13:00'),
(206, 4, 'Journal', 'App\\Procurement\\MaterialReceive', 18, '2022-07-04', NULL, NULL, NULL, NULL, NULL, NULL, 'PSML', '2022-11-20 18:24:00', '2022-11-20 18:24:00'),
(207, 4, 'Journal', 'App\\Procurement\\MaterialReceive', 19, '2022-07-31', NULL, NULL, NULL, NULL, NULL, NULL, 'PSML', '2022-11-20 18:29:00', '2022-11-20 18:29:00'),
(208, 4, 'Journal', 'App\\Procurement\\MaterialReceive', 20, '2022-07-31', 'OB_34445', NULL, NULL, NULL, NULL, NULL, 'PSML', '2022-11-20 18:29:00', '2023-09-20 14:12:00'),
(209, 4, 'Journal', 'App\\Procurement\\MaterialReceive', 21, '2022-07-20', 'B_1635', NULL, NULL, NULL, NULL, NULL, 'PSML', '2022-11-20 18:29:00', '2022-11-20 18:29:00'),
(210, 4, 'Journal', 'App\\Procurement\\MaterialReceive', 23, '2022-08-17', NULL, NULL, NULL, NULL, NULL, NULL, 'PSML', '2022-11-20 18:29:00', '2022-11-20 18:29:00'),
(211, 4, 'Journal', 'App\\Procurement\\MaterialReceive', 26, '2022-08-14', NULL, NULL, NULL, NULL, NULL, NULL, 'PSML', '2022-11-20 18:30:00', '2022-11-20 18:30:00'),
(212, 4, 'Journal', 'App\\Procurement\\MaterialReceive', 27, '2022-08-22', NULL, NULL, NULL, NULL, NULL, NULL, 'PSML', '2022-11-20 18:30:00', '2022-11-20 18:30:00'),
(213, 4, 'Journal', 'App\\Procurement\\MaterialReceive', 28, '2022-08-31', NULL, NULL, NULL, NULL, NULL, NULL, 'PSML', '2022-11-20 18:30:00', '2022-11-20 18:30:00'),
(214, 4, 'Journal', 'App\\Procurement\\MaterialReceive', 29, '2022-09-05', NULL, NULL, NULL, NULL, NULL, NULL, 'PSML', '2022-11-20 18:30:00', '2022-11-20 18:30:00'),
(215, 4, 'Journal', 'App\\Procurement\\MaterialReceive', 30, '2022-09-06', NULL, NULL, NULL, NULL, NULL, NULL, 'PSML', '2022-11-20 18:30:00', '2022-11-20 18:30:00'),
(216, 4, 'Journal', 'App\\Procurement\\MaterialReceive', 31, '2022-08-27', NULL, NULL, NULL, NULL, NULL, NULL, 'PSML', '2022-11-20 18:30:00', '2022-11-20 18:30:00'),
(217, 4, 'Journal', 'App\\Procurement\\MaterialReceive', 32, '2022-08-27', NULL, NULL, NULL, NULL, NULL, NULL, 'PSML', '2022-11-20 18:30:00', '2022-11-20 18:30:00'),
(218, 4, 'Journal', 'App\\Procurement\\MaterialReceive', 34, '2022-09-06', NULL, NULL, NULL, NULL, NULL, NULL, 'PSML', '2022-11-20 18:30:00', '2022-11-20 18:30:00'),
(219, 4, 'Journal', 'App\\Procurement\\MaterialReceive', 35, '2022-08-24', NULL, NULL, NULL, NULL, NULL, NULL, 'PSML', '2022-11-20 18:30:00', '2022-11-20 18:30:00'),
(220, 4, 'Journal', 'App\\Procurement\\MaterialReceive', 36, '2022-08-25', NULL, NULL, NULL, NULL, NULL, NULL, 'PSML', '2022-11-20 18:30:00', '2022-11-20 18:30:00'),
(221, 4, 'Journal', 'App\\Procurement\\MaterialReceive', 37, '2022-08-24', NULL, NULL, NULL, NULL, NULL, NULL, 'PSML', '2022-11-20 18:30:00', '2022-11-20 18:30:00'),
(222, 4, 'Journal', 'App\\Procurement\\MaterialReceive', 38, '2022-08-18', NULL, NULL, NULL, NULL, NULL, NULL, 'PSML', '2022-11-20 18:31:00', '2022-11-20 18:31:00'),
(223, 4, 'Journal', 'App\\Procurement\\MaterialReceive', 39, '2022-07-19', NULL, NULL, NULL, NULL, NULL, NULL, 'PSML', '2022-11-20 18:31:00', '2022-11-20 18:31:00'),
(224, 4, 'Journal', 'App\\Procurement\\MaterialReceive', 40, '2022-09-06', NULL, NULL, NULL, NULL, NULL, NULL, 'PSML', '2022-11-20 18:31:00', '2022-11-20 18:31:00'),
(225, 4, 'Journal', 'App\\Procurement\\MaterialReceive', 41, '2022-09-15', NULL, NULL, NULL, NULL, NULL, NULL, 'PSML', '2022-11-20 18:31:00', '2022-11-20 18:31:00'),
(226, 4, 'Journal', 'App\\Procurement\\MaterialReceive', 42, '2022-09-08', NULL, NULL, NULL, NULL, NULL, NULL, 'PSML', '2022-11-20 18:31:00', '2022-11-20 18:31:00'),
(227, 4, 'Journal', 'App\\Procurement\\MaterialReceive', 43, '2022-10-05', NULL, NULL, NULL, NULL, NULL, NULL, 'PSML', '2022-11-20 18:31:00', '2022-11-20 18:31:00'),
(228, 4, 'Journal', 'App\\Procurement\\MaterialReceive', 44, '2022-08-26', NULL, NULL, NULL, NULL, NULL, NULL, 'PSML', '2022-11-20 18:31:00', '2022-11-20 18:31:00'),
(229, 4, 'Journal', 'App\\Procurement\\MaterialReceive', 45, '2022-10-12', NULL, NULL, NULL, NULL, NULL, NULL, 'PSML', '2022-11-20 18:31:00', '2022-11-20 18:31:00'),
(230, 4, 'Journal', 'App\\Procurement\\MaterialReceive', 46, '2022-10-14', NULL, NULL, NULL, NULL, NULL, NULL, 'PSML', '2022-11-20 18:31:00', '2022-11-20 18:31:00'),
(231, 4, 'Journal', 'App\\Procurement\\MaterialReceive', 47, '2022-11-07', 'OB_34895', NULL, NULL, NULL, NULL, NULL, 'PSML', '2022-11-20 18:31:00', '2022-11-20 18:31:00'),
(232, 4, 'Journal', 'App\\Procurement\\MaterialReceive', 48, '2022-11-06', 'OB_34895', NULL, NULL, NULL, NULL, NULL, 'PSML', '2022-11-20 18:31:00', '2022-11-20 18:31:00'),
(233, 4, 'Journal', 'App\\Procurement\\MaterialReceive', 49, '2022-10-19', NULL, NULL, NULL, NULL, NULL, NULL, 'PSML', '2022-11-20 18:31:00', '2022-11-20 18:31:00'),
(234, 4, 'Journal', 'App\\Procurement\\MaterialReceive', 54, '2022-12-02', NULL, NULL, NULL, NULL, NULL, NULL, 'PSML', '2022-12-08 17:18:00', '2022-12-08 17:18:00'),
(235, 4, 'Journal', 'App\\Procurement\\MaterialReceive', 53, '2022-12-02', NULL, NULL, NULL, NULL, NULL, NULL, 'PSML', '2022-12-08 17:18:00', '2022-12-08 17:18:00'),
(236, 4, 'Journal', 'App\\Procurement\\MaterialReceive', 52, '2022-11-25', NULL, NULL, NULL, NULL, NULL, NULL, 'PSML', '2022-12-08 17:18:00', '2022-12-08 17:18:00'),
(237, 4, 'Journal', 'App\\Procurement\\MaterialReceive', 51, '2022-11-30', NULL, NULL, NULL, NULL, NULL, NULL, 'PSML', '2022-12-08 17:18:00', '2022-12-08 17:18:00'),
(238, 4, 'Journal', 'App\\Procurement\\MaterialReceive', 50, '2022-11-25', NULL, NULL, NULL, NULL, NULL, NULL, 'PSML', '2022-12-08 17:18:00', '2022-12-08 17:18:00'),
(239, 4, 'Receipt', 'App\\SalesCollection', 925, '2022-06-01', NULL, '925', 'The Amount is received from Mohammed Manjurul Kari', 'Cash', NULL, '2022-06-01', 'PSML', '2022-12-18 12:50:00', '2022-12-18 12:50:00'),
(240, 4, 'Receipt', 'App\\SalesCollection', 991, '2022-06-22', NULL, '991', 'The Amount is received from Manjurul Karim & Tasnu', 'Cheque', '3109057', '2022-06-22', 'PSML', '2022-12-18 12:54:00', '2022-12-18 12:54:00'),
(241, 4, 'Receipt', 'App\\SalesCollection', 992, '2022-07-24', NULL, '992', 'The amount is received from Manzarul Karim &Tasnov', 'Cash', NULL, '2022-07-24', 'PSML', '2022-12-18 12:57:00', '2022-12-18 12:57:00'),
(242, 4, 'Receipt', 'App\\SalesCollection', 1074, '2022-08-14', NULL, '1074', 'The amount is received from Manzarul Karim & Tasno', 'Cash', NULL, '2022-08-14', 'PSML', '2022-12-18 12:59:00', '2022-12-18 12:59:00'),
(243, 4, 'Receipt', 'App\\SalesCollection', 1075, '2022-09-15', NULL, '1075', 'The amount is received from Manzarul Karim & Tasno', 'Cash', NULL, '2022-09-15', 'PSML', '2022-12-18 13:02:00', '2022-12-18 13:02:00'),
(244, 4, 'Receipt', 'App\\SalesCollection', 1120, '2022-10-19', NULL, '1120', 'The amount is received from Manzarul Karim &Tasnov', 'Cash', NULL, '2022-10-19', 'PSML', '2022-12-18 13:06:00', '2022-12-18 13:06:00'),
(245, 4, 'Receipt', 'App\\SalesCollection', 1143, '2022-11-15', NULL, '1143', 'The amount is received from Manzarul Karim & Tasno', 'Cash', NULL, '2022-11-15', 'PSML', '2022-12-18 13:08:00', '2022-12-18 13:08:00'),
(246, 4, 'Receipt', 'App\\SalesCollection', 1176, '2022-12-15', NULL, '1176', 'The amount is received from Manzarul Karim & Tasno', 'Cash', NULL, '2022-12-15', 'PSML', '2022-12-18 13:11:00', '2022-12-18 13:11:00'),
(247, 4, 'Receipt', 'App\\SalesCollection', 1044, '2022-08-30', NULL, '1044', 'The amount is received from Mohammed Iqbal Faruk &', 'Cheque', '8181002', '2022-08-30', 'PSML', '2022-12-18 13:27:00', '2022-12-18 13:27:00'),
(248, 4, 'Receipt', 'App\\SalesCollection', 1070, '2022-09-19', NULL, '1070', 'The amount is received from Mohammed Iqbal Faruk &', 'Pay Order', '2335286', '2022-09-19', 'PSML', '2022-12-18 13:29:00', '2022-12-18 13:29:00'),
(249, 4, 'Receipt', 'App\\SalesCollection', 1094, '2022-10-27', NULL, '1094', 'The amount is received from Mohammed Iqbal Faruk &', 'Cheque', '4318141', '2022-10-27', 'PSML', '2022-12-18 13:34:00', '2022-12-18 13:34:00'),
(250, 4, 'Receipt', 'App\\SalesCollection', 1175, '2022-12-14', NULL, '1175', 'The amount is received from Mohammed Iqbal Faruk &', 'Cheque', '818007', '2022-12-14', 'PSML', '2022-12-18 13:36:00', '2022-12-18 13:36:00'),
(251, 4, 'Receipt', 'App\\SalesCollection', 518, '2020-06-11', NULL, '518', 'The amount is received from Rowshan Ara Akther - Q', 'Cheque', '20', '2020-06-11', 'PSML', '2022-12-18 13:42:00', '2022-12-18 13:42:00'),
(252, 4, 'Receipt', 'App\\SalesCollection', 519, '2020-06-15', NULL, '519', 'The amount is received from Rowshan Ara Akter - Qu', 'Cheque', '21', '2020-06-15', 'PSML', '2022-12-18 13:44:00', '2022-12-18 13:44:00'),
(253, 4, 'Receipt', 'App\\SalesCollection', 520, '2020-06-15', NULL, '520', 'The amount is received from Rowshan Ara Akther-Que', 'Cheque', '22', '2020-06-15', 'PSML', '2022-12-18 14:00:00', '2022-12-18 14:00:00'),
(254, 4, 'Receipt', 'App\\SalesCollection', 1174, '2022-12-12', NULL, '1174', 'The amount is received from Rowshan Ara Akther-Que', 'Cheque', '1461384', '2022-12-12', 'PSML', '2022-12-18 14:02:00', '2022-12-18 14:02:00'),
(255, 4, 'Journal', 'App\\Procurement\\MaterialReceive', 59, '2022-12-15', NULL, NULL, NULL, NULL, NULL, NULL, 'PSML', '2022-12-21 15:38:00', '2022-12-21 15:38:00'),
(256, 4, 'Journal', 'App\\Procurement\\MaterialReceive', 58, '2022-12-14', NULL, NULL, NULL, NULL, NULL, NULL, 'PSML', '2022-12-21 15:38:00', '2022-12-21 15:38:00'),
(257, 4, 'Journal', 'App\\Procurement\\MaterialReceive', 57, '2022-12-07', NULL, NULL, NULL, NULL, NULL, NULL, 'PSML', '2022-12-21 15:38:00', '2022-12-22 15:10:00'),
(258, 4, 'Journal', 'App\\Procurement\\MaterialReceive', 63, '2022-12-25', NULL, NULL, NULL, NULL, NULL, NULL, 'PSML', '2023-01-01 18:22:00', '2023-01-01 18:22:00'),
(259, 4, 'Journal', 'App\\Procurement\\MaterialReceive', 62, '2022-12-19', NULL, NULL, NULL, NULL, NULL, NULL, 'PSML', '2023-01-01 18:22:00', '2023-01-01 18:22:00'),
(260, 4, 'Journal', 'App\\Procurement\\MaterialReceive', 61, '2022-12-24', NULL, NULL, NULL, NULL, NULL, NULL, 'PSML', '2023-01-01 18:22:00', '2023-01-01 18:22:00'),
(261, 4, 'Journal', 'App\\Procurement\\MaterialReceive', 60, '2022-12-21', NULL, NULL, NULL, NULL, NULL, NULL, 'PSML', '2023-01-01 18:22:00', '2023-01-01 18:22:00'),
(262, 4, 'Journal', 'App\\Procurement\\MaterialReceive', 64, '2023-01-02', NULL, NULL, NULL, NULL, NULL, NULL, 'PSML', '2023-01-30 17:45:00', '2023-01-30 17:45:00'),
(263, 4, 'Receipt', 'App\\SalesCollection', 254, '2021-06-30', NULL, '254', 'The Amount is received from Dr. Fatema Sanjila Ala', 'Cash', NULL, '2021-06-30', 'PSML', '2023-02-23 17:41:00', '2023-02-23 17:41:00'),
(264, 4, 'Receipt', 'App\\SalesCollection', 819, '2021-09-30', NULL, '819', 'The Amount being received from Fatema Sanjila Alam', 'Cheque', '201514', '2021-09-30', 'PSML', '2023-02-23 17:49:00', '2023-02-23 17:49:00'),
(265, 4, 'Receipt', 'App\\SalesCollection', 820, '2021-09-30', NULL, '820', 'The Amount being received from Fatema Sanjila Alam', 'Cheque', '201515', '2021-09-30', 'PSML', '2023-02-23 17:50:00', '2023-02-23 17:50:00'),
(266, 4, 'Receipt', 'App\\SalesCollection', 821, '2021-09-29', NULL, '821', 'The Amount being received from Fatema Sanjila Alam', 'DD', '1888159', '2021-09-29', 'PSML', '2023-02-23 17:56:00', '2023-02-23 17:56:00'),
(267, 4, 'Receipt', 'App\\SalesCollection', 924, '2022-06-12', NULL, '924', 'The Amount being received from Fatema Sanjila Alam', 'Cheque', '3381083', '2022-06-12', 'PSML', '2023-02-23 17:59:00', '2023-02-23 17:59:00'),
(268, 4, 'Receipt', 'App\\SalesCollection', 1103, '2022-10-23', NULL, '1103', 'The Amount being received from Fatema Sanjila Alam', 'Cheque', '3381091', '2022-10-23', 'PSML', '2023-02-23 18:02:00', '2023-02-23 18:02:00'),
(269, 4, 'Receipt', 'App\\SalesCollection', 1104, '2022-10-30', NULL, '1104', 'The Amount being received from Fatema Sanjila Alam', 'Cheque', '3381092', '2022-10-30', 'PSML', '2023-02-23 18:04:00', '2023-02-23 18:04:00'),
(270, 4, 'Receipt', 'App\\SalesCollection', 1163, '2022-12-01', NULL, '1163', 'The Amount being received from Fatema Sanjila Alam', 'Pay Order', '1889305', '2022-12-01', 'PSML', '2023-02-23 18:06:00', '2023-02-23 18:06:00'),
(271, 4, 'Receipt', 'App\\SalesCollection', 1314, '2022-11-17', NULL, '1314', 'The Amount being received from Fatema Sanjila Alam', 'Cheque', '3381093', '2022-11-17', 'PSML', '2023-02-23 18:19:00', '2023-02-23 18:19:00'),
(272, 4, 'Receipt', 'App\\SalesCollection', 1363, '2023-02-16', NULL, '1363', 'The Amount being received from Fatema Sanjila Alam', 'Cash', NULL, '2023-02-16', 'PSML', '2023-02-23 18:22:00', '2023-02-23 18:22:00'),
(273, 4, 'Receipt', 'App\\SalesCollection', 671, '2022-03-15', NULL, '671', 'The Amount is received as a booking Money against ', 'Cheque', '1542861', '2022-03-15', 'PSML', '2023-02-26 11:34:00', '2023-02-26 11:34:00'),
(274, 4, 'Receipt', 'App\\SalesCollection', 672, '2022-03-15', NULL, '672', 'The Amount is received as a booking Money against ', 'Cheque', '218771', '2022-03-15', 'PSML', '2023-02-26 11:36:00', '2023-02-26 11:36:00'),
(275, 4, 'Receipt', 'App\\SalesCollection', 711, '2022-04-17', NULL, '711', 'The Amount is received as a Installment against th', 'Cheque', '1542862', '2022-04-17', 'PSML', '2023-02-26 11:41:00', '2023-02-26 11:41:00'),
(276, 4, 'Receipt', 'App\\SalesCollection', 836, '2022-05-19', NULL, '836', 'The Amount is received as a 2nd Installment agains', 'Cheque', '3315558', '2022-05-19', 'PSML', '2023-02-26 11:44:00', '2023-02-26 11:44:00'),
(277, 4, 'Receipt', 'App\\SalesCollection', 941, '2022-06-20', NULL, '941', 'The Amount is received as a 2nd Installment agains', 'Cheque', '218788', '2022-06-20', 'PSML', '2023-02-26 11:47:00', '2023-02-26 11:47:00'),
(278, 4, 'Receipt', 'App\\SalesCollection', 984, '2022-07-18', NULL, '984', 'The Amount is received as a Installment against th', 'Cheque', '3315560', '2022-07-18', 'PSML', '2023-02-26 15:56:00', '2023-02-26 15:56:00'),
(279, 4, 'Receipt', 'App\\SalesCollection', 1031, '2022-08-22', NULL, '1031', 'The Amount is received as a Installment against th', 'Cheque', '1542868', '2022-08-22', 'PSML', '2023-02-26 16:00:00', '2023-02-26 16:00:00'),
(280, 4, 'Receipt', 'App\\SalesCollection', 1071, '2022-09-19', NULL, '1071', 'The Amount is received as a 6th Installment agains', 'Cheque', '8885246', '2022-09-19', 'PSML', '2023-02-26 16:02:00', '2023-02-26 16:02:00'),
(281, 4, 'Receipt', 'App\\SalesCollection', 1119, '2022-10-18', NULL, '1119', 'The Amount is received as a Installment against th', 'Cheque', '3000682', '2022-10-18', 'PSML', '2023-02-26 16:03:00', '2023-02-26 16:03:00'),
(282, 4, 'Receipt', 'App\\SalesCollection', 1238, '2022-11-20', NULL, '1238', 'The Amount is received as a 8th Installment agains', 'Cheque', '1542872', '2022-11-20', 'PSML', '2023-02-26 16:05:00', '2023-02-26 16:05:00'),
(283, 4, 'Receipt', 'App\\SalesCollection', 1301, '2022-12-20', NULL, '1301', 'The Amount is received as a 9th Installment agains', 'Cheque', '1542875', '2022-12-20', 'PSML', '2023-02-26 16:07:00', '2023-02-26 16:07:00'),
(284, 4, 'Receipt', 'App\\SalesCollection', 1302, '2023-01-18', NULL, '1302', 'The Amount is received as a 10th Installment again', 'Cheque', '3000685', '2023-01-18', 'PSML', '2023-02-26 16:09:00', '2023-02-26 16:09:00'),
(285, 4, 'Journal', 'App\\Procurement\\MaterialReceive', 70, '2023-02-04', NULL, NULL, NULL, NULL, NULL, NULL, 'PSML', '2023-02-27 14:38:00', '2023-02-27 14:38:00'),
(286, 4, 'Journal', 'App\\Procurement\\MaterialReceive', 69, '2023-01-26', NULL, NULL, NULL, NULL, NULL, NULL, 'PSML', '2023-02-27 14:38:00', '2023-02-27 14:38:00'),
(287, 4, 'Journal', 'App\\Procurement\\MaterialReceive', 68, '2023-01-31', NULL, NULL, NULL, NULL, NULL, NULL, 'PSML', '2023-02-27 14:38:00', '2023-02-27 14:38:00'),
(288, 4, 'Journal', 'App\\Procurement\\MaterialReceive', 67, '2023-01-30', NULL, NULL, NULL, NULL, NULL, NULL, 'PSML', '2023-02-27 14:38:00', '2023-02-27 14:38:00'),
(289, 4, 'Journal', 'App\\Procurement\\MaterialReceive', 78, '2023-03-03', NULL, NULL, NULL, NULL, NULL, NULL, 'PSML', '2023-03-06 17:49:00', '2023-03-06 17:49:00'),
(290, 4, 'Journal', 'App\\Procurement\\MaterialReceive', 77, '2023-02-07', NULL, NULL, NULL, NULL, NULL, NULL, 'PSML', '2023-03-06 17:49:00', '2023-03-06 17:49:00'),
(291, 4, 'Journal', 'App\\Procurement\\MaterialReceive', 76, '2022-12-12', NULL, NULL, NULL, NULL, NULL, NULL, 'PSML', '2023-03-06 17:49:00', '2023-03-06 17:49:00'),
(292, 4, 'Journal', 'App\\Procurement\\MaterialReceive', 75, '2022-12-06', NULL, NULL, NULL, NULL, NULL, NULL, 'PSML', '2023-03-06 17:49:00', '2023-03-06 17:49:00'),
(293, 4, 'Journal', 'App\\Procurement\\MaterialReceive', 74, '2022-12-07', NULL, NULL, NULL, NULL, NULL, NULL, 'PSML', '2023-03-06 17:49:00', '2023-03-06 17:49:00'),
(295, 4, 'Receipt', 'App\\SalesCollection', 608, '2022-02-13', NULL, '608', 'The amount is received from Dr. Md. Harunar Rashid', 'Cheque', '6284640', '2022-02-13', 'PSML', '2023-03-09 13:35:00', '2023-03-09 13:35:00'),
(296, 4, 'Journal', 'App\\Procurement\\Storeissue', 2, '2022-05-19', NULL, NULL, NULL, NULL, NULL, NULL, 'PSML', '2023-03-12 12:17:00', '2023-03-12 12:17:00'),
(297, 4, 'Journal', 'App\\Procurement\\Storeissue', 2, '2022-05-19', NULL, NULL, NULL, NULL, NULL, NULL, 'PSML', '2023-03-12 12:17:00', '2023-03-12 12:17:00'),
(298, 4, 'Journal', 'App\\Procurement\\Storeissue', 2, '2022-05-19', NULL, NULL, NULL, NULL, NULL, NULL, 'PSML', '2023-03-12 12:17:00', '2023-03-12 12:17:00'),
(299, 4, 'Journal', 'App\\Procurement\\Storeissue', 2, '2022-05-19', NULL, NULL, NULL, NULL, NULL, NULL, 'PSML', '2023-03-12 12:17:00', '2023-03-12 12:17:00'),
(300, 4, 'Payment', NULL, NULL, '2023-03-12', 'OB_34895', NULL, 'dummy payment made for System checking', 'A/C Payee', '878973', '2023-03-12', 'PSML', '2023-03-12 15:52:00', '2023-03-12 15:52:00'),
(301, 4, 'Receipt', 'App\\SalesCollection', 1099, '2022-07-20', NULL, '1099', 'The Amount is received from Dr. Mohammed Gias Uddi', 'Pay Order', '3033773', '2022-07-20', 'PSML', '2023-03-14 15:13:00', '2023-03-14 15:13:00'),
(302, 4, 'Receipt', 'App\\SalesCollection', 1100, '2022-08-23', NULL, '1100', 'The Amount is received from Dr. Mohammed Gias Uddi', 'Pay Order', '3033904', '2022-08-23', 'PSML', '2023-03-14 15:19:00', '2023-03-14 15:19:00'),
(303, 4, 'Receipt', 'App\\SalesCollection', 1101, '2022-09-22', NULL, '1101', 'The Amount is received from Dr. Mohammed Gias Uddi', 'Pay Order', '3034003', '2022-09-22', 'PSML', '2023-03-14 15:27:00', '2023-03-14 15:27:00'),
(304, 4, 'Receipt', 'App\\SalesCollection', 1212, '2022-10-25', NULL, '1212', 'The Amount is received from Dr. Mohammed Gias Uddi', 'Cheque', '3090687', '2022-10-25', 'PSML', '2023-03-14 15:32:00', '2023-03-14 15:32:00'),
(305, 4, 'Receipt', 'App\\SalesCollection', 1025, '2022-08-17', NULL, '1025', 'The Amount is received from Rehene Akter KD Antem ', 'Cash', NULL, '2022-08-17', 'PSML', '2023-03-23 10:45:00', '2023-03-23 10:45:00'),
(306, 4, 'Receipt', 'App\\SalesCollection', 1026, '2022-08-21', NULL, '1026', 'The Amount is received from Rehene Akter KD Antem ', 'Cheque', '3496860', '2022-08-21', 'PSML', '2023-03-23 10:49:00', '2023-03-23 10:49:00'),
(307, 4, 'Receipt', 'App\\SalesCollection', 1027, '2022-08-21', NULL, '1027', 'The Amount is received from Rehene Akter KD Antem ', 'Cheque', '9499440', '2022-08-21', 'PSML', '2023-03-23 10:58:00', '2023-03-23 10:58:00'),
(308, 4, 'Receipt', 'App\\SalesCollection', 1061, '2022-09-21', NULL, '1061', 'The Amount is received from Rehene Akter KD Antem ', 'Pay Order', '6615065', '2022-09-21', 'PSML', '2023-03-23 11:06:00', '2023-03-23 11:06:00'),
(309, 4, 'Receipt', 'App\\SalesCollection', 1063, '2022-09-22', NULL, '1063', 'The Amount is received from Rehene Akter KD Antem ', 'Cheque', '3496861', '2022-09-22', 'PSML', '2023-03-23 11:16:00', '2023-03-23 11:16:00'),
(310, 4, 'Receipt', 'App\\SalesCollection', 1062, '2022-09-22', NULL, '1062', 'The Amount is received from Rehene Akter KD Antem ', 'Cheque', '9499441', '2022-09-22', 'PSML', '2023-03-23 11:28:00', '2023-03-23 11:28:00'),
(311, 4, 'Journal', 'App\\Procurement\\Storeissue', 9, '2022-04-01', NULL, NULL, NULL, NULL, NULL, NULL, 'PSML', '2023-03-23 17:14:00', '2023-03-23 17:14:00'),
(312, 4, 'Journal', 'App\\Procurement\\Storeissue', 9, '2022-04-01', NULL, NULL, NULL, NULL, NULL, NULL, 'PSML', '2023-03-23 17:14:00', '2023-03-23 17:14:00'),
(313, 4, 'Journal', 'App\\Procurement\\Storeissue', 8, '2022-03-16', NULL, NULL, NULL, NULL, NULL, NULL, 'PSML', '2023-03-23 17:15:00', '2023-03-23 17:15:00'),
(314, 4, 'Journal', 'App\\Procurement\\Storeissue', 8, '2022-03-16', NULL, NULL, NULL, NULL, NULL, NULL, 'PSML', '2023-03-23 17:15:00', '2023-03-23 17:15:00'),
(315, 4, 'Journal', 'App\\Procurement\\Storeissue', 8, '2022-03-16', NULL, NULL, NULL, NULL, NULL, NULL, 'PSML', '2023-03-23 17:15:00', '2023-03-23 17:15:00'),
(316, 4, 'Journal', 'App\\Procurement\\Storeissue', 7, '2022-08-30', NULL, NULL, NULL, NULL, NULL, NULL, 'PSML', '2023-03-23 17:15:00', '2023-03-23 17:15:00'),
(317, 4, 'Receipt', 'App\\SalesCollection', 1240, '2022-11-27', NULL, '1240', 'The Amount is received from Rehena Akter KD Antem ', 'Cheque', '4541276', '2022-11-27', 'PSML', '2023-03-27 10:50:00', '2023-03-27 10:50:00'),
(318, 4, 'Receipt', 'App\\SalesCollection', 1241, '2022-12-26', NULL, '1241', 'The Amount is received from Rehena Akter KD Antem ', 'Cheque', '3496862', '2022-12-26', 'PSML', '2023-03-27 10:54:00', '2023-03-27 10:54:00'),
(319, 4, 'Receipt', 'App\\SalesCollection', 1242, '2023-01-23', NULL, '1242', 'The Amount is received from Rehena Akter KD Antem ', 'Cheque', '4601663', '2023-01-23', 'PSML', '2023-03-27 10:56:00', '2023-03-27 10:56:00');
INSERT INTO `acc_transactions` (`id`, `acc_cost_center_id`, `voucher_type`, `transactionable_type`, `transactionable_id`, `transaction_date`, `bill_no`, `mr_no`, `narration`, `instrument_type`, `instrument_no`, `instrument_date`, `business_unit`, `created_at`, `updated_at`) VALUES
(320, 4, 'Receipt', 'App\\SalesCollection', 1391, '2023-02-20', NULL, '1391', 'The Amount is received from Rehena Akter KD Antem ', 'Cheque', '3496865', '2023-02-20', 'PSML', '2023-03-27 10:58:00', '2023-03-27 10:58:00'),
(321, 4, 'Receipt', 'App\\SalesCollection', 1428, '2023-03-22', NULL, '1428', 'The Amount is received from Rehena Akter KD Antem ', 'Cheque', '3704161', '2023-03-22', 'PSML', '2023-03-27 11:19:00', '2023-03-27 11:19:00'),
(322, 4, 'Receipt', 'App\\SalesCollection', 1239, '2022-10-31', NULL, '1239', 'The amount is received from Rehena Akter  KD Antem', 'Cheque', '4541273', '2022-10-31', 'PSML', '2023-03-27 11:28:00', '2023-03-27 11:28:00'),
(323, 4, 'Journal', 'App\\Procurement\\MaterialReceive', 80, '2023-03-23', NULL, NULL, NULL, NULL, NULL, NULL, 'PSML', '2023-04-03 10:11:00', '2023-04-03 10:11:00'),
(324, 4, 'Journal', 'App\\Procurement\\MaterialReceive', 79, '2023-03-22', NULL, NULL, NULL, NULL, NULL, NULL, 'PSML', '2023-04-03 10:11:00', '2023-04-03 10:11:00'),
(325, 4, 'Journal', 'App\\Procurement\\MaterialReceive', 88, '2023-04-11', NULL, NULL, NULL, NULL, NULL, NULL, 'PSML', '2023-04-16 11:54:00', '2023-04-16 11:54:00'),
(326, 4, 'Journal', 'App\\Procurement\\MaterialReceive', 87, '2023-04-08', NULL, NULL, NULL, NULL, NULL, NULL, 'PSML', '2023-04-16 11:55:00', '2023-04-16 11:55:00'),
(327, 4, 'Journal', 'App\\Procurement\\MaterialReceive', 86, '2023-04-08', NULL, NULL, NULL, NULL, NULL, NULL, 'PSML', '2023-04-16 11:55:00', '2023-04-16 11:55:00'),
(328, 4, 'Journal', 'App\\Procurement\\MaterialReceive', 85, '2023-04-05', NULL, NULL, NULL, NULL, NULL, NULL, 'PSML', '2023-04-16 11:55:00', '2023-04-16 11:55:00'),
(329, 4, 'Journal', 'App\\Procurement\\MaterialReceive', 84, '2023-04-05', NULL, NULL, NULL, NULL, NULL, NULL, 'PSML', '2023-04-16 11:55:00', '2023-04-16 11:55:00'),
(330, 4, 'Journal', 'App\\Procurement\\MaterialReceive', 83, '2023-04-04', NULL, NULL, NULL, NULL, NULL, NULL, 'PSML', '2023-04-16 11:55:00', '2023-04-16 11:55:00'),
(331, 4, 'Journal', 'App\\Procurement\\MaterialReceive', 82, '2023-04-06', NULL, NULL, NULL, NULL, NULL, NULL, 'PSML', '2023-04-16 11:55:00', '2023-04-16 11:55:00'),
(332, 4, 'Journal', 'App\\Procurement\\MaterialReceive', 81, '2023-03-27', NULL, NULL, NULL, NULL, NULL, NULL, 'PSML', '2023-04-16 11:55:00', '2023-04-16 11:55:00'),
(333, 4, 'Journal', 'App\\Procurement\\MaterialReceive', 92, '2023-04-15', NULL, NULL, NULL, NULL, NULL, NULL, 'PSML', '2023-04-29 13:46:00', '2023-04-29 13:46:00'),
(334, 4, 'Journal', 'App\\Procurement\\MaterialReceive', 91, '2023-04-15', NULL, NULL, NULL, NULL, NULL, NULL, 'PSML', '2023-04-29 13:46:00', '2023-04-29 13:46:00'),
(335, 4, 'Journal', 'App\\Procurement\\MaterialReceive', 90, '2023-04-15', NULL, NULL, NULL, NULL, NULL, NULL, 'PSML', '2023-04-29 13:46:00', '2023-04-29 13:46:00'),
(336, 4, 'Journal', 'App\\Procurement\\MaterialReceive', 89, '2023-04-13', NULL, NULL, NULL, NULL, NULL, NULL, 'PSML', '2023-04-29 13:46:00', '2023-04-29 13:46:00'),
(337, 4, 'Journal', 'App\\Procurement\\MaterialReceive', 96, '2023-05-09', NULL, NULL, NULL, NULL, NULL, NULL, 'PSML', '2023-05-14 17:21:00', '2023-05-14 17:21:00'),
(338, 4, 'Journal', 'App\\Procurement\\MaterialReceive', 95, '2023-04-30', NULL, NULL, NULL, NULL, NULL, NULL, 'PSML', '2023-05-14 17:21:00', '2023-05-14 17:21:00'),
(339, 4, 'Journal', 'App\\Procurement\\MaterialReceive', 94, '2023-04-30', NULL, NULL, NULL, NULL, NULL, NULL, 'PSML', '2023-05-14 17:21:00', '2023-05-14 17:21:00'),
(340, 4, 'Journal', 'App\\Procurement\\MaterialReceive', 93, '2023-03-29', NULL, NULL, NULL, NULL, NULL, NULL, 'PSML', '2023-05-14 17:21:00', '2023-05-14 17:21:00'),
(341, 4, 'Journal', 'App\\Procurement\\MaterialReceive', 101, '2023-05-17', NULL, NULL, NULL, NULL, NULL, NULL, 'PSML', '2023-05-24 10:21:00', '2023-05-24 10:21:00'),
(342, 4, 'Journal', 'App\\Procurement\\MaterialReceive', 100, '2023-05-16', NULL, NULL, NULL, NULL, NULL, NULL, 'PSML', '2023-05-24 10:21:00', '2023-05-24 10:21:00'),
(343, 4, 'Journal', 'App\\Procurement\\MaterialReceive', 99, '2023-05-16', NULL, NULL, NULL, NULL, NULL, NULL, 'PSML', '2023-05-24 10:21:00', '2023-05-24 10:21:00'),
(344, 4, 'Journal', 'App\\Procurement\\MaterialReceive', 98, '2023-05-12', NULL, NULL, NULL, NULL, NULL, NULL, 'PSML', '2023-05-24 10:21:00', '2023-05-24 10:21:00'),
(345, 4, 'Journal', 'App\\Procurement\\MaterialReceive', 97, '2023-05-10', NULL, NULL, NULL, NULL, NULL, NULL, 'PSML', '2023-05-24 10:21:00', '2023-05-24 10:21:00'),
(346, 4, 'Journal', 'App\\Procurement\\MaterialReceive', 111, '2023-06-24', NULL, NULL, NULL, NULL, NULL, NULL, 'PSML', '2023-07-10 17:38:00', '2023-07-10 17:38:00'),
(347, 4, 'Journal', 'App\\Procurement\\MaterialReceive', 110, '2023-06-22', NULL, NULL, NULL, NULL, NULL, NULL, 'PSML', '2023-07-10 17:38:00', '2023-07-10 17:38:00'),
(348, 4, 'Journal', 'App\\Procurement\\MaterialReceive', 109, '2023-06-21', NULL, NULL, NULL, NULL, NULL, NULL, 'PSML', '2023-07-10 17:38:00', '2023-07-10 17:38:00'),
(349, 4, 'Journal', 'App\\Procurement\\MaterialReceive', 108, '2023-06-21', NULL, NULL, NULL, NULL, NULL, NULL, 'PSML', '2023-07-10 17:38:00', '2023-07-10 17:38:00'),
(350, 4, 'Journal', 'App\\Procurement\\MaterialReceive', 107, '2023-06-20', NULL, NULL, NULL, NULL, NULL, NULL, 'PSML', '2023-07-10 17:38:00', '2023-07-10 17:38:00'),
(351, 4, 'Journal', 'App\\Procurement\\MaterialReceive', 106, '2023-06-19', NULL, NULL, NULL, NULL, NULL, NULL, 'PSML', '2023-07-10 17:38:00', '2023-07-10 17:38:00'),
(352, 4, 'Journal', 'App\\Procurement\\MaterialReceive', 105, '2023-06-19', NULL, NULL, NULL, NULL, NULL, NULL, 'PSML', '2023-07-10 17:38:00', '2023-07-10 17:38:00'),
(353, 4, 'Journal', 'App\\Procurement\\MaterialReceive', 104, '2023-06-19', NULL, NULL, NULL, NULL, NULL, NULL, 'PSML', '2023-07-10 17:38:00', '2023-07-10 17:38:00'),
(354, 4, 'Journal', 'App\\Procurement\\MaterialReceive', 103, '2023-05-31', NULL, NULL, NULL, NULL, NULL, NULL, 'PSML', '2023-07-10 17:38:00', '2023-07-10 17:38:00'),
(355, 4, 'Journal', 'App\\Procurement\\MaterialReceive', 102, '2023-05-21', NULL, NULL, NULL, NULL, NULL, NULL, 'PSML', '2023-07-10 17:38:00', '2023-07-10 17:38:00'),
(356, 4, 'Journal', 'App\\Procurement\\MaterialReceive', 136, '2023-08-18', NULL, NULL, NULL, NULL, NULL, NULL, 'PSML', '2023-09-17 13:42:00', '2023-09-17 13:42:00'),
(357, 4, 'Journal', 'App\\Procurement\\MaterialReceive', 135, '2023-08-18', NULL, NULL, NULL, NULL, NULL, NULL, 'PSML', '2023-09-17 13:42:00', '2023-09-17 13:42:00'),
(358, 4, 'Journal', 'App\\Procurement\\MaterialReceive', 134, '2023-08-17', NULL, NULL, NULL, NULL, NULL, NULL, 'PSML', '2023-09-17 13:42:00', '2023-09-17 13:42:00'),
(359, 4, 'Journal', 'App\\Procurement\\MaterialReceive', 133, '2023-08-17', NULL, NULL, NULL, NULL, NULL, NULL, 'PSML', '2023-09-17 13:42:00', '2023-09-17 13:42:00'),
(360, 4, 'Journal', 'App\\Procurement\\MaterialReceive', 132, '2023-08-14', NULL, NULL, NULL, NULL, NULL, NULL, 'PSML', '2023-09-17 13:42:00', '2023-09-17 13:42:00'),
(361, 4, 'Journal', 'App\\Procurement\\MaterialReceive', 131, '2023-08-10', NULL, NULL, NULL, NULL, NULL, NULL, 'PSML', '2023-09-17 13:42:00', '2023-09-17 13:42:00'),
(362, 4, 'Journal', 'App\\Procurement\\MaterialReceive', 130, '2023-08-11', NULL, NULL, NULL, NULL, NULL, NULL, 'PSML', '2023-09-17 13:42:00', '2023-09-17 13:42:00'),
(363, 4, 'Journal', 'App\\Procurement\\MaterialReceive', 129, '2023-08-11', NULL, NULL, NULL, NULL, NULL, NULL, 'PSML', '2023-09-17 13:42:00', '2023-09-17 13:42:00'),
(364, 4, 'Journal', 'App\\Procurement\\MaterialReceive', 128, '2023-08-08', NULL, NULL, NULL, NULL, NULL, NULL, 'PSML', '2023-09-17 13:42:00', '2023-09-17 13:42:00'),
(365, 4, 'Journal', 'App\\Procurement\\MaterialReceive', 127, '2023-08-04', NULL, NULL, NULL, NULL, NULL, NULL, 'PSML', '2023-09-17 13:42:00', '2023-09-17 13:42:00'),
(366, 4, 'Journal', 'App\\Procurement\\MaterialReceive', 126, '2023-07-31', NULL, NULL, NULL, NULL, NULL, NULL, 'PSML', '2023-09-17 13:42:00', '2023-09-17 13:42:00'),
(367, 4, 'Journal', 'App\\Procurement\\MaterialReceive', 125, '2023-07-30', NULL, NULL, NULL, NULL, NULL, NULL, 'PSML', '2023-09-17 13:42:00', '2023-09-17 13:42:00'),
(368, 4, 'Journal', 'App\\Procurement\\MaterialReceive', 124, '2023-07-30', NULL, NULL, NULL, NULL, NULL, NULL, 'PSML', '2023-09-17 13:42:00', '2023-09-17 13:42:00'),
(369, 4, 'Journal', 'App\\Procurement\\MaterialReceive', 123, '2023-07-30', NULL, NULL, NULL, NULL, NULL, NULL, 'PSML', '2023-09-17 13:43:00', '2023-09-17 13:43:00'),
(370, 4, 'Journal', 'App\\Procurement\\MaterialReceive', 122, '2023-07-29', NULL, NULL, NULL, NULL, NULL, NULL, 'PSML', '2023-09-17 13:43:00', '2023-09-17 13:43:00'),
(371, 4, 'Journal', 'App\\Procurement\\MaterialReceive', 121, '2023-07-26', NULL, NULL, NULL, NULL, NULL, NULL, 'PSML', '2023-09-17 13:43:00', '2023-09-17 13:43:00'),
(372, 4, 'Journal', 'App\\Procurement\\MaterialReceive', 120, '2023-07-26', NULL, NULL, NULL, NULL, NULL, NULL, 'PSML', '2023-09-17 13:43:00', '2023-09-17 13:43:00'),
(373, 4, 'Journal', 'App\\Procurement\\MaterialReceive', 119, '2023-07-24', NULL, NULL, NULL, NULL, NULL, NULL, 'PSML', '2023-09-17 13:43:00', '2023-09-17 13:43:00'),
(374, 4, 'Journal', 'App\\Procurement\\MaterialReceive', 118, '2023-07-26', NULL, NULL, NULL, NULL, NULL, NULL, 'PSML', '2023-09-17 13:43:00', '2023-09-17 13:43:00'),
(375, 4, 'Journal', 'App\\Procurement\\MaterialReceive', 117, '2023-07-25', NULL, NULL, NULL, NULL, NULL, NULL, 'PSML', '2023-09-17 13:43:00', '2023-09-17 13:43:00'),
(376, 4, 'Journal', 'App\\Procurement\\MaterialReceive', 116, '2023-07-25', NULL, NULL, NULL, NULL, NULL, NULL, 'PSML', '2023-09-17 13:43:00', '2023-09-17 13:43:00'),
(377, 4, 'Journal', 'App\\Procurement\\MaterialReceive', 115, '2023-07-25', NULL, NULL, NULL, NULL, NULL, NULL, 'PSML', '2023-09-17 13:43:00', '2023-09-17 13:43:00'),
(378, 4, 'Journal', 'App\\Procurement\\MaterialReceive', 114, '2023-07-23', NULL, NULL, NULL, NULL, NULL, NULL, 'PSML', '2023-09-17 13:43:00', '2023-09-17 13:43:00'),
(379, 4, 'Journal', 'App\\Procurement\\MaterialReceive', 113, '2023-07-23', NULL, NULL, NULL, NULL, NULL, NULL, 'PSML', '2023-09-17 13:43:00', '2023-09-17 13:43:00'),
(380, 4, 'Journal', 'App\\Procurement\\MaterialReceive', 112, '2023-07-16', NULL, NULL, NULL, NULL, NULL, NULL, 'PSML', '2023-09-17 13:43:00', '2023-09-17 13:43:00'),
(381, 4, 'Payment', 'App\\Procurement\\Iou', 7, '2023-09-17', NULL, NULL, NULL, 'Cash', NULL, NULL, 'PSML', '2023-09-17 16:08:00', '2023-09-17 16:08:00'),
(382, 4, 'Journal', 'App\\Procurement\\MaterialReceive', 137, '2023-09-12', NULL, NULL, NULL, NULL, NULL, NULL, 'PSML', '2023-09-17 17:36:00', '2023-09-17 17:36:00'),
(384, 4, 'Journal', 'App\\Procurement\\MaterialReceive', 141, '2023-05-16', NULL, NULL, NULL, NULL, NULL, NULL, 'PSML', '2023-10-04 15:02:00', '2023-10-04 15:02:00'),
(385, 4, 'Journal', 'App\\Sells\\SaleCancellation', 5, '2023-10-05', NULL, NULL, NULL, NULL, NULL, NULL, 'PSML', '2023-10-05 13:39:00', '2023-10-05 13:39:00'),
(386, 4, 'Journal', 'App\\Sells\\SaleCancellation', 4, '2023-10-05', NULL, NULL, NULL, NULL, NULL, NULL, 'PSML', '2023-10-05 13:39:00', '2023-10-05 13:39:00'),
(387, 4, 'Journal', 'App\\Sells\\SaleCancellation', 3, '2023-10-05', NULL, NULL, NULL, NULL, NULL, NULL, 'PSML', '2023-10-05 13:39:00', '2023-10-05 13:39:00'),
(388, 4, 'Journal', 'App\\Procurement\\MaterialReceive', 143, '2023-10-12', NULL, NULL, NULL, NULL, NULL, NULL, 'PSML', '2023-10-19 09:56:00', '2023-10-19 09:56:00'),
(389, 4, 'Journal', 'App\\Procurement\\MaterialReceive', 142, '2023-10-23', NULL, NULL, NULL, NULL, NULL, NULL, 'PSML', '2023-10-19 09:56:00', '2023-10-19 09:56:00'),
(390, 4, 'Receipt', NULL, NULL, '2023-11-12', '522-s22s-ss', NULL, 'dfasdf dfa sdf asdf asdf', 'Cheque', '252-522', '2023-11-13', 'PSML', '2023-11-12 07:34:50', '2023-11-12 07:34:50'),
(391, 4, 'Receipt', NULL, NULL, '2023-11-19', NULL, NULL, NULL, 'Cash', 'NA', '2023-11-07', 'PSML', '2023-11-12 08:23:31', '2023-11-12 08:23:31'),
(392, 4, 'Payment', NULL, NULL, '2023-11-15', '45656', NULL, 'dfgfg', 'Cheque', '4534545', '2023-11-14', 'PSML', '2023-11-17 12:06:22', '2023-11-17 12:06:22'),
(393, 4, 'Receipt', NULL, NULL, '2023-11-15', '345656', NULL, 'dfdg', 'A/C Payee', 'dsdf', '2023-11-18', 'PSML', '2023-11-17 12:41:31', '2023-11-24 18:29:15');

INSERT INTO `balance_income_line` (`id`, `line_type`, `line_text`, `value_type`, `parent_id`, `visible_index`, `printed_no`, `lft`, `rgt`, `business_unit`, `created_at`, `updated_at`) VALUES
(1, 'base_header', 'Assets', 'D', '\\N', '1', '1', 1, 44, 'PSML', '2021-10-31 07:37:45', '2021-10-31 07:37:45');
INSERT INTO `balance_income_line` (`id`, `line_type`, `line_text`, `value_type`, `parent_id`, `visible_index`, `printed_no`, `lft`, `rgt`, `business_unit`, `created_at`, `updated_at`) VALUES
(2, 'balance_header', 'Non-Current  Assets', 'D', '1', '2', '2', 2, 7, 'PSML', '2021-10-31 07:38:30', '2021-12-30 13:34:50');
INSERT INTO `balance_income_line` (`id`, `line_type`, `line_text`, `value_type`, `parent_id`, `visible_index`, `printed_no`, `lft`, `rgt`, `business_unit`, `created_at`, `updated_at`) VALUES
(3, 'balance_line', 'Fixed Assets at Cost', 'D', '2', '3', '3', 3, 4, 'PSML', '2021-10-31 07:39:14', '2021-10-31 07:39:14');
INSERT INTO `balance_income_line` (`id`, `line_type`, `line_text`, `value_type`, `parent_id`, `visible_index`, `printed_no`, `lft`, `rgt`, `business_unit`, `created_at`, `updated_at`) VALUES
(4, 'balance_line', 'Less Accumulated Depreciation', 'D', '2', '4', '4', 5, 6, 'PSML', '2021-10-31 07:39:28', '2022-02-03 11:33:52'),
(5, 'balance_header', 'Current Assets', 'D', '1', '5', '5', 8, 27, 'PSML', '2021-10-31 07:39:55', '2021-10-31 07:39:55'),
(6, 'balance_line', 'Sundry Debtors', 'D', '5', '6', '6', 9, 10, 'PSML', '2021-10-31 07:40:15', '2021-10-31 07:40:15'),
(7, 'balance_line', 'Cash-in-hand', 'D', '5', '7', '7', 11, 12, 'PSML', '2021-10-31 07:40:26', '2021-12-20 18:26:59'),
(8, 'balance_line', 'Bank Accounts', 'D', '5', '8', '8', 13, 14, 'PSML', '2021-10-31 07:40:32', '2021-10-31 07:40:32'),
(9, 'balance_line', 'Advance, Deposit & Prepayment', 'D', '5', '9', '9', 15, 16, 'PSML', '2021-10-31 07:40:40', '2021-10-31 07:40:40'),
(10, 'balance_line', 'Current Account with Directors', 'D', '5', '10', '10', 17, 18, 'PSML', '2021-10-31 07:40:50', '2021-10-31 07:40:50'),
(11, 'balance_line', 'Inventory', 'D', '5', '11', '11', 19, 20, 'PSML', '2021-10-31 07:41:03', '2021-10-31 07:41:03'),
(12, 'balance_line', 'Other Receivables', 'D', '5', '12', '12', 21, 22, 'PSML', '2021-10-31 07:41:12', '2021-10-31 07:41:12'),
(13, 'balance_line', 'Short Term Loan to RPL for Chayaneer', 'D', '5', '13', '13', 23, 24, 'PSML', '2021-10-31 07:41:28', '2021-10-31 07:41:28'),
(14, 'balance_line', 'Work in Progress', 'D', '5', '14', '14', 25, 26, 'PSML', '2021-10-31 07:41:37', '2021-10-31 07:41:37'),
(15, 'balance_header', 'Intangible Assets', 'D', '1', '15', '15', 28, 33, 'PSML', '2021-10-31 07:42:02', '2021-10-31 07:42:02'),
(16, 'balance_line', 'Intangible Assets- at Cost', 'D', '15', '16', '16', 29, 30, 'PSML', '2021-10-31 07:42:44', '2021-10-31 07:42:44'),
(17, 'balance_line', 'Less Accumulated Amortization', 'D', '15', '17', '17', 31, 32, 'PSML', '2021-10-31 07:42:54', '2021-10-31 07:42:54'),
(18, 'balance_header', 'Preliminary Expenses', 'D', '1', '18', '18', 34, 39, 'PSML', '2021-10-31 07:43:16', '2021-10-31 07:43:16'),
(19, 'balance_line', 'Preliminary Expenses at Cost', 'D', '18', '19', '19', 35, 36, 'PSML', '2021-10-31 07:43:33', '2021-10-31 07:43:33'),
(20, 'balance_line', 'Accumulated Write Off-Preliminary Expenses', 'D', '18', '20', '20', 37, 38, 'PSML', '2021-10-31 07:44:01', '2021-10-31 07:44:01'),
(21, 'balance_header', 'Statement of Comprehensive Income', 'D', '1', '21', '21', 40, 43, 'PSML', '2021-10-31 07:44:18', '2021-10-31 07:44:18'),
(22, 'balance_line', 'Statement of Comprehensive Income', 'D', '21', '22', '22', 41, 42, 'PSML', '2021-10-31 07:44:44', '2021-10-31 07:44:44'),
(26, 'base_header', 'Liabilities', 'C', '\\N', '26', '26', 45, 88, 'PSML', '2021-10-31 07:47:48', '2021-10-31 07:47:48'),
(27, 'balance_header', 'Capital Account', 'C', '26', '27', '27', 46, 51, 'PSML', '2021-10-31 07:48:11', '2021-10-31 07:48:11'),
(28, 'balance_line', 'Share Capital', 'C', '27', '28', '28', 47, 48, 'PSML', '2021-10-31 07:48:32', '2021-10-31 07:48:58'),
(29, 'balance_line', 'Share Money Deposit', 'C', '27', '29', '29', 49, 50, 'PSML', '2021-10-31 07:49:23', '2021-10-31 07:49:23'),
(31, 'balance_line', 'Secured Overdraft (General)', 'C', '33', '31', '37', 69, 70, 'PSML', '2021-10-31 07:50:11', '2022-01-02 11:15:50'),
(32, 'balance_line', 'LTR', 'C', '33', '32', '38', 71, 72, 'PSML', '2021-10-31 07:50:32', '2022-01-10 11:22:44'),
(33, 'balance_header', 'Current Liabilities', 'C', '26', '33', '36', 52, 75, 'PSML', '2021-10-31 07:50:48', '2021-10-31 07:50:48'),
(34, 'balance_line', 'Sundry Creditors', 'C', '33', '34', '39', 53, 54, 'PSML', '2021-10-31 07:51:26', '2021-10-31 07:51:26'),
(35, 'balance_line', 'Advance Against Sales & Services', 'C', '33', '35', '40', 55, 56, 'PSML', '2021-10-31 07:51:35', '2021-10-31 07:51:35'),
(36, 'balance_line', 'Liabilities for Expenses', 'C', '33', '36', '41', 57, 58, 'PSML', '2021-10-31 07:51:42', '2021-10-31 07:51:42'),
(37, 'balance_line', 'Registration Fund', 'C', '33', '37', '42', 59, 60, 'PSML', '2021-10-31 07:51:50', '2021-10-31 07:51:50'),
(38, 'balance_line', 'Short Term Finance', 'C', '33', '38', '43', 61, 62, 'PSML', '2021-10-31 07:51:56', '2021-10-31 07:51:56'),
(39, 'balance_line', 'Loan for Expenses- RPL Ctg', 'C', '33', '39', '44', 63, 64, 'PSML', '2021-10-31 07:52:03', '2021-10-31 07:52:03'),
(40, 'balance_line', 'Other Finance', 'C', '33', '40', '45', 65, 66, 'PSML', '2021-10-31 07:52:13', '2021-10-31 07:52:13'),
(41, 'balance_line', 'Short Term Loan -  RPL (CL)', 'C', '33', '41', '44', 67, 68, 'PSML', '2021-10-31 07:52:21', '2021-10-31 07:52:21'),
(42, 'balance_header', 'Non-Current Liabilities', 'C', '26', '42', '33', 76, 81, 'PSML', '2021-10-31 07:52:46', '2022-01-10 11:24:21'),
(43, 'balance_line', 'Lease Finance / Hire Purchase', 'C', '42', '43', '34', 77, 78, 'PSML', '2021-10-31 07:53:11', '2021-10-31 07:53:11'),
(44, 'balance_line', 'Project Finance / Term Finance', 'C', '42', '44', '35', 79, 80, 'PSML', '2021-10-31 07:53:16', '2021-10-31 07:53:29'),
(45, 'balance_header', 'Loan / Investment', 'C', '26', '45', '45', 82, 87, 'PSML', '2021-10-31 07:55:07', '2021-10-31 07:55:07'),
(46, 'balance_line', 'Loan Form FAC Holdings Limited', 'C', '45', '46', '46', 83, 84, 'PSML', '2021-10-31 07:55:39', '2021-10-31 07:55:39'),
(47, 'balance_line', 'Loan Form Rangs Properties Limited', 'C', '45', '47', '47', 85, 86, 'PSML', '2021-10-31 07:55:47', '2021-10-31 07:55:47'),
(48, 'base_header', 'Revenues', 'C', '\\N', '1', '1', 89, 176, 'PSML', '2021-10-31 09:33:51', '2021-10-31 09:33:51'),
(49, 'income_header', 'Sales Accounts', 'C', '48', '2', '2', 90, 139, 'PSML', '2021-10-31 09:55:02', '2021-10-31 09:55:02'),
(50, 'income_line', 'Sale - Rancon FC Hill Crest', 'C', '49', '3', '3', 91, 92, 'PSML', '2021-10-31 09:55:27', '2023-07-06 12:58:50'),
(51, 'income_line', 'Sale - Rancon FC KD Anthem', 'C', '49', '4', '4', 93, 94, 'PSML', '2021-10-31 09:55:50', '2023-07-06 12:58:32'),
(52, 'income_line', 'Sale - Rancon FC Park Windsor', 'C', '49', '5', '5', 95, 96, 'PSML', '2021-10-31 09:56:16', '2023-07-06 12:58:06'),
(53, 'income_line', 'Sale - Rancon FC White Oak', 'C', '49', '6', '6', 97, 98, 'PSML', '2021-10-31 09:56:30', '2023-07-06 12:57:56'),
(54, 'income_line', 'Sale - Rancon FC Queens Park', 'C', '49', '7', '7', 99, 100, 'PSML', '2021-10-31 09:57:13', '2023-07-06 12:57:25'),
(55, 'income_line', 'Sale - Rancon FC Zed 70', 'C', '49', '8', '8', 101, 102, 'PSML', '2021-10-31 09:57:26', '2023-07-06 12:57:11'),
(56, 'income_line', 'Sale - Rancon FC Park Terrace', 'C', '49', '9', '9', 103, 104, 'PSML', '2021-10-31 09:57:57', '2023-07-06 12:56:50'),
(57, 'income_header', 'Income From Service', 'C', '48', '10', '10', 140, 145, 'PSML', '2021-10-31 09:59:53', '2021-10-31 09:59:53'),
(58, 'income_line', 'Income From Construction Service', 'C', '57', '11', '11', 141, 142, 'PSML', '2021-10-31 10:00:46', '2021-10-31 10:40:37'),
(59, 'income_line', 'Income From Interior Work', 'C', '57', '12', '12', 143, 144, 'PSML', '2021-10-31 10:09:19', '2021-10-31 10:40:42'),
(60, 'income_header', 'Indirect Incomes', 'C', '48', '13', '13', 146, 167, 'PSML', '2021-10-31 10:21:51', '2021-10-31 10:40:46'),
(61, 'income_line', 'Collection Against Utility', 'C', '60', '14', '14', 147, 148, 'PSML', '2021-10-31 10:22:20', '2021-10-31 10:40:51'),
(64, 'income_line', 'Interest Against Car Scheme', 'C', '60', '17', '17', 149, 150, 'PSML', '2021-10-31 10:23:01', '2021-10-31 10:41:07'),
(65, 'income_line', 'Interest Income Against Motor Vehicles/ Bikes', 'C', '60', '18', '18', 151, 152, 'PSML', '2021-10-31 10:23:15', '2021-10-31 10:41:12'),
(66, 'income_line', 'Income Against Service Charge for Registration Fund', 'C', '60', '19', '19', 153, 154, 'PSML', '2021-10-31 10:23:43', '2021-10-31 10:41:17'),
(67, 'income_line', 'Interest Income', 'C', '60', '20', '20', 155, 156, 'PSML', '2021-10-31 10:23:52', '2021-10-31 10:41:22'),
(68, 'income_line', 'Others Income', 'C', '60', '21', '21', 157, 158, 'PSML', '2021-10-31 10:23:59', '2021-12-30 18:15:12');
INSERT INTO `balance_income_line` (`id`, `line_type`, `line_text`, `value_type`, `parent_id`, `visible_index`, `printed_no`, `lft`, `rgt`, `business_unit`, `created_at`, `updated_at`) VALUES
(69, 'income_header', 'Gain on Sales of Fixed Assets', 'C', '48', '23', '23', 168, 175, 'PSML', '2021-10-31 10:24:08', '2021-10-31 10:41:36'),
(70, 'income_line', 'Scrap Sale', 'C', '60', '22', '22', 159, 160, 'PSML', '2021-10-31 10:24:08', '2021-10-31 10:41:32'),
(71, 'income_line', 'Gain on Sale of Construction Equipment', 'C', '69', '24', '24', 169, 170, 'PSML', '2021-10-31 10:26:08', '2021-10-31 10:41:40'),
(72, 'income_line', 'Gain on Sale of Motor Vehicle - Car', 'C', '69', '25', '25', 171, 172, 'PSML', '2021-10-31 10:26:18', '2021-10-31 10:41:43'),
(73, 'income_line', 'Gain on Sales of IT Equipments', 'C', '69', '26', '26', 173, 174, 'PSML', '2021-10-31 10:26:26', '2021-10-31 10:41:49'),
(74, 'base_header', 'Expenses', 'D', '\\N', '27', '27', 177, 254, 'PSML', '2021-10-31 10:32:33', '2021-10-31 10:42:35'),
(75, 'income_header', 'Direct Expenses', 'D', '74', '28', '28', 178, 227, 'PSML', '2021-10-31 10:33:34', '2021-10-31 10:42:40'),
(76, 'income_line', 'COGS - Rancon FC Hill Crest', 'D', '75', '29', '29', 179, 180, 'PSML', '2021-10-31 10:34:54', '2023-07-06 12:58:50'),
(77, 'income_line', 'COGS - Rancon FC KD Anthem', 'D', '75', '30', '30', 181, 182, 'PSML', '2021-10-31 10:35:03', '2023-07-06 12:58:32'),
(78, 'income_line', 'COGS - Rancon FC Park Windsor', 'D', '75', '31', '31', 183, 184, 'PSML', '2021-10-31 10:37:17', '2023-07-06 12:58:06'),
(79, 'income_line', 'COGS - Rancon FC White Oak', 'D', '75', '32', '32', 185, 186, 'PSML', '2021-10-31 10:37:27', '2023-07-06 12:57:56'),
(80, 'income_line', 'COGS - Rancon FC Queens Park', 'D', '75', '33', '33', 187, 188, 'PSML', '2021-10-31 10:37:34', '2023-07-06 12:57:25'),
(81, 'income_line', 'COGS - Rancon FC Zed 70', 'D', '75', '34', '34', 189, 190, 'PSML', '2021-10-31 10:37:41', '2023-07-06 12:57:11'),
(83, 'income_header', 'Expenses of Service', 'D', '74', '36', '36', 228, 231, 'PSML', '2021-10-31 10:44:46', '2021-10-31 10:44:46'),
(84, 'income_line', 'COS - Sea Resource Ltd (SRL)', 'D', '83', '37', '37', 229, 230, 'PSML', '2021-10-31 10:46:12', '2021-10-31 10:46:12'),
(85, 'income_header', 'Indirect Expenses', 'D', '74', '38', '38', 232, 241, 'PSML', '2021-10-31 10:46:56', '2021-10-31 10:46:56'),
(86, 'income_line', 'Administrative Expenses', 'D', '85', '39', '39', 233, 234, 'PSML', '2021-10-31 10:47:27', '2021-10-31 10:47:27'),
(87, 'income_line', 'Financial Expenses', 'D', '85', '40', '40', 235, 236, 'PSML', '2021-10-31 10:47:36', '2021-10-31 10:47:36'),
(88, 'income_line', 'Sales & Marketing Exp', 'D', '85', '41', '41', 237, 238, 'PSML', '2021-10-31 10:47:43', '2021-10-31 10:47:43'),
(89, 'income_line', 'Income Tax', 'D', '85', '42', '42', 239, 240, 'PSML', '2021-10-31 10:47:51', '2021-10-31 10:47:51'),
(90, 'income_header', 'Loss on Sale of Fixed Assets', 'D', '74', '43', '43', 242, 253, 'PSML', '2021-10-31 10:48:07', '2021-11-11 12:46:45'),
(91, 'income_line', 'Loss on Furniture & Fixture', 'D', '90', '44', '44', 243, 244, 'PSML', '2021-10-31 10:48:50', '2021-10-31 10:48:50'),
(92, 'income_line', 'Loss on Sale of Air Cooler/ Conditioner', 'D', '90', '45', '45', 245, 246, 'PSML', '2021-10-31 10:49:01', '2021-10-31 10:49:01'),
(93, 'income_line', 'Loss on Sale of Electric Equipment', 'D', '90', '46', '46', 247, 248, 'PSML', '2021-10-31 10:49:07', '2021-10-31 10:49:07'),
(94, 'income_line', 'Loss on Sale of Interior Decoration', 'D', '90', '47', '47', 249, 250, 'PSML', '2021-10-31 10:49:19', '2021-10-31 10:49:19'),
(95, 'income_line', 'Loss on Sale of Office Equipment', 'D', '90', '48', '48', 251, 252, 'PSML', '2021-10-31 10:49:27', '2021-10-31 10:49:27'),
(96, 'income_line', 'Sale - Rancon FC Greenwood', 'C', '49', '10', '10', 105, 106, 'PSML', '2021-11-16 13:21:31', '2023-07-06 12:56:30'),
(97, 'income_line', 'Sale - Rancon FC CK Tower', 'C', '49', '10', '10', 107, 108, 'PSML', '2021-11-16 13:22:05', '2023-07-06 12:56:10'),
(98, 'income_line', 'Sale - Rancon FC Casa Crown', 'C', '49', '10', '10', 109, 110, 'PSML', '2021-11-16 13:22:31', '2023-07-06 12:55:41'),
(99, 'income_line', 'Sale - Rancon FC Khan Plaza', 'C', '49', '10', '10', 111, 112, 'PSML', '2021-11-16 13:29:50', '2023-07-06 12:55:32'),
(100, 'income_line', 'Sale - Rancon FC Novera', 'C', '49', '10', '10', 113, 114, 'PSML', '2021-11-16 13:30:00', '2023-07-06 12:55:22'),
(101, 'income_line', 'COGS - Rancon FC Park Terrace', 'D', '75', '35', '35', 191, 192, 'PSML', '2021-11-16 13:34:58', '2023-07-06 12:56:50'),
(102, 'income_line', 'COGS - Rancon FC Greenwood', 'D', '75', '35', '35', 193, 194, 'PSML', '2021-11-16 13:35:15', '2023-07-06 12:56:30'),
(103, 'income_line', 'COGS - Rancon FC CK Tower', 'D', '75', '35', '35', 195, 196, 'PSML', '2021-11-16 13:35:22', '2023-07-06 12:56:10'),
(104, 'income_line', 'COGS - Rancon FC Casa Crown', 'D', '75', '35', '35', 197, 198, 'PSML', '2021-11-16 13:35:28', '2023-07-06 12:55:41'),
(105, 'income_line', 'COGS - Rancon FC Khan Plaza', 'D', '75', '35', '35', 199, 200, 'PSML', '2021-11-16 13:35:34', '2023-07-06 12:55:32'),
(106, 'income_line', 'COGS - Rancon FC Novera', 'D', '75', '35', '35', 201, 202, 'PSML', '2021-11-16 13:35:40', '2023-07-06 12:55:22'),
(107, 'balance_line', 'Payable to client', 'C', '33', '22', '22', 73, 74, 'PSML', '2022-01-16 13:30:34', '2022-01-16 17:17:55'),
(108, 'income_line', 'Miscellaneous Income', 'C', '60', '\\N', '\\N', 163, 164, 'PSML', '2022-03-21 16:47:41', '2022-03-21 16:47:41'),
(109, 'income_line', 'Service Charge', 'C', '60', '\\N', '\\N', 165, 166, 'PSML', '2022-05-19 12:24:12', '2022-05-19 12:24:12'),
(112, 'income_line', 'Sale - Rancon FC Rosewood', 'C', '49', '\\N', '\\N', 115, 116, 'PSML', '2022-06-17 22:25:35', '2023-07-06 12:54:47'),
(113, 'income_line', 'COGS - Rancon FC Rosewood', 'D', '75', '\\N', '\\N', 203, 204, 'PSML', '2022-06-17 22:25:35', '2023-07-06 12:54:47'),
(114, 'income_line', 'Sale - Rancon FC Omeras', 'C', '49', '\\N', '\\N', 117, 118, 'PSML', '2022-06-17 22:25:54', '2023-07-06 12:54:30'),
(115, 'income_line', 'COGS - Rancon FC Omeras', 'D', '75', '\\N', '\\N', 205, 206, 'PSML', '2022-06-17 22:25:54', '2023-07-06 12:54:30'),
(116, 'income_line', 'Sale - Rancon FC Oriana', 'C', '49', '\\N', '\\N', 119, 120, 'PSML', '2022-06-17 22:26:00', '2023-07-06 12:54:18'),
(117, 'income_line', 'COGS - Rancon FC Oriana', 'D', '75', '\\N', '\\N', 207, 208, 'PSML', '2022-06-17 22:26:00', '2023-07-06 12:54:18'),
(118, 'income_line', 'Sale - Rancon  FC Snowdonia', 'C', '49', '\\N', '\\N', 121, 122, 'PSML', '2022-06-17 22:26:06', '2023-07-06 12:46:44'),
(119, 'income_line', 'COGS - Rancon  FC Snowdonia', 'D', '75', '\\N', '\\N', 209, 210, 'PSML', '2022-06-17 22:26:06', '2023-07-06 12:46:44'),
(120, 'income_line', 'COGS - Ranks FC Omz', 'D', '75', '\\N', '\\N', 211, 212, 'PSML', '2022-09-07 11:00:18', '2022-09-07 11:00:18'),
(121, 'income_line', 'Sale - Ranks FC Omz', 'C', '49', '\\N', '\\N', 123, 124, 'PSML', '2022-09-07 11:00:18', '2022-09-07 11:00:18'),
(122, 'income_line', 'COGS - Rankf FC K70', 'D', '75', '\\N', '\\N', 213, 214, 'PSML', '2022-09-27 12:26:39', '2022-09-27 12:26:39'),
(123, 'income_line', 'Sale - Rankf FC K70', 'C', '49', '\\N', '\\N', 125, 126, 'PSML', '2022-09-27 12:26:39', '2022-09-27 12:26:39'),
(124, 'income_line', 'COGS - Rancon FC White Opal', 'D', '75', '\\N', '\\N', 215, 216, 'PSML', '2023-01-10 15:47:59', '2023-07-06 12:46:28'),
(125, 'income_line', 'Sale - Rancon FC White Opal', 'C', '49', '\\N', '\\N', 127, 128, 'PSML', '2023-01-10 15:47:59', '2023-07-06 12:46:28'),
(126, 'income_line', 'COGS - Rancon FC Ornella', 'D', '75', '\\N', '\\N', 217, 218, 'PSML', '2023-02-14 17:31:45', '2023-07-06 12:43:38'),
(127, 'income_line', 'Sale - Rancon FC Ornella', 'C', '49', '\\N', '\\N', 129, 130, 'PSML', '2023-02-14 17:31:45', '2023-07-06 12:43:38'),
(128, 'income_line', 'COGS - Rancon FC Elmore', 'D', '75', '\\N', '\\N', 219, 220, 'PSML', '2023-02-15 11:26:08', '2023-07-06 12:43:19'),
(129, 'income_line', 'Sale - Rancon FC Elmore', 'C', '49', '\\N', '\\N', 131, 132, 'PSML', '2023-02-15 11:26:08', '2023-07-06 12:43:19'),
(130, 'income_line', 'COGS - Rancon FC Fair Field', 'D', '75', '\\N', '\\N', 221, 222, 'PSML', '2023-05-11 16:58:53', '2023-07-06 12:43:07'),
(131, 'income_line', 'Sale - Rancon FC Fair Field', 'C', '49', '\\N', '\\N', 133, 134, 'PSML', '2023-05-11 16:58:53', '2023-07-06 12:43:07'),
(132, 'income_line', 'COGS - Rancon FC Aura', 'D', '75', '\\N', '\\N', 223, 224, 'PSML', '2023-09-04 12:42:01', '2023-09-04 12:42:01'),
(133, 'income_line', 'Sale - Rancon FC Aura', 'C', '49', '\\N', '\\N', 135, 136, 'PSML', '2023-09-04 12:42:01', '2023-09-04 12:42:01'),
(134, 'income_line', 'COGS - Rancon FC Aziz Pristine', 'D', '75', '\\N', '\\N', 225, 226, 'PSML', '2023-09-19 17:15:28', '2023-09-19 17:15:28'),
(135, 'income_line', 'Sale - Rancon FC Aziz Pristine', 'C', '49', '\\N', '\\N', 137, 138, 'PSML', '2023-09-19 17:15:28', '2023-09-19 17:15:28');

INSERT INTO `crw_agencies` (`id`, `agency_name`, `legal_name`, `tax_identification`, `business_license_no`, `company_reg_no`, `address`, `phone`, `email`, `website`, `logo`, `country`, `business_unit`, `created_at`, `updated_at`) VALUES
(9, 'Agency 1', 'as', '4433', '33333', '333', 'asd', '0152000000', 'pyvamanu@mailinator.com', 'https://bulk-erp.magrepo.com/', NULL, '435', 'PSML', '2023-10-17 08:22:30', '2023-11-26 08:47:05');
INSERT INTO `crw_agencies` (`id`, `agency_name`, `legal_name`, `tax_identification`, `business_license_no`, `company_reg_no`, `address`, `phone`, `email`, `website`, `logo`, `country`, `business_unit`, `created_at`, `updated_at`) VALUES
(10, 'Agency 2', 'In quia consectetur ', 'Explicabo Debitis c', 'Aut aliquip animi a', '29', 'Dolor enim non cupid', '0152000000', 'vila@mailinator.com', 'Dolore autem delenit', NULL, 'Est quidem rerum con', 'PSML', '2023-10-17 08:22:48', '2023-10-17 08:22:48');
INSERT INTO `crw_agencies` (`id`, `agency_name`, `legal_name`, `tax_identification`, `business_license_no`, `company_reg_no`, `address`, `phone`, `email`, `website`, `logo`, `country`, `business_unit`, `created_at`, `updated_at`) VALUES
(11, 'Agency 3', 'Est sint proident ', 'Omnis in est aut min', 'In rerum itaque aut ', '40', 'Voluptatem adipisici', '0152000000', 'vokux@mailinator.com', 'Nisi velit asperiore', 'crw/agency/PKVuzxdzdA1697530993.png', 'Cillum iure corporis', 'TSLL', '2023-10-17 08:23:13', '2023-10-17 08:23:13');
INSERT INTO `crw_agencies` (`id`, `agency_name`, `legal_name`, `tax_identification`, `business_license_no`, `company_reg_no`, `address`, `phone`, `email`, `website`, `logo`, `country`, `business_unit`, `created_at`, `updated_at`) VALUES
(13, 'Animi aspernatur al', 'Consequat Quis quod', 'Voluptas asperiores ', 'Unde quos eveniet e', '5', 'Iste minima in odio ', '1522220000000', 'camilono@mailinator.com', 'Molestiae ipsa iust', NULL, 'Id provident sed ni', 'TSLL', '2023-11-21 06:00:09', '2023-11-21 06:00:09'),
(14, 'Itaque cupiditate ma', 'Delectus ullam labo', 'Totam voluptatum dol', 'Necessitatibus aut c', '21', 'Voluptatum adipisci ', 'Dolor voluptate eaqu', 'gokugig@mailinator.com', 'Libero rerum lorem i', NULL, 'Voluptatum lorem min', 'PSML', '2023-11-21 06:01:10', '2023-11-21 06:01:10'),
(15, 'Quae mollitia et bla', 'Autem doloribus aut ', 'Quasi ullam ipsum e', 'Amet dolor architec', 'Atque Nam reprehende', 'Anim molestiae volup', 'Exercitation debitis', 'xutikec@mailinator.com', 'Qui totam reprehende', 'crw/agency/4OPpr6bE6k1700547222.png', 'Dolorum eum quo omni', 'PSML', '2023-11-21 06:13:42', '2023-11-21 06:13:42'),
(17, 'Aut id dolore ut exe', 'Architecto inventore', 'Doloribus labore dic', 'Eiusmod quia vel dol', 'Consequatur in dolor', 'Qui dolor vero eum v', 'Consequatur et optio', 'kowu@mailinator.com', '', NULL, 'Adipisicing vel ea a', 'TSLL', '2023-11-21 07:01:01', '2023-11-21 07:01:01'),
(18, 'Laudantium iste eu', 'Aspernatur nihil a s', 'Quisquam reiciendis', 'Numquam voluptatem', 'Hic nihil est facer', 'Repellendus Autem c', 'Facilis minim ration', 'fyhobuwi@mailinator.com', '', NULL, 'Cupidatat quis saepe', 'TSLL', '2023-11-21 07:05:24', '2023-11-21 07:05:24'),
(19, 'Laudantium iste eu', 'Aspernatur nihil a s', 'Quisquam reiciendis', 'Numquam voluptatem', 'Hic nihil est facer', 'Repellendus Autem c', 'Facilis minim ration', 'fyhobuwi@mailinator.com', '', NULL, 'Cupidatat quis saepe', 'TSLL', '2023-11-21 07:05:24', '2023-11-21 07:05:24'),
(20, 'Laudantium iste eu', 'Aspernatur nihil a s', 'Quisquam reiciendis', 'Numquam voluptatem', 'Hic nihil est facer', 'Repellendus Autem c', 'Facilis minim ration', 'fyhobuwi@mailinator.com', '', NULL, 'Cupidatat quis saepe', 'TSLL', '2023-11-21 07:05:24', '2023-11-21 07:05:24'),
(21, 'Laudantium iste eu', 'Aspernatur nihil a s', 'Quisquam reiciendis', 'Numquam voluptatem', 'Hic nihil est facer', 'Repellendus Autem c', 'Facilis minim ration', 'fyhobuwi@mailinator.com', '', NULL, 'Cupidatat quis saepe', 'TSLL', '2023-11-21 07:05:24', '2023-11-21 07:05:24'),
(22, 'Laudantium iste eu', 'Aspernatur nihil a s', 'Quisquam reiciendis', 'Numquam voluptatem', 'Hic nihil est facer', 'Repellendus Autem c', 'Facilis minim ration', 'fyhobuwi@mailinator.com', '', NULL, 'Cupidatat quis saepe', 'TSLL', '2023-11-21 07:05:24', '2023-11-21 07:05:24'),
(23, 'Laudantium iste eu', 'Aspernatur nihil a s', 'Quisquam reiciendis', 'Numquam voluptatem', 'Hic nihil est facer', 'Repellendus Autem c', 'Facilis minim ration', 'fyhobuwi@mailinator.com', '', NULL, 'Cupidatat quis saepe', 'TSLL', '2023-11-21 07:05:24', '2023-11-21 07:05:24'),
(24, 'Laudantium iste eu', 'Aspernatur nihil a s', 'Quisquam reiciendis', 'Numquam voluptatem', 'Hic nihil est facer', 'Repellendus Autem c', 'Facilis minim ration', 'fyhobuwi@mailinator.com', '', NULL, 'Cupidatat quis saepe', 'TSLL', '2023-11-21 07:05:24', '2023-11-21 07:05:24'),
(25, 'Laudantium iste eu', 'Aspernatur nihil a s', 'Quisquam reiciendis', 'Numquam voluptatem', 'Hic nihil est facer', 'Repellendus Autem c', 'Facilis minim ration', 'fyhobuwi@mailinator.com', '', NULL, 'Cupidatat quis saepe', 'TSLL', '2023-11-21 07:05:24', '2023-11-21 07:05:24'),
(26, 'Laudantium iste eu', 'Aspernatur nihil a s', 'Quisquam reiciendis', 'Numquam voluptatem', 'Hic nihil est facer', 'Repellendus Autem c', 'Facilis minim ration', 'fyhobuwi@mailinator.com', '', NULL, 'Cupidatat quis saepe', 'TSLL', '2023-11-21 07:05:24', '2023-11-21 07:05:24'),
(27, 'Laudantium iste eu', 'Aspernatur nihil a s', 'Quisquam reiciendis', 'Numquam voluptatem', 'Hic nihil est facer', 'Repellendus Autem c', 'Facilis minim ration', 'fyhobuwi@mailinator.com', '', NULL, 'Cupidatat quis saepe', 'TSLL', '2023-11-21 07:05:24', '2023-11-21 07:05:24'),
(28, 'Laudantium iste eu', 'Aspernatur nihil a s', 'Quisquam reiciendis', 'Numquam voluptatem', 'Hic nihil est facer', 'Repellendus Autem c', 'Facilis minim ration', 'fyhobuwi@mailinator.com', '', NULL, 'Cupidatat quis saepe', 'TSLL', '2023-11-21 07:05:24', '2023-11-21 07:05:24'),
(29, 'Laudantium iste eu', 'Aspernatur nihil a s', 'Quisquam reiciendis', 'Numquam voluptatem', 'Hic nihil est facer', 'Repellendus Autem c', 'Facilis minim ration', 'fyhobuwi@mailinator.com', '', NULL, 'Cupidatat quis saepe', 'TSLL', '2023-11-21 07:05:24', '2023-11-21 07:05:24'),
(30, 'Laudantium iste eu', 'Aspernatur nihil a s', 'Quisquam reiciendis', 'Numquam voluptatem', 'Hic nihil est facer', 'Repellendus Autem c', 'Facilis minim ration', 'fyhobuwi@mailinator.com', '', NULL, 'Cupidatat quis saepe', 'TSLL', '2023-11-21 07:05:24', '2023-11-21 07:05:24'),
(31, 'Laudantium iste eu', 'Aspernatur nihil a s', 'Quisquam reiciendis', 'Numquam voluptatem', 'Hic nihil est facer', 'Repellendus Autem c', 'Facilis minim ration', 'fyhobuwi@mailinator.com', '', NULL, 'Cupidatat quis saepe', 'TSLL', '2023-11-21 07:05:24', '2023-11-21 07:05:24'),
(32, 'Laudantium iste eu', 'Aspernatur nihil a s', 'Quisquam reiciendis', 'Numquam voluptatem', 'Hic nihil est facer', 'Repellendus Autem c', 'Facilis minim ration', 'fyhobuwi@mailinator.com', '', NULL, 'Cupidatat quis saepe', 'TSLL', '2023-11-21 07:05:24', '2023-11-21 07:05:24'),
(33, 'Laudantium iste eu', 'Aspernatur nihil a s', 'Quisquam reiciendis', 'Numquam voluptatem', 'Hic nihil est facer', 'Repellendus Autem c', 'Facilis minim ration', 'fyhobuwi@mailinator.com', '', NULL, 'Cupidatat quis saepe', 'TSLL', '2023-11-21 07:05:24', '2023-11-21 07:05:24'),
(34, 'Laudantium iste eu', 'Aspernatur nihil a s', 'Quisquam reiciendis', 'Numquam voluptatem', 'Hic nihil est facer', 'Repellendus Autem c', 'Facilis minim ration', 'fyhobuwi@mailinator.com', '', NULL, 'Cupidatat quis saepe', 'TSLL', '2023-11-21 07:05:24', '2023-11-21 07:05:24'),
(35, 'Laudantium iste eu', 'Aspernatur nihil a s', 'Quisquam reiciendis', 'Numquam voluptatem', 'Hic nihil est facer', 'Repellendus Autem c', 'Facilis minim ration', 'fyhobuwi@mailinator.com', '', NULL, 'Cupidatat quis saepe', 'TSLL', '2023-11-21 07:05:24', '2023-11-21 07:05:24'),
(36, 'Laudantium iste eu', 'Aspernatur nihil a s', 'Quisquam reiciendis', 'Numquam voluptatem', 'Hic nihil est facer', 'Repellendus Autem c', 'Facilis minim ration', 'fyhobuwi@mailinator.com', '', NULL, 'Cupidatat quis saepe', 'TSLL', '2023-11-21 07:05:24', '2023-11-21 07:05:24'),
(37, 'Laudantium iste eu', 'Aspernatur nihil a s', 'Quisquam reiciendis', 'Numquam voluptatem', 'Hic nihil est facer', 'Repellendus Autem c', 'Facilis minim ration', 'fyhobuwi@mailinator.com', '', NULL, 'Cupidatat quis saepe', 'TSLL', '2023-11-21 07:05:24', '2023-11-21 07:05:24'),
(38, 'Laudantium iste eu', 'Aspernatur nihil a s', 'Quisquam reiciendis', 'Numquam voluptatem', 'Hic nihil est facer', 'Repellendus Autem c', 'Facilis minim ration', 'fyhobuwi@mailinator.com', '', NULL, 'Cupidatat quis saepe', 'TSLL', '2023-11-21 07:05:24', '2023-11-21 07:05:24'),
(39, 'Laudantium iste eu', 'Aspernatur nihil a s', 'Quisquam reiciendis', 'Numquam voluptatem', 'Hic nihil est facer', 'Repellendus Autem c', 'Facilis minim ration', 'fyhobuwi@mailinator.com', '', NULL, 'Cupidatat quis saepe', 'TSLL', '2023-11-21 07:05:24', '2023-11-21 07:05:24'),
(40, 'Laudantium iste eu', 'Aspernatur nihil a s', 'Quisquam reiciendis', 'Numquam voluptatem', 'Hic nihil est facer', 'Repellendus Autem c', 'Facilis minim ration', 'fyhobuwi@mailinator.com', '', NULL, 'Cupidatat quis saepe', 'TSLL', '2023-11-21 07:05:24', '2023-11-21 07:05:24'),
(41, 'Laudantium iste eu', 'Aspernatur nihil a s', 'Quisquam reiciendis', 'Numquam voluptatem', 'Hic nihil est facer', 'Repellendus Autem c', 'Facilis minim ration', 'fyhobuwi@mailinator.com', '', NULL, 'Cupidatat quis saepe', 'TSLL', '2023-11-21 07:05:24', '2023-11-21 07:05:24'),
(42, 'test', 'test', '234', '3443', '34343', 'dfd', '435', 'ssh@gmail.com', 'https://bulk-erp.magrepo.com/', NULL, 'Bangladesh', 'PSML', '2023-11-26 08:49:32', '2023-11-26 09:12:26'),
(43, 'In doloremque laboru', 'Ut laborum Dicta ex', 'Natus est qui eos d', 'Alias ut distinctio', 'Ea qui ut dolore id', 'Quibusdam dolor ut a', 'Incididunt est rati', 'wyrywot@mailinator.com', 'https://bulk-erp.magrepo.com/', NULL, 'Enim aut voluptatem', 'TSLL', '2023-11-26 09:13:46', '2023-11-26 09:13:46'),
(44, 'Voluptates ut quia s', 'Explicabo Non enim', 'Accusamus quia iure', 'Doloribus aspernatur', 'Pariatur Molestias', 'Tempore aut quidem', 'Unde possimus error', 'tojygyrud@mailinator.com', 'https://bulk-erp.magrepo.com/', NULL, 'Ad maiores ex simili', 'PSML', '2023-11-26 09:14:38', '2023-11-26 09:14:38'),
(45, 'Eveniet similique p', 'Quod possimus ea bl', 'Minus aut nisi sunt', 'Porro exercitation c', 'Nisi officiis harum', 'Qui totam illo tempo', 'Ipsa veritatis accu', 'voxa@mailinator.com', 'https://bulk-erp.magrepo.com/', NULL, 'Impedit neque do re e', 'PSML', '2023-11-26 09:15:03', '2023-11-26 09:15:18'),
(46, 'In quis alias est c', 'Amet porro dolore e', 'Doloribus aut dolor', 'Dolor nulla mollit m', 'Molestias iure et co', 'Molestiae est lorem', 'Iste enim maxime sed', 'nuvovatigi@mailinator.com', 'https://bulk-erp.magrepo.com/', NULL, 'Qui id et quos dolor', 'TSLL', '2023-11-26 09:20:17', '2023-11-26 09:20:32'),
(47, 'Quae officia aut eve', 'Est eos lorem explic', 'Voluptatem enim mol', 'Enim blanditiis nisi', 'Ut est eius voluptat', 'Dolores et ullamco e', 'Neque quidem esse d', 'nefy@mailinator.com', 'https://bulk-erp.magrepo.com/', NULL, 'Mollitia sit aut Na', 'TSLL', '2023-11-26 09:23:29', '2023-11-26 09:23:39'),
(48, 'Eum commodo reiciend', 'Dignissimos voluptat', 'Ipsam labore unde pa', 'Irure at ut et beata', 'Veniam labore sed n', 'Deleniti velit aliqu', 'Eum quod ratione dol', 'vygekybigy@mailinator.com', 'https://bulk-erp.magrepo.com/', NULL, 'Amet fugiat amet v', 'PSML', '2023-11-26 09:25:58', '2023-11-26 09:26:51');

INSERT INTO `crw_agency_bill_lines` (`id`, `crw_agency_bill_id`, `particular`, `description`, `per`, `quantity`, `rate`, `amount`, `created_at`, `updated_at`) VALUES
(2, 2, 'Mollitia adipisci vo', 'Amet laborum pariat', 'Ex dolor consequatur', 79, '67.00', '5293.00', '2023-10-18 08:42:01', '2023-10-18 08:42:01');
INSERT INTO `crw_agency_bill_lines` (`id`, `crw_agency_bill_id`, `particular`, `description`, `per`, `quantity`, `rate`, `amount`, `created_at`, `updated_at`) VALUES
(3, 3, 'Nihil ratione molest', 'Fugiat molestiae ill', 'Et velit ut illum', 81, '16.00', '1296.00', '2023-10-18 08:42:14', '2023-10-18 08:42:14');
INSERT INTO `crw_agency_bill_lines` (`id`, `crw_agency_bill_id`, `particular`, `description`, `per`, `quantity`, `rate`, `amount`, `created_at`, `updated_at`) VALUES
(12, 5, 'Ut est laboriosam s', 'Quo qui saepe a duis', 'Do laudantium reici', 100, '22.00', '2200.00', '2023-10-18 10:18:10', '2023-10-18 10:18:10');
INSERT INTO `crw_agency_bill_lines` (`id`, `crw_agency_bill_id`, `particular`, `description`, `per`, `quantity`, `rate`, `amount`, `created_at`, `updated_at`) VALUES
(13, 5, 'fd', 'dfg', 'fdg', 5, '5.00', '25.00', '2023-10-18 10:18:10', '2023-10-18 10:18:10'),
(16, 6, 'Dolor labore veritat', 'Laudantium tempora', 'In magni accusantium', 28, '71.00', '1988.00', '2023-11-21 10:00:38', '2023-11-21 10:00:38'),
(17, 6, 'Recusandae Et esse', 'Officiis qui aliquip', 'Deserunt cupiditate', 23, '60.00', '1380.00', '2023-11-21 10:00:38', '2023-11-21 10:00:38');

INSERT INTO `crw_agency_bills` (`id`, `crw_agency_id`, `crw_agency_contract_id`, `applied_date`, `invoice_date`, `invoice_no`, `invoice_type`, `invoice_currency`, `invoice_amount`, `grand_total`, `discount`, `net_amount`, `remarks`, `business_unit`, `created_at`, `updated_at`) VALUES
(2, 10, 3, '1978-04-02', '2001-01-28', 'Nihil facilis et ips', 'Iste corporis ipsum', 'BDT', '69.00', '5293.00', '61.00', '5232.00', 'Nam voluptatem delec', 'PSML', '2023-10-18 08:42:01', '2023-10-18 08:42:01');
INSERT INTO `crw_agency_bills` (`id`, `crw_agency_id`, `crw_agency_contract_id`, `applied_date`, `invoice_date`, `invoice_no`, `invoice_type`, `invoice_currency`, `invoice_amount`, `grand_total`, `discount`, `net_amount`, `remarks`, `business_unit`, `created_at`, `updated_at`) VALUES
(3, 11, 6, '2008-11-18', '2003-04-20', 'Aspernatur autem ill', 'Nulla quidem ullam r', 'BDT', '66.00', '1296.00', '27.00', '1269.00', 'Libero minim provide', 'TSLL', '2023-10-18 08:42:14', '2023-10-18 08:42:14');
INSERT INTO `crw_agency_bills` (`id`, `crw_agency_id`, `crw_agency_contract_id`, `applied_date`, `invoice_date`, `invoice_no`, `invoice_type`, `invoice_currency`, `invoice_amount`, `grand_total`, `discount`, `net_amount`, `remarks`, `business_unit`, `created_at`, `updated_at`) VALUES
(5, 10, 3, '1995-05-03', '2009-06-01', 'At irure cum aut mag', 'Nulla culpa nostrud', 'USD', '2133.00', '2225.00', '92.00', '2133.00', 'Molestias atque qui', 'PSML', '2023-10-18 10:16:38', '2023-10-18 10:18:10');
INSERT INTO `crw_agency_bills` (`id`, `crw_agency_id`, `crw_agency_contract_id`, `applied_date`, `invoice_date`, `invoice_no`, `invoice_type`, `invoice_currency`, `invoice_amount`, `grand_total`, `discount`, `net_amount`, `remarks`, `business_unit`, `created_at`, `updated_at`) VALUES
(6, 9, 8, '1999-04-22', '2016-02-05', 'Quibusdam maxime hic', 'Eligendi quia est am', 'USD', '52.00', '3368.00', '100.00', '3268.00', 'Quae ex et minus qui', 'PSML', '2023-11-21 10:00:09', '2023-11-21 10:00:38');

INSERT INTO `crw_agency_contact_persons` (`id`, `crw_agency_id`, `name`, `contact_no`, `email`, `position`, `purpose`, `created_at`, `updated_at`) VALUES
(7, 10, 'Nisi dolore beatae a', 'Nihil elit quia qui', 'tunuj@mailinator.com', 'Doloremque et natus ', 'Architecto harum nul', '2023-10-17 08:22:48', '2023-10-17 08:22:48');
INSERT INTO `crw_agency_contact_persons` (`id`, `crw_agency_id`, `name`, `contact_no`, `email`, `position`, `purpose`, `created_at`, `updated_at`) VALUES
(8, 11, 'Qui consectetur dist', 'Natus facilis et sim', 'qepedu@mailinator.com', 'Ut distinctio Non r', 'Impedit proident a', '2023-10-17 08:23:13', '2023-10-17 08:23:13');
INSERT INTO `crw_agency_contact_persons` (`id`, `crw_agency_id`, `name`, `contact_no`, `email`, `position`, `purpose`, `created_at`, `updated_at`) VALUES
(11, 13, 'Nihil dolorem itaque', 'Omnis minima velit l', 'lesopuruby@mailinator.com', 'Odit minim qui nisi ', 'Laudantium fugiat ', '2023-11-21 06:00:09', '2023-11-21 06:00:09');
INSERT INTO `crw_agency_contact_persons` (`id`, `crw_agency_id`, `name`, `contact_no`, `email`, `position`, `purpose`, `created_at`, `updated_at`) VALUES
(12, 14, 'Quae non qui vero ea', 'Quae aut ipsum molli', 'fycure@mailinator.com', 'Quis dignissimos ame', 'Incidunt et qui und', '2023-11-21 06:01:10', '2023-11-21 06:01:10'),
(13, 15, 'Vel sequi obcaecati ', 'Fugit omnis volupta', 'jugymiw@mailinator.com', 'Minus culpa et et d', 'In pariatur Do veli', '2023-11-21 06:13:42', '2023-11-21 06:13:42'),
(15, 17, 'Nihil est expedita s', 'Molestiae dolorum do', 'guhamagy@mailinator.com', 'Labore qui temporibu', 'Eius provident esse', '2023-11-21 07:04:52', '2023-11-21 07:04:52'),
(16, 18, 'Reprehenderit conse', 'Doloribus aspernatur', 'cejil@mailinator.com', 'Vitae magnam quos no', 'Excepturi dignissimo', '2023-11-21 07:05:24', '2023-11-21 07:05:24'),
(17, 9, 'Person 1', '015220058', '', 'Master', '', '2023-11-26 08:47:05', '2023-11-26 08:47:05'),
(23, 42, 'Persom 1', '0158552', '', 'mater', '', '2023-11-26 09:13:03', '2023-11-26 09:13:03'),
(24, 43, 'Ad sit officia anim', 'Consectetur aute ani', 'riha@mailinator.com', 'Distinctio Proident', 'Veniam architecto v', '2023-11-26 09:13:46', '2023-11-26 09:13:46'),
(25, 44, 'Voluptatem modi cup', 'Eum maiores et quis', 'caju@mailinator.com', 'Dolore corporis simi', 'Dolores sapiente nos', '2023-11-26 09:14:38', '2023-11-26 09:14:38'),
(28, 45, 'Est optio velit a', 'Nesciunt doloribus', 'fopyfok@mailinator.com', 'Nostrum duis officii', 'Consequatur Ad inve', '2023-11-26 09:15:45', '2023-11-26 09:15:45'),
(30, 46, 'Architecto aut fugia', 'Laborum Pariatur I', 'mobosajufo@mailinator.com', 'Ut Nam assumenda ad', 'Nulla rerum sunt nu', '2023-11-26 09:20:32', '2023-11-26 09:20:32'),
(32, 47, 'Neque iusto anim lab', 'Illo sunt velit qui', 'likyzes@mailinator.com', 'Id voluptates omnis', 'Error quis ut offici', '2023-11-26 09:23:39', '2023-11-26 09:23:39'),
(34, 48, 'Aut voluptate tempor', 'Quod fugiat sed eaqu', 'kumicufis@mailinator.com', 'Reprehenderit incidi', 'Quia doloribus dolor', '2023-11-26 09:26:51', '2023-11-26 09:26:51');

INSERT INTO `crw_agency_contracts` (`id`, `crw_agency_id`, `contract_name`, `billing_cycle`, `billing_currency`, `validity_from`, `validity_till`, `service_offered`, `terms_and_conditions`, `remarks`, `attachment`, `account_holder_name`, `bank_name`, `bank_address`, `account_no`, `swift_code`, `business_unit`, `created_at`, `updated_at`) VALUES
(1, 11, 'June - 2023', '42', 'Amet dolore dolore ', '1988-07-21', '2016-05-01', 'Ea quia saepe except', 'Sed facere quia aliq', 'Nulla architecto sin', 'crw/agency-contract/6d3ne6pBOS1697539038.png', 'Nulla temporibus ita', 'In quo mollit ducimu', 'Ipsa anim perferend', 'Sint voluptas volupt', 'Aut non reprehenderi', 'PSML', '2023-10-17 10:29:05', '2023-10-17 10:37:18');
INSERT INTO `crw_agency_contracts` (`id`, `crw_agency_id`, `contract_name`, `billing_cycle`, `billing_currency`, `validity_from`, `validity_till`, `service_offered`, `terms_and_conditions`, `remarks`, `attachment`, `account_holder_name`, `bank_name`, `bank_address`, `account_no`, `swift_code`, `business_unit`, `created_at`, `updated_at`) VALUES
(3, 10, 'June - 2023', '22', 'Officiis nemo commod', '2022-08-12', '2014-10-17', 'Culpa voluptate debi', 'Sit ducimus non ar', 'Dolore consectetur a', 'crw/agency-contract/nMDyZ060JB1697539490.png', 'Quo unde enim quod a', 'Aut molestias id exp', 'Itaque est dolorum a', 'Cumque hic ut a dolo', 'Velit et blanditiis ', 'PSML', '2023-10-17 10:38:16', '2023-10-17 10:44:50');
INSERT INTO `crw_agency_contracts` (`id`, `crw_agency_id`, `contract_name`, `billing_cycle`, `billing_currency`, `validity_from`, `validity_till`, `service_offered`, `terms_and_conditions`, `remarks`, `attachment`, `account_holder_name`, `bank_name`, `bank_address`, `account_no`, `swift_code`, `business_unit`, `created_at`, `updated_at`) VALUES
(4, 9, 'June - 2023', '33', 'Eligendi id maxime n', '2019-07-21', '1971-11-24', 'Ipsa sit consectet', 'Alias ullam deserunt', 'Vero in incidunt no', 'crw/agency-contract/TvDm8UnA1U1697539511.png', 'Ea laborum Consequa', 'Sed blanditiis susci', 'Aut ullam harum sunt', 'Et nulla illo incidu', 'Incidunt debitis of', 'TSLL', '2023-10-17 10:38:24', '2023-10-17 10:45:11');
INSERT INTO `crw_agency_contracts` (`id`, `crw_agency_id`, `contract_name`, `billing_cycle`, `billing_currency`, `validity_from`, `validity_till`, `service_offered`, `terms_and_conditions`, `remarks`, `attachment`, `account_holder_name`, `bank_name`, `bank_address`, `account_no`, `swift_code`, `business_unit`, `created_at`, `updated_at`) VALUES
(6, 11, 'June - 2023', '78', 'Voluptatem ad commo', '2023-10-23', '1998-01-15', 'Non qui exercitation', 'Doloremque nostrum v', 'Et aut cupiditate el', NULL, 'Atque doloremque nat', 'Incididunt ad volupt', 'Possimus occaecat p', 'Qui ducimus aliquam', 'Est commodi sint Na', 'TSLL', '2023-10-18 05:35:22', '2023-10-18 05:35:22'),
(8, 9, 'June - 2023', '45', 'ret', '2023-10-12', '2023-10-04', 'ertre', 'rtret', '', 'crw/agency-contract/Cuzlt6RQS91698734183.png', 'erte', 'ertre', 'ertre', 'ertret', 'ert', 'PSML', '2023-10-31 06:36:23', '2023-10-31 06:36:23'),
(9, 10, 'June - 2023', '90', 'USD', '2023-11-13', '2023-12-08', 'dsfds 4545', 'dsfd 445', 'sdf 4545', NULL, 'sdf 4545', 'BANK ASIA 555', 'sdfd 4545', '34545666', '5566', 'PSML', '2023-11-21 08:48:09', '2023-11-21 08:53:41'),
(10, 9, 'New Contract', '30', 'sacsc', '2023-11-10', '2023-12-07', 'scs', 'scs', 'scsc', NULL, 'scs', 'scsc', 'cscscs', 's', 'cscsc', 'PSML', '2023-11-21 09:27:31', '2023-11-21 09:27:31');







INSERT INTO `crw_crew_assignments` (`id`, `ops_vessel_id`, `crw_crew_id`, `position_onboard`, `date_of_joining`, `port_of_joining`, `approx_duration`, `remarks`, `business_unit`, `created_at`, `updated_at`) VALUES
(1, 7, 2, 'Asst. Engineer', '2023-11-08', 'HASNABAD', '3', NULL, 'PSML', '2023-10-19 07:16:56', '2023-10-22 04:19:16');
INSERT INTO `crw_crew_assignments` (`id`, `ops_vessel_id`, `crw_crew_id`, `position_onboard`, `date_of_joining`, `port_of_joining`, `approx_duration`, `remarks`, `business_unit`, `created_at`, `updated_at`) VALUES
(2, 1, 1, 'Master', '2023-10-03', 'KUTUBDIA', '2', 'df', 'TSLL', '2023-10-22 04:05:08', '2023-10-22 04:05:08');


INSERT INTO `crw_crew_checklist_lines` (`id`, `crw_crew_checklist_id`, `item_name`, `remarks`, `created_at`, `updated_at`) VALUES
(8, 1, 'Resume', NULL, '2023-10-16 06:37:35', '2023-10-16 06:37:35');
INSERT INTO `crw_crew_checklist_lines` (`id`, `crw_crew_checklist_id`, `item_name`, `remarks`, `created_at`, `updated_at`) VALUES
(9, 1, 'Passport', NULL, '2023-10-16 06:37:35', '2023-10-16 06:37:35');
INSERT INTO `crw_crew_checklist_lines` (`id`, `crw_crew_checklist_id`, `item_name`, `remarks`, `created_at`, `updated_at`) VALUES
(10, 1, 'Seaman Book', NULL, '2023-10-16 06:37:35', '2023-10-16 06:37:35');
INSERT INTO `crw_crew_checklist_lines` (`id`, `crw_crew_checklist_id`, `item_name`, `remarks`, `created_at`, `updated_at`) VALUES
(11, 3, 'Safety shoes', NULL, '2023-10-16 06:38:03', '2023-10-16 06:38:03'),
(12, 3, 'Boiler shoes', NULL, '2023-10-16 06:38:03', '2023-10-16 06:38:03'),
(30, 8, 'test-item 3', 'sdfsf', '2023-10-18 10:06:05', '2023-10-18 10:06:05'),
(34, 9, 'REEC', 'dfasd fasdf asd f', '2023-11-16 16:28:48', '2023-11-16 16:28:48'),
(43, 14, 'Passport', NULL, '2023-11-22 09:44:18', '2023-11-22 09:44:18');

INSERT INTO `crw_crew_checklists` (`id`, `effective_date`, `remarks`, `business_unit`, `created_at`, `updated_at`) VALUES
(1, '2023-10-04', NULL, 'PSML', '2023-10-15 11:59:12', '2023-10-16 06:37:35');
INSERT INTO `crw_crew_checklists` (`id`, `effective_date`, `remarks`, `business_unit`, `created_at`, `updated_at`) VALUES
(3, '2023-11-02', 'ASD', 'TSLL', '2023-10-16 06:38:03', '2023-10-16 06:38:03');
INSERT INTO `crw_crew_checklists` (`id`, `effective_date`, `remarks`, `business_unit`, `created_at`, `updated_at`) VALUES
(8, '2023-10-18', 'test 1', 'TSLL', '2023-10-18 10:05:47', '2023-10-18 10:06:05');
INSERT INTO `crw_crew_checklists` (`id`, `effective_date`, `remarks`, `business_unit`, `created_at`, `updated_at`) VALUES
(9, '2023-11-16', 'dfasdfasdfa sdf asdfa sdf sdf sdf asdf sdf', 'PSML', '2023-11-16 04:53:20', '2023-11-16 04:53:20'),
(14, '2023-11-17', NULL, 'PSML', '2023-11-17 07:18:46', '2023-11-17 07:18:46');

INSERT INTO `crw_crew_document_renewals` (`id`, `crw_crew_document_id`, `issue_date`, `expire_date`, `reference_no`, `attachment`, `created_at`, `updated_at`) VALUES
(1, 64, '2020-01-01', '2025-12-30', '002', 'crw/crew-document/7JiOQzo4IR1700718309.png', '2023-11-23 05:45:09', '2023-11-23 06:02:46');
INSERT INTO `crw_crew_document_renewals` (`id`, `crw_crew_document_id`, `issue_date`, `expire_date`, `reference_no`, `attachment`, `created_at`, `updated_at`) VALUES
(2, 65, NULL, NULL, NULL, NULL, '2023-11-23 05:51:14', '2023-11-23 05:51:14');
INSERT INTO `crw_crew_document_renewals` (`id`, `crw_crew_document_id`, `issue_date`, `expire_date`, `reference_no`, `attachment`, `created_at`, `updated_at`) VALUES
(3, 64, '2026-12-30', '2031-12-30', '43545dfdf3454', 'crw/crew-document/COa8DAWzPJ1700719348.jpg', '2023-11-23 06:02:28', '2023-11-23 06:02:28');
INSERT INTO `crw_crew_document_renewals` (`id`, `crw_crew_document_id`, `issue_date`, `expire_date`, `reference_no`, `attachment`, `created_at`, `updated_at`) VALUES
(6, 68, '2023-11-06', '2023-12-06', 'asd', NULL, '2023-11-26 10:37:48', '2023-11-26 10:37:48'),
(7, 69, '2007-07-13', '2012-05-18', '450002555252', 'crw/crew-document/FY8pVPozR91700998879.png', '2023-11-26 10:47:02', '2023-11-26 11:41:19'),
(8, 69, '2013-12-31', '2019-12-31', '00015524444', 'null', '2023-11-26 11:42:45', '2023-11-26 11:42:45');

INSERT INTO `crw_crew_documents` (`id`, `crw_crew_profile_id`, `document_name`, `issuing_authority`, `validity_period`, `validity_period_in_month`, `business_unit`, `created_at`, `updated_at`) VALUES
(64, 6, 'Passport', 'BD Passport Office', '5 Years', 60.00, 'PSML', '2023-11-23 05:45:09', '2023-11-23 05:45:09');
INSERT INTO `crw_crew_documents` (`id`, `crw_crew_profile_id`, `document_name`, `issuing_authority`, `validity_period`, `validity_period_in_month`, `business_unit`, `created_at`, `updated_at`) VALUES
(65, 6, 'Seaman Book', 'COC', 'Permanent', 0.00, 'PSML', '2023-11-23 05:51:14', '2023-11-23 05:51:14');
INSERT INTO `crw_crew_documents` (`id`, `crw_crew_profile_id`, `document_name`, `issuing_authority`, `validity_period`, `validity_period_in_month`, `business_unit`, `created_at`, `updated_at`) VALUES
(68, 44, 'DAD', 'AD', '3 Months', 3.00, 'PSML', '2023-11-26 10:37:48', '2023-11-26 10:37:48');
INSERT INTO `crw_crew_documents` (`id`, `crw_crew_profile_id`, `document_name`, `issuing_authority`, `validity_period`, `validity_period_in_month`, `business_unit`, `created_at`, `updated_at`) VALUES
(69, 43, 'Passport', 'Bangladesh Passport Authority', '1 Year', 12.00, 'PSML', '2023-11-26 10:47:02', '2023-11-26 11:40:23');

INSERT INTO `crw_crew_educations` (`id`, `crw_crew_profile_id`, `exam_title`, `major`, `institute`, `result`, `passing_year`, `duration`, `achievement`, `created_at`, `updated_at`) VALUES
(58, 43, 'asd', 'asd', 'asd', '3.5', '2013', '4', '', '2023-11-26 07:16:07', '2023-11-26 07:16:07');
INSERT INTO `crw_crew_educations` (`id`, `crw_crew_profile_id`, `exam_title`, `major`, `institute`, `result`, `passing_year`, `duration`, `achievement`, `created_at`, `updated_at`) VALUES
(59, 44, 'as', 'assf', 'sdf', '3.2', '2013', '4', '', '2023-11-26 07:23:19', '2023-11-26 07:23:19');
INSERT INTO `crw_crew_educations` (`id`, `crw_crew_profile_id`, `exam_title`, `major`, `institute`, `result`, `passing_year`, `duration`, `achievement`, `created_at`, `updated_at`) VALUES
(60, 45, 'sad', 'sf', 'fff', '3.5', '2013', '4', '', '2023-11-26 07:25:45', '2023-11-26 07:25:45');
INSERT INTO `crw_crew_educations` (`id`, `crw_crew_profile_id`, `exam_title`, `major`, `institute`, `result`, `passing_year`, `duration`, `achievement`, `created_at`, `updated_at`) VALUES
(64, 46, 'Laboriosam saepe eu', 'Officia incidunt ma', 'Veniam culpa quia n', 'Et eu consectetur u', '1994', 'Eum saepe odio bland', 'Eius ex excepturi eu', '2023-11-27 05:58:57', '2023-11-27 05:58:57');

INSERT INTO `crw_crew_experiences` (`id`, `crw_crew_profile_id`, `employer_name`, `from_date`, `till_date`, `last_designation`, `reason_for_leave`, `created_at`, `updated_at`) VALUES
(56, 43, 'sdfsf', '2023-11-01', '2023-11-13', 'sdfd', '', '2023-11-26 07:16:07', '2023-11-26 07:16:07');
INSERT INTO `crw_crew_experiences` (`id`, `crw_crew_profile_id`, `employer_name`, `from_date`, `till_date`, `last_designation`, `reason_for_leave`, `created_at`, `updated_at`) VALUES
(57, 44, 'dd', '2023-10-31', '2023-11-13', '5', '', '2023-11-26 07:23:20', '2023-11-26 07:23:20');
INSERT INTO `crw_crew_experiences` (`id`, `crw_crew_profile_id`, `employer_name`, `from_date`, `till_date`, `last_designation`, `reason_for_leave`, `created_at`, `updated_at`) VALUES
(58, 45, 'dd', '2023-10-30', '2023-11-14', 'ddd', 'dd', '2023-11-26 07:25:45', '2023-11-26 07:25:45');
INSERT INTO `crw_crew_experiences` (`id`, `crw_crew_profile_id`, `employer_name`, `from_date`, `till_date`, `last_designation`, `reason_for_leave`, `created_at`, `updated_at`) VALUES
(62, 46, 'Ea omnis velit et se', '1999-05-01', '2010-12-26', 'Molestiae vel dolore', 'Odit praesentium aut', '2023-11-27 05:58:57', '2023-11-27 05:58:57');

INSERT INTO `crw_crew_languages` (`id`, `crw_crew_profile_id`, `language_name`, `writing`, `reading`, `speaking`, `listening`, `created_at`, `updated_at`) VALUES
(55, 43, 'sdf', 'Average', 'Average', 'Good', 'Good', '2023-11-26 07:16:07', '2023-11-26 07:16:07');
INSERT INTO `crw_crew_languages` (`id`, `crw_crew_profile_id`, `language_name`, `writing`, `reading`, `speaking`, `listening`, `created_at`, `updated_at`) VALUES
(56, 44, 'dd', 'Average', 'Average', 'Good', 'Average', '2023-11-26 07:23:20', '2023-11-26 07:23:20');
INSERT INTO `crw_crew_languages` (`id`, `crw_crew_profile_id`, `language_name`, `writing`, `reading`, `speaking`, `listening`, `created_at`, `updated_at`) VALUES
(57, 45, 'ddd', 'Average', 'Excellent', 'Good', 'Average', '2023-11-26 07:25:45', '2023-11-26 07:25:45');
INSERT INTO `crw_crew_languages` (`id`, `crw_crew_profile_id`, `language_name`, `writing`, `reading`, `speaking`, `listening`, `created_at`, `updated_at`) VALUES
(61, 46, 'Ut quis blanditiis r', 'Excellent', 'Average', 'Excellent', 'Average', '2023-11-27 05:58:57', '2023-11-27 05:58:57');

INSERT INTO `crw_crew_nominees` (`id`, `crw_crew_profile_id`, `name`, `profession`, `address`, `relationship`, `contact_no`, `email`, `is_relative`, `created_at`, `updated_at`) VALUES
(65, 43, 'sdf', 'sdf', 'sdf', 'sdf', 'sd', '', '0', '2023-11-26 07:16:08', '2023-11-26 07:16:08');
INSERT INTO `crw_crew_nominees` (`id`, `crw_crew_profile_id`, `name`, `profession`, `address`, `relationship`, `contact_no`, `email`, `is_relative`, `created_at`, `updated_at`) VALUES
(66, 44, 'dd', 'd', 'dd', 'd', '0555', '', '0', '2023-11-26 07:23:20', '2023-11-26 07:23:20');
INSERT INTO `crw_crew_nominees` (`id`, `crw_crew_profile_id`, `name`, `profession`, `address`, `relationship`, `contact_no`, `email`, `is_relative`, `created_at`, `updated_at`) VALUES
(67, 45, 'dd', 'dd', 'dd', 'd', 'd', '', '1', '2023-11-26 07:25:45', '2023-11-26 07:25:45');
INSERT INTO `crw_crew_nominees` (`id`, `crw_crew_profile_id`, `name`, `profession`, `address`, `relationship`, `contact_no`, `email`, `is_relative`, `created_at`, `updated_at`) VALUES
(71, 46, 'Perspiciatis laboru', 'Amet cupiditate mag', 'Nam dicta cupidatat', 'Qui recusandae Debi', 'Sequi proident vel', 'bygutyp@mailinator.com', '1', '2023-11-27 05:58:57', '2023-11-27 05:58:57');

INSERT INTO `crw_crew_profiles` (`id`, `crw_recruitment_approval_id`, `hired_by`, `agency_id`, `crw_rank_id`, `department_name`, `employee_type`, `is_officer`, `first_name`, `last_name`, `full_name`, `father_name`, `mother_name`, `date_of_birth`, `gender`, `religion`, `marital_status`, `nationality`, `nid_no`, `passport_no`, `passport_issue_date`, `blood_group`, `height`, `weight`, `pre_address`, `pre_city`, `pre_mobile_no`, `pre_email`, `per_address`, `per_city`, `per_mobile_no`, `per_email`, `picture`, `attachment`, `business_unit`, `created_at`, `updated_at`) VALUES
(43, 4, 'Agency', 10, 22, 'Deck', 'Crew', 0, 'Regina', 'Burks', 'Regina Burks', 'Brendan Dyer', 'Hadassah Craig', '2007-09-05', 'Female', 'Buddhism', 'Single', 'Vel possimus eum id', 'Sed natus voluptatem', 'Fuga Libero aliqua', '1973-04-01', 'O-', 'Et eum sed ut velit', 'Aspernatur nisi dist', 'Consectetur dolores', 'Inventore nostrum in', 'Ut aut maxime labori', 'xyqefumyxo@mailinator.com', 'Accusantium incidunt', 'Pariatur Quidem ill', 'Repellendus Cum con', 'salytiv@mailinator.com', NULL, NULL, 'PSML', '2023-11-26 07:16:07', '2023-11-26 07:16:07');
INSERT INTO `crw_crew_profiles` (`id`, `crw_recruitment_approval_id`, `hired_by`, `agency_id`, `crw_rank_id`, `department_name`, `employee_type`, `is_officer`, `first_name`, `last_name`, `full_name`, `father_name`, `mother_name`, `date_of_birth`, `gender`, `religion`, `marital_status`, `nationality`, `nid_no`, `passport_no`, `passport_issue_date`, `blood_group`, `height`, `weight`, `pre_address`, `pre_city`, `pre_mobile_no`, `pre_email`, `per_address`, `per_city`, `per_mobile_no`, `per_email`, `picture`, `attachment`, `business_unit`, `created_at`, `updated_at`) VALUES
(44, 9, 'Company', NULL, 19, 'Electrical', 'Crew', 0, 'Abigail', 'Blevins', 'Abigail Blevins', 'Anthony Valdez', 'Elvis Tucker', '2022-01-01', 'Female', 'Islam', 'Married', 'Esse sapiente fugit', 'Aspernatur in alias', 'Asperiores maiores c', '2011-01-28', 'B-', 'Dolores est aute omn', 'Eos repellendus Qui', 'Aut elit ea id sit', 'Nemo laborum A qui', 'Elit inventore odio', 'rana@mailinator.com', 'Repudiandae ad conse', 'Odio excepteur quia', 'Esse excepteur ullam', 'bofeku@mailinator.com', NULL, NULL, 'PSML', '2023-11-26 07:23:19', '2023-11-26 07:23:19');
INSERT INTO `crw_crew_profiles` (`id`, `crw_recruitment_approval_id`, `hired_by`, `agency_id`, `crw_rank_id`, `department_name`, `employee_type`, `is_officer`, `first_name`, `last_name`, `full_name`, `father_name`, `mother_name`, `date_of_birth`, `gender`, `religion`, `marital_status`, `nationality`, `nid_no`, `passport_no`, `passport_issue_date`, `blood_group`, `height`, `weight`, `pre_address`, `pre_city`, `pre_mobile_no`, `pre_email`, `per_address`, `per_city`, `per_mobile_no`, `per_email`, `picture`, `attachment`, `business_unit`, `created_at`, `updated_at`) VALUES
(45, 5, 'Company', NULL, 17, 'Engine', 'Crew', 0, 'Kessie', 'Shields', 'Kessie Shields', 'Isabelle Hogan', 'Dane Mcneil', '1996-12-08', 'Male', 'Other', 'Single', 'Ut amet impedit es', 'Commodo animi est', 'Itaque non magni sin', '1986-01-28', 'A+', 'Cillum in rerum temp', 'Adipisci et ut repud', 'In eum minus illum', 'Sit sed sunt velit i', 'Est esse esse eum', 'gutuqu@mailinator.com', 'Et placeat dolor al', 'Iusto sint velit a', 'Similique aute paria', 'bojajeryh@mailinator.com', 'crw/crew-profile/UVDScI1qhR1700983545.png', NULL, 'TSLL', '2023-11-26 07:25:45', '2023-11-26 07:25:45');
INSERT INTO `crw_crew_profiles` (`id`, `crw_recruitment_approval_id`, `hired_by`, `agency_id`, `crw_rank_id`, `department_name`, `employee_type`, `is_officer`, `first_name`, `last_name`, `full_name`, `father_name`, `mother_name`, `date_of_birth`, `gender`, `religion`, `marital_status`, `nationality`, `nid_no`, `passport_no`, `passport_issue_date`, `blood_group`, `height`, `weight`, `pre_address`, `pre_city`, `pre_mobile_no`, `pre_email`, `per_address`, `per_city`, `per_mobile_no`, `per_email`, `picture`, `attachment`, `business_unit`, `created_at`, `updated_at`) VALUES
(46, 4, 'Agency', 9, 21, 'Electrical', 'Crew', 0, 'Sopoline', 'Mullen', 'Sopoline Mullen', 'Fay Bright', 'Evelyn Hoover', '1977-08-18', 'Female', 'Buddhism', 'Single', 'Magni sit elit cor', 'Ut qui quos commodi', 'Distinctio Et esse', '1992-01-27', 'AB+', 'Id consequat Nulla', 'Rerum est veritatis', 'Fugiat facere delect', 'Dolores deserunt rer', 'Sunt cupidatat dolor', 'foja@mailinator.com', 'Mollitia voluptatem', 'Enim explicabo Aspe', 'Soluta dolore dolori', 'fyzy@mailinator.com', 'crw/crew-profile/c8cmCQpdgp1700994628.png', 'crw/crew-profile/kUmOlEtEFq1700994628.png', 'PSML', '2023-11-26 10:29:40', '2023-11-26 10:30:28');

INSERT INTO `crw_crew_references` (`id`, `crw_crew_profile_id`, `name`, `organization`, `designation`, `address`, `contact_personal`, `contact_office`, `email`, `relation`, `created_at`, `updated_at`) VALUES
(54, 43, 'sdf', 'sdf', 'sdf', 'sdf', 'sdf', '', '', 'dsf', '2023-11-26 07:16:07', '2023-11-26 07:16:07');
INSERT INTO `crw_crew_references` (`id`, `crw_crew_profile_id`, `name`, `organization`, `designation`, `address`, `contact_personal`, `contact_office`, `email`, `relation`, `created_at`, `updated_at`) VALUES
(55, 44, 'dd', 'ddd', 'ddd', 'dd', '05555', '', '', 'ddd', '2023-11-26 07:23:20', '2023-11-26 07:23:20');
INSERT INTO `crw_crew_references` (`id`, `crw_crew_profile_id`, `name`, `organization`, `designation`, `address`, `contact_personal`, `contact_office`, `email`, `relation`, `created_at`, `updated_at`) VALUES
(56, 45, 'dd', 'ddd', 'dd', 'dd', '0555', '', '', 'dd', '2023-11-26 07:25:45', '2023-11-26 07:25:45');
INSERT INTO `crw_crew_references` (`id`, `crw_crew_profile_id`, `name`, `organization`, `designation`, `address`, `contact_personal`, `contact_office`, `email`, `relation`, `created_at`, `updated_at`) VALUES
(60, 46, 'Dolor consequuntur m', 'Nulla et ab dolorem', 'Dignissimos ducimus', 'Maiores occaecat vol', 'Et natus nisi in occ', '', 'waxupulah@mailinator.com', 'Voluptas rem sed dol', '2023-11-27 05:58:57', '2023-11-27 05:58:57');

INSERT INTO `crw_crew_requisition_lines` (`id`, `crw_crew_requisition_id`, `crw_rank_id`, `required_manpower`, `remarks`, `created_at`, `updated_at`) VALUES
(5, 3, 1, 2, 'asds', '2023-10-16 10:45:50', '2023-10-16 10:45:50');
INSERT INTO `crw_crew_requisition_lines` (`id`, `crw_crew_requisition_id`, `crw_rank_id`, `required_manpower`, `remarks`, `created_at`, `updated_at`) VALUES
(6, 3, 2, 5, '22sad', '2023-10-16 10:45:50', '2023-10-16 10:45:50');
INSERT INTO `crw_crew_requisition_lines` (`id`, `crw_crew_requisition_id`, `crw_rank_id`, `required_manpower`, `remarks`, `created_at`, `updated_at`) VALUES
(16, 5, 2, 5, 'sd', '2023-10-18 10:11:36', '2023-10-18 10:11:36');
INSERT INTO `crw_crew_requisition_lines` (`id`, `crw_crew_requisition_id`, `crw_rank_id`, `required_manpower`, `remarks`, `created_at`, `updated_at`) VALUES
(17, 5, 3, 10, NULL, '2023-10-18 10:11:36', '2023-10-18 10:11:36'),
(21, 7, 18, 200, NULL, '2023-11-17 08:51:20', '2023-11-17 08:51:20'),
(24, 8, 15, 3, NULL, '2023-11-22 06:01:39', '2023-11-22 06:01:39');

INSERT INTO `crw_crew_requisitions` (`id`, `ops_vessel_id`, `applied_date`, `total_required_manpower`, `remarks`, `business_unit`, `created_at`, `updated_at`) VALUES
(3, 1, '2023-10-06', 15, 'asd', 'TSLL', '2023-10-16 10:45:50', '2023-10-16 10:45:50');
INSERT INTO `crw_crew_requisitions` (`id`, `ops_vessel_id`, `applied_date`, `total_required_manpower`, `remarks`, `business_unit`, `created_at`, `updated_at`) VALUES
(5, 2, '2023-10-06', 15, NULL, 'TSLL', '2023-10-18 10:11:14', '2023-10-18 10:11:36');
INSERT INTO `crw_crew_requisitions` (`id`, `ops_vessel_id`, `applied_date`, `total_required_manpower`, `remarks`, `business_unit`, `created_at`, `updated_at`) VALUES
(7, 6, '2023-11-17', 20, NULL, 'PSML', '2023-11-17 07:24:06', '2023-11-17 07:24:06');
INSERT INTO `crw_crew_requisitions` (`id`, `ops_vessel_id`, `applied_date`, `total_required_manpower`, `remarks`, `business_unit`, `created_at`, `updated_at`) VALUES
(8, 6, '2023-11-16', 9, 'assf', 'PSML', '2023-11-20 09:11:07', '2023-11-20 09:11:07');

INSERT INTO `crw_crew_trainings` (`id`, `crw_crew_profile_id`, `training_title`, `covered_topic`, `year`, `institute`, `duration`, `location`, `created_at`, `updated_at`) VALUES
(58, 43, 'ddd', 'ddd', '2018', 'dddd', '2', 'ffff', '2023-11-26 07:16:07', '2023-11-26 07:16:07');
INSERT INTO `crw_crew_trainings` (`id`, `crw_crew_profile_id`, `training_title`, `covered_topic`, `year`, `institute`, `duration`, `location`, `created_at`, `updated_at`) VALUES
(59, 44, 'ddd', 'dd', '2018', 'ddd', '2', 'dd', '2023-11-26 07:23:20', '2023-11-26 07:23:20');
INSERT INTO `crw_crew_trainings` (`id`, `crw_crew_profile_id`, `training_title`, `covered_topic`, `year`, `institute`, `duration`, `location`, `created_at`, `updated_at`) VALUES
(60, 45, 'dd', 'dd', '2018', 'ddd', '2', 'ddd', '2023-11-26 07:25:45', '2023-11-26 07:25:45');
INSERT INTO `crw_crew_trainings` (`id`, `crw_crew_profile_id`, `training_title`, `covered_topic`, `year`, `institute`, `duration`, `location`, `created_at`, `updated_at`) VALUES
(64, 46, 'Molestiae commodo ea', 'Ea nisi id consequun', '2013', 'Neque eos quia volu', 'Iusto assumenda veri', 'Sit distinctio Haru', '2023-11-27 05:58:57', '2023-11-27 05:58:57');

INSERT INTO `crw_incident_participants` (`id`, `crw_incident_id`, `crw_crew_id`, `injury_status`, `notes`, `created_at`, `updated_at`) VALUES
(1, 1, 2, 'sdfds', 'fsdf', '2023-10-31 06:34:56', '2023-10-31 06:34:56');
INSERT INTO `crw_incident_participants` (`id`, `crw_incident_id`, `crw_crew_id`, `injury_status`, `notes`, `created_at`, `updated_at`) VALUES
(4, 3, 1, 'Pending', 'asdasd', '2023-10-31 06:43:47', '2023-10-31 06:43:47');


INSERT INTO `crw_incidents` (`id`, `ops_vessel_id`, `date_time`, `type`, `location`, `reported_by`, `attachment`, `description`, `business_unit`, `created_at`, `updated_at`) VALUES
(1, 7, '2023-10-31 00:00:00', 'sdfsdf', 'sdfsdf', 'sdfds', NULL, 'dsfdsf', 'PSML', '2023-10-31 06:34:56', '2023-10-31 06:34:56');
INSERT INTO `crw_incidents` (`id`, `ops_vessel_id`, `date_time`, `type`, `location`, `reported_by`, `attachment`, `description`, `business_unit`, `created_at`, `updated_at`) VALUES
(3, 3, '2023-10-31 00:43:00', 'Collistion', 'Deck', 'Jamal', NULL, 'ASFA', 'TSLL', '2023-10-31 06:43:47', '2023-10-31 06:43:47');










INSERT INTO `crw_policies` (`id`, `name`, `type`, `attachment`, `business_unit`, `created_at`, `updated_at`) VALUES
(2, 'Safety Policy', 'Environment', 'crw/policy/uX2tv7hWET1700200574.png', 'PSML', '2023-10-10 06:57:13', '2023-11-17 06:01:36');
INSERT INTO `crw_policies` (`id`, `name`, `type`, `attachment`, `business_unit`, `created_at`, `updated_at`) VALUES
(3, 'asdsad', 'Environment', NULL, 'TSLL', '2023-10-15 08:23:07', '2023-10-15 08:23:07');
INSERT INTO `crw_policies` (`id`, `name`, `type`, `attachment`, `business_unit`, `created_at`, `updated_at`) VALUES
(5, 'assdsdsdf', 'Environment', NULL, 'TSLL', '2023-10-15 08:42:48', '2023-10-15 08:42:48');
INSERT INTO `crw_policies` (`id`, `name`, `type`, `attachment`, `business_unit`, `created_at`, `updated_at`) VALUES
(6, 'asdsad', 'Drug', 'crw/policy/3A4DrHfUmO1697359610.pdf', 'TSLL', '2023-10-15 08:46:50', '2023-10-15 08:46:50'),
(9, 'AT time', 'Drug', 'crw/policy/KLVMDrDitq1697360234.pdf', 'TSLL', '2023-10-15 08:57:14', '2023-10-15 08:57:14'),
(14, 'test-policy 1', 'Environment', 'crw/policy/xU2IrXPgvd1697623397.png', 'TSLL', '2023-10-18 10:03:17', '2023-10-18 10:03:46');

INSERT INTO `crw_ranks` (`id`, `name`, `short_name`, `business_unit`, `created_at`, `updated_at`) VALUES
(1, 'Master', 'master', 'TSLL', '2023-10-11 09:47:10', '2023-10-11 09:47:10');
INSERT INTO `crw_ranks` (`id`, `name`, `short_name`, `business_unit`, `created_at`, `updated_at`) VALUES
(2, 'Sukani', 'sukani', 'TSLL', '2023-10-11 09:47:29', '2023-10-11 09:47:29');
INSERT INTO `crw_ranks` (`id`, `name`, `short_name`, `business_unit`, `created_at`, `updated_at`) VALUES
(3, 'Loshkar', 'loshkar', 'TSLL', '2023-10-11 09:47:44', '2023-10-11 09:47:44');
INSERT INTO `crw_ranks` (`id`, `name`, `short_name`, `business_unit`, `created_at`, `updated_at`) VALUES
(5, 'Captain', 'captain', 'PSML', '2023-10-15 04:10:16', '2023-10-15 04:10:16'),
(15, 'Asst. Engineer', 'engineer', 'PSML', '2023-10-16 11:09:11', '2023-10-16 11:09:11'),
(16, 'NW rank', 'ne-rank', 'PSML', '2023-10-18 09:50:31', '2023-10-18 09:50:31'),
(17, 'Test rank 1', 'test-rank 1', 'TSLL', '2023-10-18 10:00:32', '2023-10-18 10:00:54'),
(18, 'Master-2nd Class', 'MST2', 'PSML', '2023-11-16 05:38:04', '2023-11-16 05:38:04'),
(19, 'Master-2nd Class', 'MST2', 'PSML', '2023-11-16 05:40:14', '2023-11-16 05:40:14'),
(20, 'Master-2nd Class', 'MST2', 'PSML', '2023-11-16 05:41:13', '2023-11-16 05:41:13'),
(21, 'Master-2nd Class', 'MST2', 'PSML', '2023-11-16 05:42:42', '2023-11-16 05:42:42'),
(22, 'Master-2nd Class', 'MST2', 'PSML', '2023-11-16 05:42:54', '2023-11-16 05:42:54');

INSERT INTO `crw_recruitment_approval_lines` (`id`, `crw_recruitment_approval_id`, `crw_rank_id`, `candidate_name`, `candidate_contact`, `candidate_email`, `remarks`, `created_at`, `updated_at`) VALUES
(7, 5, 1, 'Itaque odio suscipit', 'Nostrud fugit quos', 'wogovyveqe@mailinator.com', 'Consectetur rerum s', '2023-10-17 04:46:18', '2023-10-17 04:46:18');
INSERT INTO `crw_recruitment_approval_lines` (`id`, `crw_recruitment_approval_id`, `crw_rank_id`, `candidate_name`, `candidate_contact`, `candidate_email`, `remarks`, `created_at`, `updated_at`) VALUES
(8, 6, 3, 'Voluptate non volupt', 'Consequatur sunt eli', 'lumebax@mailinator.com', 'Velit ipsum nulla', '2023-10-17 04:46:26', '2023-10-17 04:46:26');
INSERT INTO `crw_recruitment_approval_lines` (`id`, `crw_recruitment_approval_id`, `crw_rank_id`, `candidate_name`, `candidate_contact`, `candidate_email`, `remarks`, `created_at`, `updated_at`) VALUES
(9, 7, 5, 'Quia sunt anim adipi', 'Voluptas mollit tota', 'pijyku@mailinator.com', 'Earum deserunt nostr', '2023-10-17 04:46:33', '2023-10-17 04:46:33');
INSERT INTO `crw_recruitment_approval_lines` (`id`, `crw_recruitment_approval_id`, `crw_rank_id`, `candidate_name`, `candidate_contact`, `candidate_email`, `remarks`, `created_at`, `updated_at`) VALUES
(19, 2, 1, 'Iusto et quo sint i', 'Reprehenderit volupt', 'zobenewizo@mailinator.com', 'Minima ad nesciunt', '2023-11-02 08:18:41', '2023-11-02 08:18:41'),
(20, 2, 2, 'Nemo numquam in duci', 'Fugiat dolore molest', 'sobe@mailinator.com', 'Ipsum sit dignissi', '2023-11-02 08:18:41', '2023-11-02 08:18:41'),
(27, 9, 15, 'fdg', '343545435', NULL, 'dfgf', '2023-11-17 06:28:16', '2023-11-17 06:28:16'),
(31, 4, 15, 'Ad Nam vitae excepte', 'Alias optio laboris', 'jizohodi@mailinator.com', 'In eaque rerum sit o', '2023-11-17 07:38:31', '2023-11-17 07:38:31'),
(34, 12, 5, 'sdfss', 'sdfd', NULL, NULL, '2023-11-22 06:02:13', '2023-11-22 06:02:13');

INSERT INTO `crw_recruitment_approvals` (`id`, `applied_date`, `page_title`, `subject`, `total_approved`, `crew_agreed_to_join`, `crew_selected`, `crew_panel`, `crew_rest`, `body`, `remarks`, `business_unit`, `created_at`, `updated_at`) VALUES
(2, '2021-01-01', 'RCR Approval - 001', 'Voluptate explicabo', 58, 81, 97, 99, 94, 'Aliquid rerum soluta', 'Natus sequi obcaecat', 'TSLL', '2023-10-17 04:29:27', '2023-11-02 08:18:41');
INSERT INTO `crw_recruitment_approvals` (`id`, `applied_date`, `page_title`, `subject`, `total_approved`, `crew_agreed_to_join`, `crew_selected`, `crew_panel`, `crew_rest`, `body`, `remarks`, `business_unit`, `created_at`, `updated_at`) VALUES
(4, '2009-12-18', 'RCR Approval - 003', 'Recruitment Approval', 25, 39, 16, 10, 14, 'Ea in exercitationem', 'Minim aspernatur sin', 'PSML', '2023-10-17 04:34:10', '2023-11-17 06:29:13');
INSERT INTO `crw_recruitment_approvals` (`id`, `applied_date`, `page_title`, `subject`, `total_approved`, `crew_agreed_to_join`, `crew_selected`, `crew_panel`, `crew_rest`, `body`, `remarks`, `business_unit`, `created_at`, `updated_at`) VALUES
(5, '1996-02-23', 'RCR Approval - 004', 'Asperiores maxime qu', 94, 32, 42, 57, 38, 'Ipsum et sed dolore', 'Nihil rerum natus et', 'TSLL', '2023-10-17 04:46:18', '2023-10-17 04:46:18');
INSERT INTO `crw_recruitment_approvals` (`id`, `applied_date`, `page_title`, `subject`, `total_approved`, `crew_agreed_to_join`, `crew_selected`, `crew_panel`, `crew_rest`, `body`, `remarks`, `business_unit`, `created_at`, `updated_at`) VALUES
(6, '2006-05-07', 'RCR Approval - 005', 'Ut consectetur omni', 3, 47, 16, 17, 97, 'Exercitation ut in t', 'Autem laudantium nu', 'TSLL', '2023-10-17 04:46:26', '2023-10-17 04:46:26'),
(7, '1980-11-05', 'RCR Approval - 006', 'Non est distinctio', 93, 29, 29, 92, 6, 'Quos itaque veniam', 'Iste incidunt quo v', 'TSLL', '2023-10-17 04:46:33', '2023-10-17 04:46:33'),
(9, '2023-11-09', 'RCR Approval - 005', 'Recruitment Approval', 44, 44, 44, 44, 44, 'dgfd', 'dfgdf', 'PSML', '2023-11-14 09:39:48', '2023-11-17 06:28:16'),
(12, '2023-10-31', 'RCR Approval - 001', 'Recruitment Approval', 200, 200, 200, 200, 200, 'Lorem ipsum dolor sit amet, consectetuer adipiscing elit. Aenean commodo ligula eget dolor. Aenean massa.', 'Lorem ipsum dolor sit amet, consectetuer adipiscing elit. Aenean commodo ligula eget dolor. Aenean massa.', 'PSML', '2023-11-16 11:03:37', '2023-11-17 06:28:52');





INSERT INTO `crw_vessel_required_crew_lines` (`id`, `crw_vessel_required_crew_id`, `crw_rank_id`, `required_manpower`, `eligibility`, `remarks`, `created_at`, `updated_at`) VALUES
(1, 1, 1, 2, 'COC-II', 'master recruite', '2023-10-16 09:45:53', '2023-10-16 09:45:53');
INSERT INTO `crw_vessel_required_crew_lines` (`id`, `crw_vessel_required_crew_id`, `crw_rank_id`, `required_manpower`, `eligibility`, `remarks`, `created_at`, `updated_at`) VALUES
(2, 1, 2, 5, 'COC-III', 'sukani', '2023-10-16 09:45:53', '2023-10-16 09:45:53');
INSERT INTO `crw_vessel_required_crew_lines` (`id`, `crw_vessel_required_crew_id`, `crw_rank_id`, `required_manpower`, `eligibility`, `remarks`, `created_at`, `updated_at`) VALUES
(16, 6, 15, 22222222, 'Lorem ipsum dolor sit amet, consectetuer adipiscing elit. Aenean commodo ligula eget dolor. Aenean massa. Cum sociis natoque penatibus et magnis dis parturient montes, nascetur ridiculus mus. Donec quam felis, ultricies nec, pellentesque eu, pretium quis, sem. Nulla consequat massa quis enim. Donec pede justo, fringilla vel, aliquet nec, vulputate eget, arcu. In enim justo, rhoncus ut, imperdiet a, venenatis vitae, justo. Nullam dictum felis eu pede mollis pretium. Integer tincidunt. Cras dapibus. Vivamus elementum semper nisi. Aenean vulputate eleifend tellus. Aenean leo ligula, porttitor eu, consequat vitae, eleifend ac, enim. Aliquam lorem ante, dapibus in, viverra quis, feugiat a, tellus. Phasellus viverra nulla ut metus varius laoreet. Quisque rutrum. Aenean imperdiet. Etiam ultricies nisi vel augue. Curabitur ullamcorper ultricies nisi. Nam eget dui. Etiam rhoncus. Maecenas tempus, tellus eget condimentum rhoncus, sem quam semper libero, sit amet adipiscing sem neque sed ipsum. Nam quam nunc, blandit vel, luctus pulvinar, hendrerit id, lorem. Maecenas nec odio et ante tincidunt tempus. Donec vitae sapien ut libero venenatis faucibus. Nullam quis ante. Etiam sit amet orci eget eros faucibus tincidunt. Duis leo. Sed fringilla mauris sit amet nibh. Donec sodales sagittis magna. Sed consequat, leo eget bibendum sodales, augue velit cursus nunc, quis gravida magna mi a libero. Fusce vulputate eleifend sapien. Vestibulum purus quam, scelerisque ut, mollis sed, nonummy id, metus. Nullam accumsan lorem in dui. Cras ultricies mi eu turpis hendrerit fringilla. Vestibulum ante ipsum primis in faucibus orci luctus et ultrices posuere cubilia Curae; In ac dui quis mi consectetuer lacinia. Nam pretium turpis et arcu. Duis arcu tortor, suscipit eget, imperdiet nec, imperdiet iaculis, ipsum. Sed aliquam ultrices mauris. Integer ante arcu, accumsan a, consectetuer eget, posuere ut, mauris. Praesent adipiscing. Phasellus ullamcorper ipsum rutrum nunc. Nunc nonummy metus. Vestibulum volutpat pretium libero. Cras id dui. Aenean ut', 'Lorem ipsum dolor sit amet, consectetuer adipiscing elit. Aenean commodo ligula eget dolor. Aenean massa. Cum sociis natoque penatibus et magnis dis parturient montes, nascetur ridiculus mus. Donec quam felis, ultricies nec, pellentesque eu, pretium quis, sem. Nulla consequat massa quis enim. Donec pede justo, fringilla vel, aliquet nec, vulputate eget, arcu. In enim justo, rhoncus ut, imperdiet a, venenatis vitae, justo. Nullam dictum felis eu pede mollis pretium. Integer tincidunt. Cras dapibus. Vivamus elementum semper nisi. Aenean vulputate eleifend tellus. Aenean leo ligula, porttitor eu, consequat vitae, eleifend ac, enim. Aliquam lorem ante, dapibus in, viverra quis, feugiat a, tellus. Phasellus viverra nulla ut metus varius laoreet. Quisque rutrum. Aenean imperdiet. Etiam ultricies nisi vel augue. Curabitur ullamcorper ultricies nisi. Nam eget dui. Etiam rhoncus. Maecenas tempus, tellus eget condimentum rhoncus, sem quam semper libero, sit amet adipiscing sem neque sed ipsum. Nam quam nunc, blandit vel, luctus pulvinar, hendrerit id, lorem. Maecenas nec odio et ante tincidunt tempus. Donec vitae sapien ut libero venenatis faucibus. Nullam quis ante. Etiam sit amet orci eget eros faucibus tincidunt. Duis leo. Sed fringilla mauris sit amet nibh. Donec sodales sagittis magna. Sed consequat, leo eget bibendum sodales, augue velit cursus nunc, quis gravida magna mi a libero. Fusce vulputate eleifend sapien. Vestibulum purus quam, scelerisque ut, mollis sed, nonummy id, metus. Nullam accumsan lorem in dui. Cras ultricies mi eu turpis hendrerit fringilla. Vestibulum ante ipsum primis in faucibus orci luctus et ultrices posuere cubilia Curae; In ac dui quis mi consectetuer lacinia. Nam pretium turpis et arcu. Duis arcu tortor, suscipit eget, imperdiet nec, imperdiet iaculis, ipsum. Sed aliquam ultrices mauris. Integer ante arcu, accumsan a, consectetuer eget, posuere ut, mauris. Praesent adipiscing. Phasellus ullamcorper ipsum rutrum nunc. Nunc nonummy metus. Vestibulum volutpat pretium libero. Cras id dui. Aenean ut', '2023-11-16 10:12:00', '2023-11-16 10:12:00');
INSERT INTO `crw_vessel_required_crew_lines` (`id`, `crw_vessel_required_crew_id`, `crw_rank_id`, `required_manpower`, `eligibility`, `remarks`, `created_at`, `updated_at`) VALUES
(20, 7, 5, 5, '5', NULL, '2023-11-20 09:02:04', '2023-11-20 09:02:04'),
(26, 8, 5, 1, 'COC e', NULL, '2023-11-22 09:44:38', '2023-11-22 09:44:38');

INSERT INTO `crw_vessel_required_crews` (`id`, `ops_vessel_id`, `total_crew`, `effective_date`, `remarks`, `business_unit`, `created_at`, `updated_at`) VALUES
(1, 1, 14, '2023-10-11', 'First crew requisition', 'TSLL', '2023-10-16 09:45:53', '2023-10-16 09:45:53');
INSERT INTO `crw_vessel_required_crews` (`id`, `ops_vessel_id`, `total_crew`, `effective_date`, `remarks`, `business_unit`, `created_at`, `updated_at`) VALUES
(6, 6, 10, '2023-11-02', 'Lorem ipsum dolor sit amet, consectetuer adipiscing elit. Aenean commodo ligula eget dolor. Aenean massa. Cum sociis natoque penatibus et magnis dis parturient montes, nascetur ridiculus mus. Donec quam felis, ultricies nec, pellentesque eu, pretium quis, sem. Nulla consequat massa quis enim. Donec pede justo, fringilla vel, aliquet nec, vulputate eget, arcu. In enim justo, rhoncus ut, imperdiet a, venenatis vitae, justo. Nullam dictum felis eu pede mollis pretium. Integer tincidunt. Cras dapibus. Vivamus elementum semper nisi. Aenean vulputate eleifend tellus. Aenean leo ligula, porttitor eu, consequat vitae, eleifend ac, enim. Aliquam lorem ante, dapibus in, viverra quis, feugiat a, tellus. Phasellus viverra nulla ut metus varius laoreet. Quisque rutrum. Aenean imperdiet. Etiam ultricies nisi vel augue. Curabitur ullamcorper ultricies nisi. Nam eget dui. Etiam rhoncus. Maecenas tempus, tellus eget condimentum rhoncus, sem quam semper libero, sit amet adipiscing sem neque sed ipsum. Nam quam nunc, blandit vel, luctus pulvinar, hendrerit id, lorem. Maecenas nec odio et ante tincidunt tempus. Donec vitae sapien ut libero venenatis faucibus. Nullam quis ante. Etiam sit amet orci eget eros faucibus tincidunt. Duis leo. Sed fringilla mauris sit amet nibh. Donec sodales sagittis magna. Sed consequat, leo eget bibendum sodales, augue velit cursus nunc, quis gravida magna mi a libero. Fusce vulputate eleifend sapien. Vestibulum purus quam, scelerisque ut, mollis sed, nonummy id, metus. Nullam accumsan lorem in dui. Cras ultricies mi eu turpis hendrerit fringilla. Vestibulum ante ipsum primis in faucibus orci luctus et ultrices posuere cubilia Curae; In ac dui quis mi consectetuer lacinia. Nam pretium turpis et arcu. Duis arcu tortor, suscipit eget, imperdiet nec, imperdiet iaculis, ipsum. Sed aliquam ultrices mauris. Integer ante arcu, accumsan a, consectetuer eget, posuere ut, mauris. Praesent adipiscing. Phasellus ullamcorper ipsum rutrum nunc. Nunc nonummy metus. Vestibulum volutpat pretium libero. Cras id dui. Aenean ut', 'PSML', '2023-11-16 10:03:39', '2023-11-16 10:12:00');
INSERT INTO `crw_vessel_required_crews` (`id`, `ops_vessel_id`, `total_crew`, `effective_date`, `remarks`, `business_unit`, `created_at`, `updated_at`) VALUES
(7, 6, 5, '2023-11-14', NULL, 'PSML', '2023-11-17 07:22:27', '2023-11-20 09:02:04');
INSERT INTO `crw_vessel_required_crews` (`id`, `ops_vessel_id`, `total_crew`, `effective_date`, `remarks`, `business_unit`, `created_at`, `updated_at`) VALUES
(8, 22, 16, '2023-11-15', 'asdsad', 'PSML', '2023-11-20 09:05:53', '2023-11-20 09:06:52');



INSERT INTO `migrations` (`id`, `migration`, `batch`) VALUES
(1, '2014_10_12_000000_create_users_table', 1);
INSERT INTO `migrations` (`id`, `migration`, `batch`) VALUES
(2, '2014_10_12_100000_create_password_reset_tokens_table', 1);
INSERT INTO `migrations` (`id`, `migration`, `batch`) VALUES
(3, '2016_06_01_000001_create_oauth_auth_codes_table', 1);
INSERT INTO `migrations` (`id`, `migration`, `batch`) VALUES
(4, '2016_06_01_000002_create_oauth_access_tokens_table', 1),
(5, '2016_06_01_000003_create_oauth_refresh_tokens_table', 1),
(6, '2016_06_01_000004_create_oauth_clients_table', 1),
(7, '2016_06_01_000005_create_oauth_personal_access_clients_table', 1),
(8, '2019_08_19_000000_create_failed_jobs_table', 1),
(9, '2019_12_14_000001_create_personal_access_tokens_table', 1),
(10, '2023_08_17_052809_create_permission_tables', 1),
(61, '2023_09_27_094910_create_mnt_ship_departments_table', 25),
(62, '2023_09_27_094928_create_mnt_item_groups_table', 25),
(63, '2023_09_27_094937_create_mnt_items_table', 25),
(69, '2023_09_27_094940_create_mnt_jobs_table', 29),
(70, '2023_10_08_111715_create_mnt_job_lines', 30),
(232, '2023_10_01_094130_create_crw_ranks_table', 32),
(233, '2023_10_01_094143_create_crw_policies_table', 32),
(234, '2023_10_01_094153_create_crw_crew_checklists_table', 32),
(235, '2023_10_01_094202_create_crw_vessel_required_crews_table', 32),
(236, '2023_10_01_094212_create_crw_crew_requisitions_table', 32),
(237, '2023_10_01_094225_create_crw_recruitment_approvals_table', 32),
(238, '2023_10_01_094239_create_crw_agencies_table', 32),
(239, '2023_10_01_094248_create_crw_agency_contracts_table', 32),
(240, '2023_10_01_094258_create_crw_agency_bills_table', 32),
(241, '2023_10_01_094316_create_crw_crew_profiles_table', 32),
(244, '2023_10_01_094446_create_crw_crew_documents_table', 32),
(245, '2023_10_01_094459_create_crw_crew_assignments_table', 32),
(246, '2023_10_01_094509_create_crw_attendances_table', 32),
(247, '2023_10_01_094647_create_crw_incidents_table', 32),
(248, '2023_10_01_094658_create_crw_salary_structures_table', 32),
(249, '2023_10_01_094716_create_crw_bank_accounts_table', 32),
(250, '2023_10_01_094728_create_crw_payroll_batches_table', 32),
(251, '2023_10_01_103614_create_crw_crew_checklist_lines_table', 32),
(252, '2023_10_01_103646_create_crw_vessel_required_crew_lines_table', 32),
(253, '2023_10_01_103659_create_crw_crew_requisition_lines_table', 32),
(254, '2023_10_01_103710_create_crw_recruitment_approval_lines_table', 32),
(255, '2023_10_01_103720_create_crw_agency_contact_persons_table', 32),
(256, '2023_10_01_103733_create_crw_agency_bill_lines_table', 32),
(263, '2023_10_01_103953_create_crw_crew_document_renewals_table', 32),
(264, '2023_10_01_104022_create_crw_attendance_lines_table', 32),
(265, '2023_10_01_104035_create_crw_incident_participants_table', 32),
(266, '2023_10_01_104049_create_crw_salary_structure_breakdowns_table', 32),
(267, '2023_10_01_104150_create_crw_payroll_batch_lines_table', 32),
(268, '2023_10_01_104223_create_crw_payroll_batch_heads_table', 32),
(269, '2023_10_01_104234_create_crw_payroll_batch_head_lines_table', 32),
(271, '2023_08_24_090948_create_ops_ports_table', 33),
(272, '2023_10_01_062927_create_ops_vessels_table', 33),
(273, '2023_10_02_044241_create_ops_maritime_certifications_table', 33),
(274, '2023_10_02_064215_create_ops_vessel_certificates_table', 34),
(276, '2023_10_03_052528_create_ops_cargo_types_table', 34),
(277, '2023_10_03_060224_create_ops_cargo_tariffs_table', 34),
(278, '2023_10_03_061229_create_ops_cargo_tariff_lines_table', 34),
(279, '2023_10_04_060410_create_ops_customers_table', 34),
(280, '2023_10_04_060943_create_ops_voyages_table', 34),
(282, '2023_10_04_082132_create_ops_voyage_port_schedules_table', 34),
(283, '2023_10_04_082200_create_ops_bunkers_table', 34),
(284, '2023_10_05_084310_create_ops_voyage_boat_notes_table', 34),
(285, '2023_10_05_085409_create_ops_voyage_boat_note_lines_table', 34),
(286, '2023_10_08_054017_create_ops_charterer_profiles_table', 34),
(287, '2023_10_08_054842_create_ops_charterer_bank_accounts_table', 34),
(289, '2023_10_08_101056_create_ops_handover_takeovers_table', 34),
(292, '2023_10_10_064923_create_ops_lighter_noon_reports_table', 34),
(293, '2023_10_11_094935_create_mnt_run_hours_table', 35),
(295, '2023_10_16_060054_create_ops_customer_invoices_table', 37),
(296, '2023_10_16_060756_create_ops_customer_invoice_lines_table', 37),
(300, '2023_10_17_050005_create_ops_cash_requisitions_table', 39),
(301, '2023_10_17_070140_create_ops_bunker_requisitions_table', 40),
(308, '2018_08_08_100000_create_telescope_entries_table', 43),
(310, '2023_10_19_084652_create_ops_bunker_bills_table', 45),
(311, '2023_10_19_085313_create_ops_bunker_bill_lines_table', 45),
(315, '2023_10_17_080331_create_acc_balance_and_income_lines_table', 48),
(316, '2023_10_17_080514_create_acc_cost_centers_table', 48),
(317, '2023_10_17_080524_create_acc_accounts_table', 48),
(318, '2023_10_17_080534_create_acc_account_opening_balances_table', 48),
(319, '2023_10_17_080545_create_acc_bank_accounts_table', 48),
(320, '2023_10_17_080558_create_acc_cash_accounts_table', 48),
(321, '2023_10_17_080608_create_acc_transactions_table', 48),
(322, '2023_10_17_080620_create_acc_bank_reconciliations_table', 48),
(325, '2023_10_17_080659_create_acc_depreciations_table', 48),
(327, '2023_10_17_080723_create_acc_advance_adjustments_table', 48),
(329, '2023_10_17_080751_create_acc_salaries_table', 48),
(333, '2023_10_23_040743_create_ops_vessel_expense_heads_table', 50),
(335, '2023_10_22_042448_create_ops_expense_heads_table', 51),
(339, '2023_10_23_064700_create_ops_voyage_budgets_table', 52),
(340, '2023_10_23_064743_create_ops_voyage_budget_entries_table', 52),
(358, '2023_10_11_061848_create_scm_units_table', 53),
(359, '2023_10_16_065305_create_scm_material_categories_table', 53),
(360, '2023_10_17_113533_create_scm_materials_table', 53),
(361, '2023_10_22_041510_create_scm_vendors_table', 53),
(362, '2023_10_22_043604_create_scm_vendor_contact_persons_table', 53),
(363, '2023_10_22_071319_create_scm_warehouses_table', 53),
(364, '2023_10_22_071350_create_scm_warehouse_contact_persons_table', 53),
(365, '2023_10_22_090913_create_scm_opening_stocks_table', 53),
(369, '2023_10_22_090942_create_scm_opening_stock_lines_table', 55),
(370, '2023_10_23_102535_create_scm_stock_ledgers_table', 56),
(371, '2023_10_23_065419_create_scm_services_table', 57),
(376, '2023_10_26_094931_create_mnt_work_requisitions_table', 60),
(377, '2023_10_26_094932_create_mnt_work_requisition_items_table', 61),
(379, '2023_10_25_042310_create_ops_voyage_expenditures_table', 63),
(380, '2023_10_25_070511_create_ops_voyage_expenditure_entries_table', 63),
(381, '2023_10_04_082024_create_ops_voyage_sectors_table', 64),
(382, '2023_10_26_094934_create_mnt_work_requisition_lines_table', 65),
(383, '2023_10_25_053658_create_scm_prs_table', 66),
(384, '2023_10_25_085700_create_scm_pr_lines_table', 66),
(389, '2023_10_31_104533_create_ops_bulk_noon_reports_table', 69),
(390, '2023_10_31_105158_create_ops_bulk_noon_report_ports_table', 69),
(391, '2023_10_31_105717_create_ops_bulk_noon_report_cargo_tanks_table', 69),
(393, '2023_10_31_110424_create_ops_bulk_noon_report_engine_inputs_table', 70),
(394, '2023_10_31_111109_create_ops_bulk_noon_report_distances_table', 70),
(397, '2023_10_01_103746_create_crw_crew_educations_table', 71),
(398, '2023_10_01_103756_create_crw_crew_trainings_table', 72),
(399, '2023_10_01_103809_create_crw_crew_experiences_table', 73),
(400, '2023_10_01_103847_create_crw_crew_nominees_table', 74),
(401, '2023_10_01_103836_create_crw_crew_references_table', 75),
(402, '2023_10_01_103823_create_crw_crew_languages_table', 76),
(403, '2023_10_29_063247_create_scm_pos_table', 77),
(404, '2023_10_29_074621_create_scm_po_lines_table', 77),
(405, '2023_10_29_075625_create_scm_po_terms_table', 77),
(406, '2023_11_01_054009_create_ops_month_wise_expense_reports_table', 78),
(407, '2023_10_08_071134_create_ops_charterer_contracts_table', 79),
(408, '2023_11_02_043101_create_ops_charterer_contracts_financial_terms_table', 80),
(414, '2023_11_02_043440_create_ops_charterer_contracts_local_agents_table', 82),
(415, '2023_11_05_094934_create_mnt_work_requisition_materials_table', 83),
(416, '2023_11_02_061154_create_scm_lc_records_table', 84),
(417, '2023_11_02_062221_create_scm_lc_record_lines_table', 84),
(424, '2023_11_05_050000_create_scm_mrrs_table', 85),
(425, '2023_11_05_055913_create_scm_mrr_lines_table', 85),
(426, '2023_11_07_095040_create_scm_srs_table', 86);
INSERT INTO `migrations` (`id`, `migration`, `batch`) VALUES
(427, '2023_11_07_095101_create_scm_sr_lines_table', 86),
(428, '2023_11_07_185740_create_scm_sis_table', 87),
(429, '2023_11_07_185820_create_scm_si_lines_table', 87),
(430, '2023_11_08_071159_create_mnt_critical_functions_table', 88),
(431, '2023_11_08_071201_create_mnt_critical_item_cats_table', 88),
(432, '2023_11_08_071202_create_mnt_critical_items_table', 88),
(433, '2023_11_08_071204_create_mnt_critical_vessel_items_table', 88),
(434, '2023_11_08_071205_create_mnt_critical_item_sps_table', 88),
(435, '2023_11_08_071210_create_mnt_critical_sp_lists_table', 88),
(436, '2023_11_08_071220_create_mnt_critical_sp_list_lines_table', 88),
(439, '2023_10_17_080934_create_acc_fixed_asset_costs_table', 90),
(440, '2023_11_09_101657_create_scm_sirs_table', 91),
(441, '2023_11_09_105626_create_scm_sir_lines_table', 91),
(442, '2023_11_12_105003_create_scm_mmrs_table', 92),
(443, '2023_11_12_105021_create_scm_mmr_lines_table', 92),
(444, '2023_11_14_070724_create_mnt_survey_items_table', 93),
(445, '2023_11_14_071104_create_mnt_survey_types_table', 93),
(446, '2023_11_14_071118_create_mnt_surveys_table', 93),
(447, '2023_11_14_070330_create_scm_mos_table', 94),
(448, '2023_11_14_070339_create_scm_mo_lines_table', 94),
(449, '2023_10_17_080736_create_acc_salary_heads_table', 95),
(450, '2023_10_17_080634_create_acc_loans_table', 96),
(451, '2023_11_20_154725_create_acc_loan_receiveds_table', 97),
(452, '2023_10_17_080643_create_acc_fixed_assets_table', 98),
(454, '2023_11_23_082400_create_ops_bulk_noon_report_consumption_heads_table', 99),
(459, '2023_11_26_045050_create_ops_contract_assigns_table', 100),
(460, '2023_10_31_110148_create_ops_bulk_noon_report_consumptions_table', 101),
(461, '2023_10_17_080712_create_acc_cash_requisitions_table', 102),
(462, '2023_10_17_081025_create_acc_cash_requisition_lines_table', 103),
(463, '2023_10_09_042948_create_ops_charterer_invoices_table', 104),
(464, '2023_10_09_043101_create_ops_charterer_invoice_lines_table', 104),
(466, '2023_11_27_063228_create_ops_charterer_invoice_voyages_table', 105),
(468, '2023_10_02_095630_create_ops_vessel_particulars_table', 106);

INSERT INTO `mnt_critical_functions` (`id`, `function_name`, `notes`, `created_at`, `updated_at`) VALUES
(1, 'Power Supply', 'Some important notesSome important notesSome important notesSome important notes', '2023-11-08 10:18:58', '2023-11-26 04:57:57');
INSERT INTO `mnt_critical_functions` (`id`, `function_name`, `notes`, `created_at`, `updated_at`) VALUES
(6, 'C Func', 'CFN', '2023-11-12 08:58:29', '2023-11-12 08:58:29');
INSERT INTO `mnt_critical_functions` (`id`, `function_name`, `notes`, `created_at`, `updated_at`) VALUES
(8, 'C function 2 u', 'C F Notes u', '2023-11-26 11:49:30', '2023-11-26 11:49:40');

INSERT INTO `mnt_critical_item_cats` (`id`, `mnt_critical_function_id`, `category_name`, `notes`, `created_at`, `updated_at`) VALUES
(1, 1, 'Electrical', 'change', '2023-11-09 04:37:59', '2023-11-12 08:09:06');
INSERT INTO `mnt_critical_item_cats` (`id`, `mnt_critical_function_id`, `category_name`, `notes`, `created_at`, `updated_at`) VALUES
(5, 1, 'Hydrolic', 'cat note', '2023-11-12 08:59:25', '2023-11-27 04:36:01');
INSERT INTO `mnt_critical_item_cats` (`id`, `mnt_critical_function_id`, `category_name`, `notes`, `created_at`, `updated_at`) VALUES
(6, 6, 'd', NULL, '2023-11-14 08:01:22', '2023-11-27 04:36:35');

INSERT INTO `mnt_critical_item_sps` (`id`, `mnt_critical_vessel_item_id`, `sp_name`, `unit`, `min_rob`, `created_at`, `updated_at`) VALUES
(1, 1, 'FUEL OIL FILTER ELEMENT', 'Pcs', 1, '2023-11-12 07:16:27', '2023-11-12 07:16:27');
INSERT INTO `mnt_critical_item_sps` (`id`, `mnt_critical_vessel_item_id`, `sp_name`, `unit`, `min_rob`, `created_at`, `updated_at`) VALUES
(2, 1, 'LUB OIL FILTER ELEMENT', 'Pcs', 1, '2023-11-12 07:16:27', '2023-11-12 07:16:27');
INSERT INTO `mnt_critical_item_sps` (`id`, `mnt_critical_vessel_item_id`, `sp_name`, `unit`, `min_rob`, `created_at`, `updated_at`) VALUES
(5, 8, 'Lorem', 'Kg', 500, '2023-11-14 08:36:18', '2023-11-14 08:36:18');
INSERT INTO `mnt_critical_item_sps` (`id`, `mnt_critical_vessel_item_id`, `sp_name`, `unit`, `min_rob`, `created_at`, `updated_at`) VALUES
(6, 8, 'Spare', 'mg', 78, '2023-11-14 08:36:18', '2023-11-14 08:36:18');

INSERT INTO `mnt_critical_items` (`id`, `mnt_critical_item_cat_id`, `item_name`, `specification`, `notes`, `created_at`, `updated_at`) VALUES
(1, 1, 'Emergency Generator', NULL, 'No notes', '2023-11-09 05:25:14', '2023-11-09 05:25:14');
INSERT INTO `mnt_critical_items` (`id`, `mnt_critical_item_cat_id`, `item_name`, `specification`, `notes`, `created_at`, `updated_at`) VALUES
(2, 1, 'Emergency Switchboard', NULL, 'Emergency switchboards are very cruical item for emergency power supply.', '2023-11-12 05:46:15', '2023-11-12 06:45:30');
INSERT INTO `mnt_critical_items` (`id`, `mnt_critical_item_cat_id`, `item_name`, `specification`, `notes`, `created_at`, `updated_at`) VALUES
(3, 1, 'Aux Engine', NULL, 'No notes', '2023-11-12 05:46:43', '2023-11-12 05:46:43');
INSERT INTO `mnt_critical_items` (`id`, `mnt_critical_item_cat_id`, `item_name`, `specification`, `notes`, `created_at`, `updated_at`) VALUES
(4, 1, 'Steering Gear', NULL, 'Steering Gear has two sources of power supply (MSB & ESB), thus not considered Critical', '2023-11-12 05:47:57', '2023-11-12 05:47:57'),
(8, 5, 'Cat Item', NULL, NULL, '2023-11-14 08:00:39', '2023-11-14 08:00:39');

INSERT INTO `mnt_critical_sp_list_lines` (`id`, `mnt_critical_sp_list_id`, `mnt_critical_item_sp_id`, `min_rob`, `rob`, `remarks`, `created_at`, `updated_at`) VALUES
(1, 2, 1, 1, 2, 'ddddd', '2023-11-13 04:49:27', '2023-11-13 07:10:58');
INSERT INTO `mnt_critical_sp_list_lines` (`id`, `mnt_critical_sp_list_id`, `mnt_critical_item_sp_id`, `min_rob`, `rob`, `remarks`, `created_at`, `updated_at`) VALUES
(2, 2, 2, 1, 1, '4545sdsds', '2023-11-13 04:49:27', '2023-11-13 07:10:58');


INSERT INTO `mnt_critical_sp_lists` (`id`, `ops_vessel_id`, `record_date`, `reference_no`, `business_unit`, `created_at`, `updated_at`) VALUES
(2, 6, '2023-11-08', 'SP/LIST/222', 'PSML', '2023-11-13 04:49:27', '2023-11-13 07:10:58');


INSERT INTO `mnt_critical_vessel_items` (`id`, `ops_vessel_id`, `mnt_critical_item_id`, `is_critical`, `notes`, `business_unit`, `created_at`, `updated_at`) VALUES
(1, 6, 2, 1, 'Critical Item', 'PSML', '2023-11-12 07:16:27', '2023-11-12 07:16:27');
INSERT INTO `mnt_critical_vessel_items` (`id`, `ops_vessel_id`, `mnt_critical_item_id`, `is_critical`, `notes`, `business_unit`, `created_at`, `updated_at`) VALUES
(3, 6, 3, 1, 'Critical Item ee', 'PSML', '2023-11-14 06:14:24', '2023-11-14 06:14:24');
INSERT INTO `mnt_critical_vessel_items` (`id`, `ops_vessel_id`, `mnt_critical_item_id`, `is_critical`, `notes`, `business_unit`, `created_at`, `updated_at`) VALUES
(4, 6, 4, 0, 'Critical Item ee', 'PSML', '2023-11-14 06:16:46', '2023-11-14 06:16:46');
INSERT INTO `mnt_critical_vessel_items` (`id`, `ops_vessel_id`, `mnt_critical_item_id`, `is_critical`, `notes`, `business_unit`, `created_at`, `updated_at`) VALUES
(6, 7, 1, 0, 'UP', 'PSML', '2023-11-14 06:36:36', '2023-11-14 07:09:17'),
(7, 7, 8, 0, NULL, 'PSML', '2023-11-14 08:05:09', '2023-11-14 08:05:09'),
(8, 6, 1, 1, NULL, 'PSML', '2023-11-14 08:36:18', '2023-11-14 08:36:18'),
(9, 3, 1, 0, 'sefsdjklhfsjkdhjkfhskhh', 'TSLL', '2023-11-14 08:50:06', '2023-11-14 09:08:47');

INSERT INTO `mnt_item_groups` (`id`, `mnt_ship_department_id`, `name`, `short_code`, `business_unit`, `created_at`, `updated_at`) VALUES
(1, 1, 'Main Engine', 'ME', 'PSML', '2023-10-08 05:34:11', '2023-11-07 04:08:35');
INSERT INTO `mnt_item_groups` (`id`, `mnt_ship_department_id`, `name`, `short_code`, `business_unit`, `created_at`, `updated_at`) VALUES
(2, 1, 'Auxiliary Engine', 'AE', 'PSML', '2023-10-08 05:35:05', '2023-10-12 09:39:04');
INSERT INTO `mnt_item_groups` (`id`, `mnt_ship_department_id`, `name`, `short_code`, `business_unit`, `created_at`, `updated_at`) VALUES
(3, 16, 'Item Group', 'IG', 'TSLL', '2023-10-12 06:14:08', '2023-10-23 05:27:09');
INSERT INTO `mnt_item_groups` (`id`, `mnt_ship_department_id`, `name`, `short_code`, `business_unit`, `created_at`, `updated_at`) VALUES
(7, 1, 'Main Engine', 'ME', 'TSLL', '2023-10-17 05:02:19', '2023-10-17 05:02:19'),
(10, 1, 'Boiler', 'B', 'PSML', '2023-10-23 04:12:38', '2023-10-23 04:12:38'),
(20, 2, 'Deck Item Group', 'DIG', 'PSML', '2023-11-07 06:11:57', '2023-11-07 06:11:57'),
(23, 1, 'Test Engine Department', 'TED', 'PSML', '2023-11-19 06:32:17', '2023-11-19 06:32:17'),
(24, 36, 'NTSD Item', 'NTSDI', 'PSML', '2023-11-19 08:24:20', '2023-11-19 08:24:20'),
(25, 37, 'NTSDU Item Group Update', 'DUIGU', 'TSLL', '2023-11-19 08:29:10', '2023-11-19 08:30:36');

INSERT INTO `mnt_items` (`id`, `mnt_item_group_id`, `name`, `item_code`, `description`, `business_unit`, `has_run_hour`, `created_at`, `updated_at`) VALUES
(1, 1, 'Main Engine Unit 1', 'ME-001', '[{\"key\":\"Maker\",\"value\":\"Hyundaiiii\"},{\"key\":\"Chasis No.\",\"value\":\"123456789\"},{\"key\":\"Fuel\",\"value\":\"Patrol\"}]', 'PSML', 1, '2023-10-08 05:50:59', '2023-10-16 08:55:46');
INSERT INTO `mnt_items` (`id`, `mnt_item_group_id`, `name`, `item_code`, `description`, `business_unit`, `has_run_hour`, `created_at`, `updated_at`) VALUES
(2, 1, 'Main Engine Unit 2', 'ME-002', '[{\"key\":\"Brand\",\"value\":\"Hyundai\"},{\"key\":\"Origin\",\"value\":\"China\"}]', 'PSML', 1, '2023-10-11 06:46:39', '2023-10-16 07:41:45');
INSERT INTO `mnt_items` (`id`, `mnt_item_group_id`, `name`, `item_code`, `description`, `business_unit`, `has_run_hour`, `created_at`, `updated_at`) VALUES
(3, 1, 'Main Engine Unit 3', 'ME-003', '[{\"key\":\"Brand\",\"value\":\"Toyota\"},{\"key\":\"Origin\",\"value\":\"Japan\"}]', 'PSML', 1, '2023-10-11 08:38:04', '2023-10-16 07:33:21');
INSERT INTO `mnt_items` (`id`, `mnt_item_group_id`, `name`, `item_code`, `description`, `business_unit`, `has_run_hour`, `created_at`, `updated_at`) VALUES
(4, 2, 'Auxiliary Engine 1', 'AE-001', '[{\"key\":\"Brand\",\"value\":\"Hyundai\"},{\"key\":\"Origin\",\"value\":\"Germany\"}]', 'PSML', 1, '2023-10-12 09:45:15', '2023-10-12 09:45:15'),
(6, 1, 'Main Engine Unit 4', 'ME-004', '[{\"key\":null,\"value\":null}]', 'PSML', 0, '2023-10-16 06:23:48', '2023-11-17 13:29:58'),
(7, 1, 'Main Engine Unit 5', 'ME-005', '[{\"key\":\"key1\",\"value\":\"Val1\"},{\"key\":\"Key2\",\"value\":\"Val2\"}]', 'PSML', 1, '2023-10-17 09:46:49', '2023-11-07 04:38:09'),
(8, 3, 'Test Item', 'IG-002', '[{\"key\":\"Key1\",\"value\":\"Val1\"},{\"key\":\"Key2\",\"value\":\"Val2\"}]', 'TSLL', 1, '2023-10-18 03:49:54', '2023-10-18 03:51:25'),
(12, 2, 'Auxiliary Engine 2', 'AE-002', '[{\"key\":\"Brand\",\"value\":\"Hitachi\"},{\"key\":\"HS Code\",\"value\":\"11122333444\"},{\"key\":\"Importer\",\"value\":\"Mahbub\"}]', 'PSML', 1, '2023-10-23 04:16:02', '2023-10-23 04:16:02'),
(13, 3, 'Testing item 3', 'IG-003', '[{\"key\":\"Field 1\",\"value\":\"Value 1\"},{\"key\":\"Field 2\",\"value\":\"Value 2\"},{\"key\":\"Field 3\",\"value\":\"Value 3\"}]', 'TSLL', 0, '2023-10-23 05:58:37', '2023-10-23 05:58:37'),
(14, 3, 'Testing item 4', 'IG-004', '[{\"key\":\"Field 1\",\"value\":\"Value 1\"},{\"key\":\"Field 2\",\"value\":\"Value 2\"},{\"key\":\"Field 3\",\"value\":\"Value 3\"}]', 'TSLL', 1, '2023-10-23 06:00:56', '2023-10-23 06:00:56'),
(18, 1, 'Main Engine Unit 6', 'ME-006', '[{\"key\":null,\"value\":null}]', 'PSML', 0, '2023-11-05 10:37:23', '2023-11-17 13:28:57'),
(24, 10, 'AUX BOILER', 'B-001', '[{\"key\":null,\"value\":null}]', 'PSML', 1, '2023-11-07 09:08:35', '2023-11-07 09:08:35'),
(25, 10, 'AUX BOILER OIL BURNING SYSTEM', 'B-002', '[{\"key\":null,\"value\":null}]', 'PSML', 0, '2023-11-07 09:10:38', '2023-11-07 09:10:38'),
(27, 1, 'MAIN BEARING 1', 'ME-007', '[{\"key\":\"Size\",\"value\":\"L\"}]', 'PSML', 1, '2023-11-17 05:00:14', '2023-11-17 05:00:14'),
(31, 23, 'TED - 001', 'TED-001', '[{\"key\":\"K1\",\"value\":\"V1\"},{\"key\":\"K2\",\"value\":\"V2\"}]', 'PSML', 0, '2023-11-19 06:33:02', '2023-11-19 06:33:02'),
(32, 24, 'NTSDI-001 Item', 'NTSDI-001', '[{\"key\":\"K1\",\"value\":\"V1\"},{\"key\":\"K2\",\"value\":\"V2\"}]', 'PSML', 1, '2023-11-19 08:25:01', '2023-11-19 08:25:01'),
(33, 25, 'UIG Item Update', 'DUIGU-001', '[{\"key\":\"K1u\",\"value\":\"V1u\"},{\"key\":\"K2u\",\"value\":\"V2u\"}]', 'TSLL', 1, '2023-11-19 08:31:30', '2023-11-19 08:31:44');

INSERT INTO `mnt_job_lines` (`id`, `mnt_job_id`, `job_description`, `cycle`, `cycle_unit`, `last_done`, `min_limit`, `previous_run_hour`, `remarks`, `status`, `created_at`, `updated_at`) VALUES
(12, 14, 'Fuel injectors remove, clean and test', 2000, 'Hours', '2023-11-08', '1200', 1280, NULL, NULL, '2023-10-11 08:30:42', '2023-11-23 09:04:48');
INSERT INTO `mnt_job_lines` (`id`, `mnt_job_id`, `job_description`, `cycle`, `cycle_unit`, `last_done`, `min_limit`, `previous_run_hour`, `remarks`, `status`, `created_at`, `updated_at`) VALUES
(13, 14, 'Air starting valve overhaul', 2, 'Weeks', '2023-12-01', '1', 1280, NULL, NULL, '2023-10-11 08:30:42', '2023-11-23 09:49:21');
INSERT INTO `mnt_job_lines` (`id`, `mnt_job_id`, `job_description`, `cycle`, `cycle_unit`, `last_done`, `min_limit`, `previous_run_hour`, `remarks`, `status`, `created_at`, `updated_at`) VALUES
(14, 15, 'iuyuiyiuy', 6, 'Months', NULL, '5', 2055, NULL, NULL, '2023-10-11 08:39:41', '2023-11-23 06:27:08');
INSERT INTO `mnt_job_lines` (`id`, `mnt_job_id`, `job_description`, `cycle`, `cycle_unit`, `last_done`, `min_limit`, `previous_run_hour`, `remarks`, `status`, `created_at`, `updated_at`) VALUES
(15, 15, 'kjhkjhkjh', 4, 'Months', NULL, '3', NULL, NULL, NULL, '2023-10-11 08:39:41', '2023-10-11 08:39:41'),
(21, 22, 'js1', 5000, 'Hours', NULL, '4500', NULL, 'R1', NULL, '2023-10-19 07:18:03', '2023-11-09 05:46:11'),
(22, 22, 'js2', 40, 'Weeks', NULL, '38', NULL, 'R2', NULL, '2023-10-19 07:18:03', '2023-11-09 05:43:32'),
(27, 25, 'Job 1', 3000, 'Hours', '2023-09-05', '2500', 0, NULL, NULL, '2023-10-23 06:25:26', '2023-10-23 11:17:27'),
(28, 25, 'Job 2', 3, 'Weeks', '2023-10-09', '2', 0, NULL, NULL, '2023-10-23 06:25:26', '2023-10-23 06:25:26'),
(29, 26, 'Job 1 of item 3', 3, 'Months', '2023-08-16', '2', NULL, NULL, NULL, '2023-10-23 06:28:57', '2023-10-23 06:28:57'),
(30, 26, 'Job 2 of item 3', 20, 'Days', '2023-10-09', '15', NULL, NULL, NULL, '2023-10-23 06:28:57', '2023-10-23 06:28:57'),
(35, 29, 'jdusddfs', 500, 'Hours', '2023-10-25', '450', NULL, 'r1u', NULL, '2023-10-25 10:20:39', '2023-11-17 06:12:20'),
(36, 29, 'jd2u', 15, 'Days', '2023-10-25', '12', NULL, 'r2u', NULL, '2023-10-25 10:20:39', '2023-10-25 10:21:16'),
(38, 31, 'Valves overhaul', 24, 'Months', '2021-10-29', '22', 0, 'Since Drydock', NULL, '2023-11-07 09:14:12', '2023-11-07 09:14:12'),
(39, 32, 'Cleaning F. O. line filter', 2, 'Months', '2023-02-19', '1', 0, NULL, NULL, '2023-11-07 09:35:13', '2023-11-07 09:35:13'),
(40, 32, 'Overhaul burner (Clean deflector, electrode & atomizer)', 6, 'Months', '2023-02-19', '5', 0, NULL, NULL, '2023-11-07 09:41:12', '2023-11-07 09:41:12'),
(41, 32, 'Cleaning furnace', 12, 'Months', '2021-10-29', '10', 0, NULL, NULL, '2023-11-07 09:41:12', '2023-11-07 09:41:12'),
(42, 32, 'Blower fan overhaul', 12, 'Months', '2021-10-29', '10', 0, NULL, NULL, '2023-11-07 09:41:12', '2023-11-07 09:41:12'),
(43, 32, 'Oil pump overhaul', 12, 'Months', '2021-10-29', '10', 0, NULL, NULL, '2023-11-07 09:41:12', '2023-11-07 09:41:12'),
(44, 33, 'df', 50, 'Hours', '2023-11-29', '41', 2986, NULL, NULL, '2023-11-07 09:46:21', '2023-11-26 10:48:28'),
(52, 38, 'Job 1', 6000, 'Hours', '2023-11-01', '5000', 0, NULL, NULL, '2023-11-16 04:24:51', '2023-11-16 04:24:51'),
(59, 43, 'main bearing survey  inspection', 20000, 'Hours', '2023-11-01', '19000', 0, NULL, NULL, '2023-11-20 08:42:18', '2023-11-20 08:43:45'),
(60, 43, 'main bearing survey  inspection 2', 100, 'Days', '2023-10-31', '90', 0, NULL, NULL, '2023-11-20 09:56:43', '2023-11-20 09:56:43');

INSERT INTO `mnt_jobs` (`id`, `ops_vessel_id`, `mnt_item_id`, `present_run_hour`, `business_unit`, `created_at`, `updated_at`) VALUES
(14, 6, 2, 1300, 'PSML', '2023-10-11 08:30:42', '2023-11-07 04:41:08');
INSERT INTO `mnt_jobs` (`id`, `ops_vessel_id`, `mnt_item_id`, `present_run_hour`, `business_unit`, `created_at`, `updated_at`) VALUES
(15, 6, 3, 2055, 'PSML', '2023-10-11 08:39:41', '2023-11-07 04:41:08');
INSERT INTO `mnt_jobs` (`id`, `ops_vessel_id`, `mnt_item_id`, `present_run_hour`, `business_unit`, `created_at`, `updated_at`) VALUES
(18, 6, 4, 2020, 'PSML', '2023-10-18 08:18:45', '2023-11-17 12:25:11');
INSERT INTO `mnt_jobs` (`id`, `ops_vessel_id`, `mnt_item_id`, `present_run_hour`, `business_unit`, `created_at`, `updated_at`) VALUES
(22, 1, 8, 5333, 'TSLL', '2023-10-19 07:18:03', '2023-10-25 09:47:56'),
(25, 2, 14, 2445, 'TSLL', '2023-10-23 06:25:26', '2023-10-23 11:17:26'),
(26, 2, 13, 0, 'TSLL', '2023-10-23 06:28:57', '2023-10-23 06:28:57'),
(29, 6, 1, 570, 'PSML', '2023-10-25 10:20:39', '2023-11-07 04:41:07'),
(31, 6, 24, 2000, 'PSML', '2023-11-07 09:14:12', '2023-11-17 12:25:55'),
(32, 6, 25, 0, 'PSML', '2023-11-07 09:35:13', '2023-11-07 09:35:13'),
(33, 7, 1, 2986, 'PSML', '2023-11-07 09:46:21', '2023-11-26 10:34:46'),
(38, 6, 7, 500, 'PSML', '2023-11-16 04:24:51', '2023-11-16 04:24:51'),
(43, 6, 27, 19020, 'PSML', '2023-11-20 08:42:18', '2023-11-23 04:30:06');

INSERT INTO `mnt_run_hours` (`id`, `ops_vessel_id`, `mnt_item_id`, `previous_run_hour`, `running_hour`, `present_run_hour`, `updated_on`, `business_unit`, `created_at`, `updated_at`) VALUES
(17, 1, 8, 0, 0, 301, '2023-10-18', 'TSLL', '2023-10-19 07:18:03', '2023-10-19 07:18:03');
INSERT INTO `mnt_run_hours` (`id`, `ops_vessel_id`, `mnt_item_id`, `previous_run_hour`, `running_hour`, `present_run_hour`, `updated_on`, `business_unit`, `created_at`, `updated_at`) VALUES
(20, 2, 14, 0, 0, 2400, '2023-10-23', 'TSLL', '2023-10-23 06:25:26', '2023-10-23 06:25:26');
INSERT INTO `mnt_run_hours` (`id`, `ops_vessel_id`, `mnt_item_id`, `previous_run_hour`, `running_hour`, `present_run_hour`, `updated_on`, `business_unit`, `created_at`, `updated_at`) VALUES
(21, 2, 14, 2400, 20, 2420, '2023-10-23', 'TSLL', '2023-10-23 09:26:30', '2023-10-23 09:26:30');
INSERT INTO `mnt_run_hours` (`id`, `ops_vessel_id`, `mnt_item_id`, `previous_run_hour`, `running_hour`, `present_run_hour`, `updated_on`, `business_unit`, `created_at`, `updated_at`) VALUES
(23, 2, 14, 2420, 25, 2445, '2023-10-23', 'TSLL', '2023-10-23 09:51:11', '2023-10-23 11:17:27'),
(25, 6, 3, 0, 0, 0, '2023-10-16', 'PSML', '2023-10-25 07:11:48', '2023-10-25 07:11:48'),
(26, 6, 3, 0, 0, 0, '2023-10-16', 'PSML', '2023-10-25 07:15:39', '2023-10-25 07:15:39'),
(28, 1, 8, 333, 0, 333, '2023-10-25', 'TSLL', '2023-10-25 09:44:39', '2023-10-25 09:44:39'),
(29, 1, 8, 333, 0, 333, '2023-10-25', 'TSLL', '2023-10-25 09:45:38', '2023-10-25 09:45:38'),
(30, 1, 8, 333, 0, 333, '2023-10-25', 'TSLL', '2023-10-25 09:47:56', '2023-10-25 09:47:56'),
(31, 6, 1, 0, 0, 0, '2023-10-16', 'PSML', '2023-10-25 10:20:39', '2023-10-25 10:20:39'),
(33, 6, 1, 0, 550, 550, '2023-10-25', 'PSML', '2023-10-25 10:22:23', '2023-10-25 10:22:42'),
(37, 6, 1, 550, 20, 570, '2023-11-07', 'PSML', '2023-11-07 04:41:07', '2023-11-07 04:41:07'),
(38, 6, 2, 1280, 20, 1300, '2023-11-07', 'PSML', '2023-11-07 04:41:07', '2023-11-07 04:41:07'),
(39, 6, 3, 2035, 20, 2055, '2023-11-07', 'PSML', '2023-11-07 04:41:08', '2023-11-07 04:41:08'),
(52, 6, 24, 0, 0, 2000, '2023-11-07', 'PSML', '2023-11-07 09:14:13', '2023-11-17 12:25:55'),
(53, 7, 1, 0, 0, 0, '2023-10-16', 'PSML', '2023-11-07 09:46:21', '2023-11-07 09:46:21'),
(60, 6, 7, 0, 0, 500, '2023-11-07', 'PSML', '2023-11-16 04:24:51', '2023-11-16 04:24:51'),
(61, 6, 4, 2000, 20, 2020, '2023-11-17', 'PSML', '2023-11-17 12:23:38', '2023-11-17 12:25:11'),
(66, 7, 1, 0, 500, 500, '2023-11-18', 'PSML', '2023-11-18 08:11:27', '2023-11-18 08:11:27'),
(69, 7, 1, 500, 500, 1000, '2023-11-19', 'PSML', '2023-11-19 07:01:15', '2023-11-19 07:01:15'),
(81, 7, 1, 1000, 200, 1200, '2023-11-19', 'PSML', '2023-11-19 11:05:09', '2023-11-19 11:05:09'),
(82, 6, 27, 0, 0, 2000, '2023-11-17', 'PSML', '2023-11-20 08:42:18', '2023-11-20 08:42:18'),
(83, 7, 1, 1200, 500, 1700, '2023-11-20', 'PSML', '2023-11-20 08:46:48', '2023-11-20 08:46:48'),
(84, 7, 1, 1700, 786, 2486, '2023-11-20', 'PSML', '2023-11-20 08:48:15', '2023-11-20 08:48:15'),
(85, 6, 27, 2000, 17020, 19020, '2023-11-23', 'PSML', '2023-11-23 04:30:06', '2023-11-23 04:30:06'),
(86, 7, 1, 2486, 500, 2986, '2023-11-26', 'PSML', '2023-11-26 10:34:46', '2023-11-26 10:34:46');

INSERT INTO `mnt_ship_departments` (`id`, `name`, `short_code`, `business_unit`, `created_at`, `updated_at`) VALUES
(1, 'Engine Department', 'EN', 'PSML', '2023-11-07 04:07:14', '2023-11-17 10:01:01');
INSERT INTO `mnt_ship_departments` (`id`, `name`, `short_code`, `business_unit`, `created_at`, `updated_at`) VALUES
(2, 'Deck Department', 'DCK', 'PSML', '2023-10-08 05:18:52', '2023-11-17 10:09:52');
INSERT INTO `mnt_ship_departments` (`id`, `name`, `short_code`, `business_unit`, `created_at`, `updated_at`) VALUES
(16, 'Maintenance', 'MNT', 'TSLL', '2023-10-23 04:06:03', '2023-10-23 04:06:03');
INSERT INTO `mnt_ship_departments` (`id`, `name`, `short_code`, `business_unit`, `created_at`, `updated_at`) VALUES
(35, 'Mechanical', 'MNC', 'PSML', '2023-11-19 06:56:38', '2023-11-19 06:56:38'),
(36, 'New Test Ship Department', 'NTSD', 'PSML', '2023-11-19 08:23:18', '2023-11-19 08:23:18'),
(37, 'New Test Ship Department Update', 'NTSDU', 'TSLL', '2023-11-19 08:28:17', '2023-11-19 08:28:28'),
(38, 'New Ship Department', 'NSD', 'PSML', '2023-11-20 04:12:50', '2023-11-20 04:12:50'),
(40, 'jyhi7', '54kj', 'PSML', '2023-11-20 04:23:49', '2023-11-20 04:23:49');

INSERT INTO `mnt_survey_items` (`id`, `item_name`, `created_at`, `updated_at`) VALUES
(1, 'Hull', '2023-11-14 10:55:21', '2023-11-14 10:55:21');
INSERT INTO `mnt_survey_items` (`id`, `item_name`, `created_at`, `updated_at`) VALUES
(2, 'Safcon', '2023-11-14 10:56:38', '2023-11-14 10:56:38');


INSERT INTO `mnt_survey_types` (`id`, `survey_type_name`, `due_period`, `window_period`, `created_at`, `updated_at`) VALUES
(1, 'Annual', '12 months', '4 months', '2023-11-14 11:09:47', '2023-11-14 11:09:47');




INSERT INTO `mnt_work_requisition_items` (`id`, `mnt_work_requisition_id`, `mnt_item_id`, `present_run_hour`, `created_at`, `updated_at`) VALUES
(9, 13, 13, NULL, '2023-10-31 08:33:07', '2023-10-31 08:33:07');
INSERT INTO `mnt_work_requisition_items` (`id`, `mnt_work_requisition_id`, `mnt_item_id`, `present_run_hour`, `created_at`, `updated_at`) VALUES
(10, 14, 1, NULL, '2023-11-01 07:05:32', '2023-11-01 07:05:32');
INSERT INTO `mnt_work_requisition_items` (`id`, `mnt_work_requisition_id`, `mnt_item_id`, `present_run_hour`, `created_at`, `updated_at`) VALUES
(12, 16, 8, NULL, '2023-11-01 11:37:20', '2023-11-01 11:37:20');
INSERT INTO `mnt_work_requisition_items` (`id`, `mnt_work_requisition_id`, `mnt_item_id`, `present_run_hour`, `created_at`, `updated_at`) VALUES
(17, 21, 2, 333, '2023-11-01 12:07:52', '2023-11-01 12:07:52'),
(21, 25, 3, 555, '2023-11-02 05:22:27', '2023-11-02 05:22:27'),
(24, 28, 3, NULL, '2023-11-07 10:56:10', '2023-11-07 10:56:10'),
(25, 29, 1, NULL, '2023-11-08 11:00:56', '2023-11-08 11:00:56'),
(26, 30, 1, NULL, '2023-11-09 06:31:51', '2023-11-09 06:31:51'),
(28, 32, 27, 19020, '2023-11-20 09:49:47', '2023-11-26 07:11:34'),
(29, 33, 2, 1300, '2023-11-20 10:46:50', '2023-11-20 10:47:56'),
(30, 34, 1, 2486, '2023-11-23 11:56:24', '2023-11-23 11:56:24'),
(31, 35, 1, 2486, '2023-11-26 06:08:20', '2023-11-26 06:08:20'),
(32, 36, 1, 2486, '2023-11-26 06:51:28', '2023-11-26 06:51:28'),
(33, 37, 1, 2486, '2023-11-26 07:02:52', '2023-11-26 07:02:52'),
(36, 40, 1, 2486, '2023-11-26 07:08:38', '2023-11-26 07:08:38'),
(37, 41, 1, 2486, '2023-11-26 07:27:44', '2023-11-26 07:27:44'),
(39, 43, 1, 2486, '2023-11-26 07:29:13', '2023-11-26 07:29:13'),
(40, 44, 1, 2486, '2023-11-26 07:31:58', '2023-11-26 07:31:58'),
(41, 45, 1, 2486, '2023-11-26 07:33:04', '2023-11-26 07:33:04'),
(42, 46, 1, 2486, '2023-11-26 08:41:21', '2023-11-26 08:41:21'),
(43, 47, 1, 2486, '2023-11-26 08:49:20', '2023-11-26 08:49:20'),
(44, 48, 1, 2986, '2023-11-26 10:20:13', '2023-11-26 11:01:01'),
(45, 49, 1, 2986, '2023-11-26 10:40:47', '2023-11-26 10:40:47');

INSERT INTO `mnt_work_requisition_lines` (`id`, `mnt_work_requisition_item_id`, `mnt_job_line_id`, `job_description`, `cycle`, `cycle_unit`, `min_limit`, `last_done`, `present_run_hour`, `previous_run_hour`, `next_due`, `start_date`, `completion_date`, `status`, `checking`, `replace`, `cleaning`, `remarks`, `created_at`, `updated_at`) VALUES
(7, 9, 29, NULL, NULL, NULL, NULL, '2023-08-16', NULL, NULL, NULL, NULL, NULL, 0, NULL, NULL, NULL, NULL, '2023-10-31 08:33:07', '2023-10-31 08:33:07');
INSERT INTO `mnt_work_requisition_lines` (`id`, `mnt_work_requisition_item_id`, `mnt_job_line_id`, `job_description`, `cycle`, `cycle_unit`, `min_limit`, `last_done`, `present_run_hour`, `previous_run_hour`, `next_due`, `start_date`, `completion_date`, `status`, `checking`, `replace`, `cleaning`, `remarks`, `created_at`, `updated_at`) VALUES
(8, 9, 30, NULL, NULL, NULL, NULL, '2023-10-09', NULL, NULL, NULL, NULL, NULL, 0, NULL, NULL, NULL, NULL, '2023-10-31 08:33:07', '2023-10-31 08:33:07');
INSERT INTO `mnt_work_requisition_lines` (`id`, `mnt_work_requisition_item_id`, `mnt_job_line_id`, `job_description`, `cycle`, `cycle_unit`, `min_limit`, `last_done`, `present_run_hour`, `previous_run_hour`, `next_due`, `start_date`, `completion_date`, `status`, `checking`, `replace`, `cleaning`, `remarks`, `created_at`, `updated_at`) VALUES
(12, 12, 21, 'aaaa', NULL, NULL, NULL, '2023-10-18', NULL, NULL, NULL, '2023-11-02', NULL, 1, 1, 0, 1, NULL, '2023-11-01 11:37:20', '2023-11-09 05:46:11');
INSERT INTO `mnt_work_requisition_lines` (`id`, `mnt_work_requisition_item_id`, `mnt_job_line_id`, `job_description`, `cycle`, `cycle_unit`, `min_limit`, `last_done`, `present_run_hour`, `previous_run_hour`, `next_due`, `start_date`, `completion_date`, `status`, `checking`, `replace`, `cleaning`, `remarks`, `created_at`, `updated_at`) VALUES
(13, 12, 22, 'bbbb', NULL, NULL, NULL, '2023-10-18', NULL, NULL, NULL, '2023-11-09', NULL, 1, 1, 0, 1, NULL, '2023-11-01 11:37:20', '2023-11-09 05:46:59'),
(14, 17, 12, 'khkkj', 2000, 'Hours', 1800, NULL, 1280, 0, NULL, '2023-11-06', '2023-11-08', 2, 1, 1, 1, NULL, '2023-11-01 12:07:52', '2023-11-23 09:02:54'),
(15, 17, 13, 'jkhkiuiijhkjh', 2, 'Weeks', 1, NULL, 1280, NULL, NULL, '2023-11-30', '2023-12-01', 2, 1, 1, 0, NULL, '2023-11-01 12:07:52', '2023-11-23 09:49:21'),
(16, 21, 14, 'iuyuiyiuy', 6, 'Months', 5, NULL, 2035, NULL, NULL, NULL, NULL, 0, 0, 0, 0, NULL, '2023-11-02 05:22:27', '2023-11-06 11:30:36'),
(19, 24, 14, 'iuyuiyiuy', 6, 'Months', 5, NULL, 2055, 2035, NULL, '2023-11-20', NULL, 1, 1, 1, 1, 'ddsfdffds', '2023-11-07 10:56:10', '2023-11-23 11:07:34'),
(20, 25, 44, 'df', 50, 'Hours', 41, '2023-11-07', 0, 0, NULL, NULL, NULL, 0, NULL, NULL, NULL, NULL, '2023-11-08 11:00:57', '2023-11-08 11:00:57'),
(21, 26, 44, 'df', 50, 'Hours', 41, '2023-11-07', 0, 0, NULL, NULL, NULL, 0, NULL, NULL, NULL, NULL, '2023-11-09 06:31:51', '2023-11-09 06:31:51'),
(47, 29, 12, 'khkkj', 2000, 'Hours', 1200, '2023-10-29', 1300, 1280, NULL, NULL, NULL, 0, NULL, NULL, NULL, NULL, '2023-11-22 04:33:34', '2023-11-22 04:33:34'),
(50, 30, 44, 'df', 50, 'Hours', 41, '2023-11-07', 2486, 0, NULL, NULL, NULL, 0, NULL, NULL, NULL, NULL, '2023-11-23 11:59:17', '2023-11-23 11:59:17'),
(52, 31, 44, 'df', 50, 'Hours', 41, '2023-11-07', 2486, 0, '36', NULL, NULL, 0, NULL, NULL, NULL, NULL, '2023-11-26 06:27:36', '2023-11-26 06:27:36'),
(54, 32, 44, 'df', 50, 'Hours', 41, '2023-11-07', 2486, 0, '36', NULL, NULL, 0, NULL, NULL, NULL, NULL, '2023-11-26 06:52:06', '2023-11-26 06:52:06'),
(55, 33, 44, 'df', 50, 'Hours', 41, '2023-11-07', 2486, 0, '36', NULL, NULL, 0, NULL, NULL, NULL, NULL, '2023-11-26 07:02:52', '2023-11-26 07:02:52'),
(62, 36, 44, 'df', 50, 'Hours', 41, '2023-11-07', 2486, 0, '-2486', NULL, NULL, 0, NULL, NULL, NULL, NULL, '2023-11-26 07:14:55', '2023-11-26 07:14:55'),
(64, 28, 60, 'main bearing survey  inspection 2', 100, 'Days', 90, '2023-10-31', 19020, 0, '2024-02-08', NULL, NULL, 0, NULL, NULL, NULL, NULL, '2023-11-26 07:22:15', '2023-11-26 07:22:15'),
(65, 37, 44, 'df', 50, 'Hours', 41, '2023-11-07', 2486, 0, '36', NULL, NULL, 0, NULL, NULL, NULL, NULL, '2023-11-26 07:27:44', '2023-11-26 07:27:44'),
(66, 39, 44, 'df', 50, 'Hours', 41, '2023-11-07', 2486, 0, '36', NULL, NULL, NULL, NULL, NULL, NULL, NULL, '2023-11-26 07:29:13', '2023-11-26 07:29:13'),
(67, 40, 44, 'df', 50, 'Hours', 41, '2023-11-07', 2486, 0, '36', NULL, NULL, NULL, NULL, NULL, NULL, NULL, '2023-11-26 07:31:58', '2023-11-26 07:31:58'),
(68, 41, 44, 'df', 50, 'Hours', 41, '2023-11-07', 2486, 0, '36', NULL, NULL, NULL, NULL, NULL, NULL, NULL, '2023-11-26 07:33:04', '2023-11-26 07:33:04'),
(69, 42, 44, 'df', 50, 'Hours', 41, '2023-11-07', 2486, 0, '36', NULL, NULL, NULL, NULL, NULL, NULL, NULL, '2023-11-26 08:41:21', '2023-11-26 08:41:21'),
(71, 43, 44, 'df', 50, 'Hours', 41, '2023-11-07', 2486, 0, '36', NULL, NULL, 0, 0, 0, 0, NULL, '2023-11-26 09:56:22', '2023-11-26 09:57:19'),
(75, 45, 44, 'df', 50, 'Hours', 41, NULL, 2986, 2486, '-500', '2023-11-16', '2023-11-29', 2, 0, 0, 0, 'hk536', '2023-11-26 10:41:06', '2023-11-26 10:48:28'),
(76, 44, 44, 'df', 50, 'Hours', 41, NULL, 2486, 2486, '14', NULL, NULL, 0, 0, 0, 0, NULL, '2023-11-26 11:01:01', '2023-11-26 11:01:01');

INSERT INTO `mnt_work_requisition_materials` (`id`, `mnt_work_requisition_id`, `material_name_and_code`, `specification`, `unit`, `quantity`, `remarks`, `created_at`, `updated_at`) VALUES
(1, 25, 'Tv - tv-001', NULL, 'KG', 0, NULL, '2023-11-06 07:19:16', '2023-11-06 07:19:16');
INSERT INTO `mnt_work_requisition_materials` (`id`, `mnt_work_requisition_id`, `material_name_and_code`, `specification`, `unit`, `quantity`, `remarks`, `created_at`, `updated_at`) VALUES
(2, 21, 'Screw - scr-50', 'Something olddd', 'Liter', 2, 'NA', '2023-11-06 07:28:10', '2023-11-23 09:47:59');
INSERT INTO `mnt_work_requisition_materials` (`id`, `mnt_work_requisition_id`, `material_name_and_code`, `specification`, `unit`, `quantity`, `remarks`, `created_at`, `updated_at`) VALUES
(3, 25, 'Screw - scr-50', NULL, 'Liter', 5, NULL, '2023-11-06 11:32:23', '2023-11-06 11:32:23');
INSERT INTO `mnt_work_requisition_materials` (`id`, `mnt_work_requisition_id`, `material_name_and_code`, `specification`, `unit`, `quantity`, `remarks`, `created_at`, `updated_at`) VALUES
(4, 21, 'Diesel - dis-002', 'Diesel of MJLimited', 'Liter', 5, NULL, '2023-11-08 04:36:42', '2023-11-23 09:47:59'),
(5, 28, 'Sheila Faulkner - Magna est officia an', 'jkhkjhkjh', 'Meter', 10, NULL, '2023-11-23 09:38:40', '2023-11-23 11:07:34'),
(6, 49, 'Octane - oc-987', 'badsghjg', 'KG', 50, NULL, '2023-11-26 10:48:28', '2023-11-26 10:48:28'),
(7, 49, 'Octane - oc-987', 'dsadasdsa', 'KG', 20, NULL, '2023-11-26 10:48:28', '2023-11-26 10:48:28'),
(8, 49, 'Keyboard - 1234', 'ads', 'Pieces', 50, NULL, '2023-11-26 10:48:28', '2023-11-26 10:48:28');

INSERT INTO `mnt_work_requisitions` (`id`, `reference_no`, `ops_vessel_id`, `assigned_to`, `responsible_person`, `scm_vendor_id`, `maintenance_type`, `requisition_date`, `priority`, `est_start_date`, `est_completion_date`, `act_start_date`, `act_completion_date`, `status`, `business_unit`, `created_at`, `updated_at`) VALUES
(13, '342', 2, 'Team', 'Rahim', NULL, 'Schedule', '2023-10-30', NULL, '2023-10-17', '2023-10-31', NULL, NULL, 0, 'TSLL', '2023-10-31 08:33:07', '2023-10-31 08:33:07');
INSERT INTO `mnt_work_requisitions` (`id`, `reference_no`, `ops_vessel_id`, `assigned_to`, `responsible_person`, `scm_vendor_id`, `maintenance_type`, `requisition_date`, `priority`, `est_start_date`, `est_completion_date`, `act_start_date`, `act_completion_date`, `status`, `business_unit`, `created_at`, `updated_at`) VALUES
(14, 'WR/PSML/23/11/001', 6, 'Team', 'Rahim', NULL, 'Schedule', '2023-11-01', NULL, '2023-11-15', '2023-11-23', '2023-11-09', NULL, 1, 'PSML', '2023-11-01 07:05:32', '2023-11-09 05:57:49');
INSERT INTO `mnt_work_requisitions` (`id`, `reference_no`, `ops_vessel_id`, `assigned_to`, `responsible_person`, `scm_vendor_id`, `maintenance_type`, `requisition_date`, `priority`, `est_start_date`, `est_completion_date`, `act_start_date`, `act_completion_date`, `status`, `business_unit`, `created_at`, `updated_at`) VALUES
(16, 'New', 1, 'Team', 'Rahim', NULL, 'Schedule', '2023-11-01', NULL, '2023-11-01', '2023-11-01', '2023-11-07', NULL, 1, 'TSLL', '2023-11-01 11:37:19', '2023-11-09 05:56:14');
INSERT INTO `mnt_work_requisitions` (`id`, `reference_no`, `ops_vessel_id`, `assigned_to`, `responsible_person`, `scm_vendor_id`, `maintenance_type`, `requisition_date`, `priority`, `est_start_date`, `est_completion_date`, `act_start_date`, `act_completion_date`, `status`, `business_unit`, `created_at`, `updated_at`) VALUES
(21, 'khjhk', 6, 'Team', 'Rahim', NULL, 'Schedule', '2023-11-01', NULL, '2023-11-15', '2023-11-22', '2023-11-06', '2023-11-23', 2, 'PSML', '2023-11-01 12:07:52', '2023-11-23 09:49:21'),
(25, 'khkjhkjhkj', 6, 'Team', 'Rahim', NULL, 'Schedule', '2023-11-02', NULL, '2023-11-23', '2023-11-30', '2023-10-29', '2023-11-07', 2, 'PSML', '2023-11-02 05:22:27', '2023-11-06 11:32:23'),
(28, 'asdfgh', 6, 'Team', 'Rahim', NULL, 'Schedule', '2023-11-07', NULL, '2023-11-28', '2023-12-01', '2023-11-07', NULL, 1, 'PSML', '2023-11-07 10:56:10', '2023-11-23 05:32:13'),
(29, 'gfff', 7, 'Team', 'Rahim', NULL, 'Schedule', '2023-11-07', NULL, '2023-10-31', '2023-11-16', NULL, NULL, 0, 'PSML', '2023-11-08 11:00:56', '2023-11-08 11:00:56'),
(30, 'erer', 7, 'Team', 'Rahim', NULL, 'Schedule', '2023-11-01', NULL, '2023-11-08', '2023-11-24', NULL, NULL, 0, 'PSML', '2023-11-09 06:31:51', '2023-11-09 06:31:51'),
(32, 'PSML/MNT/11-001', 6, 'Team', 'Rahim', NULL, 'Dry Dock', '2023-11-20', NULL, '2023-11-27', '2023-11-30', NULL, NULL, 0, 'PSML', '2023-11-20 09:49:47', '2023-11-20 11:04:03'),
(33, '456mlk', 6, 'Team', 'Rahim', NULL, 'Schedule', '2023-11-01', NULL, '2023-11-07', '2023-11-15', NULL, NULL, 0, 'PSML', '2023-11-20 10:46:50', '2023-11-20 10:47:56'),
(34, 'hhashj', 7, 'Team', 'Master - Name - 2', NULL, 'Schedule', '2023-11-15', NULL, '2023-11-22', '2023-11-24', NULL, NULL, 0, 'PSML', '2023-11-23 11:56:24', '2023-11-23 11:59:17'),
(35, 'hggg7454', 7, 'Vendor', 'Master - Alice Smith', NULL, 'Schedule', '2023-11-02', NULL, '2023-11-09', '2023-12-01', NULL, NULL, 0, 'PSML', '2023-11-26 06:08:20', '2023-11-26 06:08:20'),
(36, 'k54', 7, 'Team', 'Master - Name - 2', NULL, 'Schedule', '2023-12-02', NULL, '2023-12-06', '2023-12-15', NULL, NULL, 1, 'PSML', '2023-11-26 06:51:28', '2023-11-26 06:52:06'),
(37, 'sa', 7, 'Team', 'Master - Alice Smith', NULL, 'Schedule', '2023-11-02', NULL, '2023-11-02', '2023-11-04', NULL, NULL, 0, 'PSML', '2023-11-26 07:02:52', '2023-11-26 07:02:52'),
(40, 'weq', 7, 'Team', 'Master - Alice Smith', NULL, 'Schedule', '2023-11-03', NULL, '2023-11-08', '2023-11-17', NULL, NULL, 0, 'PSML', '2023-11-26 07:08:38', '2023-11-26 07:08:38'),
(41, 'jguy', 7, 'Team', 'Master - Alice Smith', NULL, 'Schedule', '2023-11-03', NULL, '2023-11-08', '2023-11-23', NULL, NULL, 0, 'PSML', '2023-11-26 07:27:44', '2023-11-26 07:27:44'),
(43, 'yuu', 7, 'Team', 'Master - Alice Smith', NULL, 'Schedule', '2023-11-03', NULL, '2023-11-15', '2023-11-23', NULL, NULL, 0, 'PSML', '2023-11-26 07:29:13', '2023-11-26 07:29:13'),
(44, 'jh86', 7, 'Team', 'Master - Alice Smith', NULL, 'Schedule', '2023-11-17', NULL, '2023-11-24', '2023-11-30', NULL, NULL, 0, 'PSML', '2023-11-26 07:31:58', '2023-11-26 07:31:58'),
(45, 'dass', 7, 'Team', 'Master - Alice Smith', NULL, 'Schedule', '2023-11-08', NULL, '2023-11-16', '2023-11-24', NULL, NULL, 0, 'PSML', '2023-11-26 07:33:04', '2023-11-26 07:33:04'),
(46, 'ref test', 7, 'Team', 'Master - Hussain Mohammad Shahidullah Jaber', NULL, 'Breakdown', '2023-11-16', NULL, '2023-11-20', '2023-11-29', NULL, NULL, 0, 'PSML', '2023-11-26 08:41:21', '2023-11-26 08:41:21'),
(47, 'ur', 7, 'Team', 'Master - Alice Smith', NULL, 'Schedule', '2023-11-09', NULL, '2023-11-09', '2023-12-01', NULL, NULL, 1, 'PSML', '2023-11-26 08:49:20', '2023-11-26 10:18:52'),
(48, 'ref001', 7, 'Team', 'Master-2nd Class - Regina Burks', NULL, 'Schedule', '2023-11-02', NULL, '2023-11-10', '2023-11-23', NULL, NULL, 0, 'PSML', '2023-11-26 10:20:13', '2023-11-26 11:01:01'),
(49, 'ref123', 7, 'Team', 'Master-2nd Class - Regina Burks', NULL, 'Schedule', '2023-11-09', NULL, '2023-11-10', '2023-11-24', '2023-11-10', '2023-11-30', 2, 'PSML', '2023-11-26 10:40:47', '2023-11-26 10:48:28');



INSERT INTO `model_has_roles` (`role_id`, `model_type`, `model_id`) VALUES
(3, 'App\\Models\\User', 1);
INSERT INTO `model_has_roles` (`role_id`, `model_type`, `model_id`) VALUES
(1, 'App\\Models\\User', 6);
INSERT INTO `model_has_roles` (`role_id`, `model_type`, `model_id`) VALUES
(1, 'App\\Models\\User', 9);
INSERT INTO `model_has_roles` (`role_id`, `model_type`, `model_id`) VALUES
(1, 'App\\Models\\User', 10),
(1, 'App\\Models\\User', 13);

INSERT INTO `oauth_access_tokens` (`id`, `user_id`, `client_id`, `name`, `scopes`, `revoked`, `created_at`, `updated_at`, `expires_at`) VALUES
('011f788d873f4dfed599e1a86d34be11036bc163707f7768957019c4c2124c615d79fee20ba5b9c2', 1, 2, NULL, '[]', 0, '2023-08-27 08:40:55', '2023-08-27 08:40:55', '2024-08-27 08:40:55');
INSERT INTO `oauth_access_tokens` (`id`, `user_id`, `client_id`, `name`, `scopes`, `revoked`, `created_at`, `updated_at`, `expires_at`) VALUES
('01ff961d9a209e9d43d01893298c85070db29169b40e4545ac75b14ec6c36e2352a8114a96984203', 6, 2, NULL, '[]', 0, '2023-10-31 12:00:26', '2023-10-31 12:00:26', '2024-10-31 12:00:26');
INSERT INTO `oauth_access_tokens` (`id`, `user_id`, `client_id`, `name`, `scopes`, `revoked`, `created_at`, `updated_at`, `expires_at`) VALUES
('02de74eaf720bb4f1b53e3cbaffbb4246a950ac5e1487030a99da23ba7f66a2f6aa8b1d79a9de06e', 9, 2, NULL, '[]', 0, '2023-11-17 09:59:19', '2023-11-17 09:59:19', '2024-11-17 09:59:19');
INSERT INTO `oauth_access_tokens` (`id`, `user_id`, `client_id`, `name`, `scopes`, `revoked`, `created_at`, `updated_at`, `expires_at`) VALUES
('03d8c74b21fefe51242d11f07166461b629358cb8a9b7fb6dd15323c5a0deab8ffab20c97b7fa13a', 6, 2, NULL, '[]', 0, '2023-11-05 10:50:40', '2023-11-05 10:50:40', '2024-11-05 10:50:40'),
('03ebd39faf7ed460c1364e1364c94a93034e2b717ade297b08811174e226776cc9e22b458b4ab5a4', 6, 2, NULL, '[]', 0, '2023-10-30 04:39:58', '2023-10-30 04:39:58', '2024-10-30 04:39:58'),
('03fd007e51f02ade1217276f72c287fcd8ee1f179c7679c02834bd05db744c0c111a7343ad415995', 6, 2, NULL, '[]', 0, '2023-10-18 09:31:08', '2023-10-18 09:31:08', '2024-10-18 09:31:08'),
('042f0c248b928ae6e916b4b3d2cbf4d22fb0c5d913f9d0e14e9f6fda3e61f710a5173ce119f18799', 6, 2, NULL, '[]', 0, '2023-11-02 05:55:35', '2023-11-02 05:55:35', '2024-11-02 05:55:35'),
('04e582155e801d090d8051982006be2e663961199cbbcae4581fb11f913c525cc5ca5a1b2de71223', 6, 2, NULL, '[]', 0, '2023-10-25 10:59:04', '2023-10-25 10:59:04', '2024-10-25 10:59:04'),
('04f1baab1b573e620a275c11a53b2b183f5e0de17705312c96d9dc4d8a187a480cc93b2309fe9319', 1, 2, NULL, '[]', 0, '2023-08-27 08:25:58', '2023-08-27 08:25:58', '2024-08-27 08:25:58'),
('059e2cd23def5aaff8065f115f1607a45a6d3c5b359b647c789313a80600514f3b683900d117a681', 6, 2, NULL, '[]', 0, '2023-11-16 11:15:55', '2023-11-16 11:15:55', '2024-11-16 11:15:55'),
('05a098c743301e2d35b45dba304970ae38cdac27c2b2d9633e6e9741a8b10022996b84bac532aea9', 1, 2, NULL, '[]', 0, '2023-08-28 04:12:19', '2023-08-28 04:12:19', '2024-08-28 04:12:19'),
('05aaa9fef7c7c375c974343c23c7816282199c2884b854bf2bf7948dca15303e59f054f867f85975', 6, 2, NULL, '[]', 0, '2023-10-08 04:27:11', '2023-10-08 04:27:11', '2024-10-08 04:27:11'),
('05de34062668a1afc2fd1e705e8a25511ba483021d4cb261cd5893ee7a810ebabd0de83abe8ed693', 6, 2, NULL, '[]', 0, '2023-11-12 04:30:44', '2023-11-12 04:30:44', '2024-11-12 04:30:44'),
('05faf86b79e87daf2c2ff67f3042b5866ff5294a3838ebd3684c3ab2a53cc1b4f7efda1672cbf0a3', 6, 2, NULL, '[]', 0, '2023-10-11 06:25:51', '2023-10-11 06:25:51', '2024-10-11 06:25:51'),
('063000eaabbe99610d164c19b3739577c4bc1526e85595d2f8981a71dbb34d36d013c14c8275f06f', 9, 2, NULL, '[]', 0, '2023-11-21 10:20:44', '2023-11-21 10:20:44', '2024-11-21 10:20:44'),
('06a91db30d58de2c76c2d11feee6f3ec1a20c3e9275a39caf0c3ff468c74120c80e0fb29210249e7', 6, 2, NULL, '[]', 0, '2023-10-31 06:50:06', '2023-10-31 06:50:06', '2024-10-31 06:50:06'),
('077a57ca610c794254f2de38291d2fb96c14e7730a6d5c462da571ec98302dd578db149d0cea9ddd', 6, 2, NULL, '[]', 0, '2023-11-16 05:24:11', '2023-11-16 05:24:11', '2024-11-16 05:24:11'),
('079b3555f3f177dce18430d40595f964e22556e8b743a5acc707b748266bd1652d8af734ef94fc8f', 6, 2, NULL, '[]', 0, '2023-11-19 11:57:21', '2023-11-19 11:57:21', '2024-11-19 11:57:21'),
('084d1e960d9d407864abd63f14f76588097c2a982c1b83f8240b24e9752487bb6a00e623fd062695', 9, 2, NULL, '[]', 0, '2023-11-20 12:00:01', '2023-11-20 12:00:01', '2024-11-20 12:00:01'),
('0874866b8349e0473d7b76fd97e4ca74dabfa5248117b156ec36301a207773b411e39c0f0cc04511', 6, 2, NULL, '[]', 0, '2023-11-22 11:55:04', '2023-11-22 11:55:04', '2024-11-22 11:55:04'),
('088f38e84fe69733690294a0794d516412f035c7cf11298cf0f813535a85ab6f27224650b199bdf9', 2, 2, NULL, '[]', 0, '2023-10-23 05:54:19', '2023-10-23 05:54:19', '2024-10-23 05:54:19'),
('09db43c28995eced273d77615497a55d519000baaf8deb52dea5381f09d66fb75f0c5ed497aa822d', 6, 2, NULL, '[]', 0, '2023-10-16 08:51:20', '2023-10-16 08:51:20', '2024-10-16 08:51:20'),
('0a31927be4d6d24cbc16296ff685c3f35e046def82ef45c0538fe73086d14e8d8d3189075c06a6b2', 6, 2, NULL, '[]', 0, '2023-11-15 10:52:14', '2023-11-15 10:52:14', '2024-11-15 10:52:14'),
('0a37fd471b2cbf82e33c355bfe26576641ccc9c4f6dc62d78b7f2b45f20edd95c655f2859249cd41', 6, 2, NULL, '[]', 0, '2023-11-17 10:11:53', '2023-11-17 10:11:53', '2024-11-17 10:11:53'),
('0ae6e504ca389d609ce96295dd88d8f0b9c004a363d24208eb230163aae58c3181916ab3af4415a0', 6, 2, NULL, '[]', 0, '2023-10-03 04:33:29', '2023-10-03 04:33:29', '2024-10-03 04:33:29'),
('0c30df8109f3df5d19d0e7a3d7e61f1845bac39497a20ec7267f4c630db2a83bf37c6dca465d599e', 6, 2, NULL, '[]', 0, '2023-11-17 04:23:56', '2023-11-17 04:23:56', '2024-11-17 04:23:56'),
('0c889237762f9981b0337d79048c2231154658f7fc9de6f6a52b05b6296f9b70ed6e9f3211486faa', 6, 2, NULL, '[]', 0, '2023-10-22 05:44:19', '2023-10-22 05:44:19', '2024-10-22 05:44:19'),
('0cfc3b32b55c9366a6c0cc97d63d1b0b378800261129f9292c9ae67066ad52d9cf91a912ae4df3e0', 1, 2, NULL, '[]', 0, '2023-08-27 11:13:20', '2023-08-27 11:13:20', '2024-08-27 11:13:20'),
('0d4c46a2d43329f98e81d2a73e4ec35c30a08a9905104630dcdc14735c98133ce094b163c8d6e42b', 6, 2, NULL, '[]', 0, '2023-10-08 04:45:05', '2023-10-08 04:45:05', '2024-10-08 04:45:05'),
('0d6d6d2956522fd7150df0b1b088f145e9c1e7038eca44c2454c74aab11a7e01f9d872aee970141f', 6, 2, NULL, '[]', 0, '2023-11-21 05:36:55', '2023-11-21 05:36:55', '2024-11-21 05:36:55'),
('0e256a393468ff5b82860c4f5eb65bdc01a34203dee8c6fb6e439c7c6d5f11c3f1c42784a9daaa80', 6, 2, NULL, '[]', 0, '2023-10-30 09:53:17', '2023-10-30 09:53:17', '2024-10-30 09:53:17'),
('0e592f19b6b62ca6b8ef2cd10fb7219a56aeeb03f1269f478e27550b59c9a0ee27feace72c78a46a', 6, 2, NULL, '[]', 0, '2023-11-13 05:38:21', '2023-11-13 05:38:21', '2024-11-13 05:38:21'),
('0ec041c9177485973ba0c04a4e90d0bb67dfbef20533771b4712b35aad2b9607fbd4afd62378a85d', 6, 2, NULL, '[]', 0, '2023-11-16 05:29:05', '2023-11-16 05:29:05', '2024-11-16 05:29:05'),
('0ecb02b29ea754384641271a0b9a465316c0bf742fdf85ec14ca5e4126a80d745890df9b3f9c92b7', 6, 2, NULL, '[]', 0, '2023-11-06 04:17:15', '2023-11-06 04:17:15', '2024-11-06 04:17:15'),
('0ef815641e82daece3b913744bc63582d5ace329b66e358461b2acf4407221d112e087244d7f91e5', 6, 2, NULL, '[]', 0, '2023-11-17 11:28:40', '2023-11-17 11:28:40', '2024-11-17 11:28:40'),
('0f42436c5cbb57e1ac9c0d8296a2bd0334b94ccc5ecf7127f091bd9a8ad78bc9fce0eeacfddbb95d', 6, 2, NULL, '[]', 0, '2023-11-02 17:56:13', '2023-11-02 17:56:13', '2024-11-02 17:56:13'),
('0f73408b0cf45dec24f7a3864b802a5b1831ea903ab72789f3e87625e335d0299b98b6df5d7c274f', 6, 2, NULL, '[]', 0, '2023-11-04 15:35:08', '2023-11-04 15:35:08', '2024-11-04 15:35:08'),
('0f7e1ce7bc8d0e38c7b8c0234210d6b68fae2c7db1840e92a45b0ad99881f8551a52d54f0e0ff7c6', 6, 2, NULL, '[]', 0, '2023-11-27 08:31:29', '2023-11-27 08:31:29', '2024-11-27 08:31:29'),
('0f7e93218ed603524386b3669d306cd1d0287db2065e8237fb3aef3c75b4ceb516bdc92006dd7665', 6, 2, NULL, '[]', 0, '2023-10-09 05:20:12', '2023-10-09 05:20:12', '2024-10-09 05:20:12'),
('0faf5ff4d7182a6daf0e0b5aea18b2d1e5841d08bf917f75919fb2c69fd498bc283ce0611630fed0', 6, 2, NULL, '[]', 0, '2023-10-04 05:35:01', '2023-10-04 05:35:01', '2024-10-04 05:35:01'),
('103896eac242cf8e8979d8715bbc64aa01bbc90e4fb6cc8e95d6005769616b2f8000e3fc2a208442', 2, 2, NULL, '[]', 0, '2023-11-14 08:09:30', '2023-11-14 08:09:30', '2024-11-14 08:09:30'),
('10b4545202718048d68c87467d88154a07e6b6f05a5db5d953a37b54cf68046796632477ec2cab76', 6, 2, NULL, '[]', 0, '2023-10-31 03:55:45', '2023-10-31 03:55:45', '2024-10-31 03:55:45'),
('1204d561f4000aff71d6d2af51729549bd059ce65153b810ca8f0a4eee447856c1528ab1ef21ba96', 2, 2, NULL, '[]', 0, '2023-10-15 04:06:48', '2023-10-15 04:06:48', '2024-10-15 04:06:48'),
('124972e91f63e7c4f031336ae0b1c1c971caea8304af0dea79c923336e8705b6af57ae48cfd469d6', 6, 2, NULL, '[]', 0, '2023-11-12 04:29:33', '2023-11-12 04:29:33', '2024-11-12 04:29:33'),
('12b5334d9cb395e56305af2873c40fab43dbbdc6f71af6692e45fefdbe764b79c28af0da996f7166', 6, 2, NULL, '[]', 0, '2023-11-17 05:35:13', '2023-11-17 05:35:13', '2024-11-17 05:35:13'),
('131503d829a953c4cb1fd4a193e85033846e8763db9de91c3725b1e640fd08da407ff2cc62d8b87f', 9, 2, NULL, '[]', 0, '2023-11-17 11:20:55', '2023-11-17 11:20:55', '2024-11-17 11:20:55'),
('13201020cd1c08dd59eeddb394cdb4c26d1fe9902749841cafad8d8e11f1b986b0511ea353250254', 6, 2, NULL, '[]', 0, '2023-11-17 13:14:43', '2023-11-17 13:14:43', '2024-11-17 13:14:43'),
('1410f248d2313e05940f1b0fb76a97d300d6542368ff6792679ed44d173dbdbc44cf39549bbbc74f', 1, 2, NULL, '[]', 0, '2023-10-01 08:23:18', '2023-10-01 08:23:18', '2024-10-01 08:23:18'),
('146b2ae057d7cb272f6b69c7ca6330bbadd312116fa022395d986ea87707bb31003ef45f0276303e', 6, 2, NULL, '[]', 0, '2023-11-05 11:48:06', '2023-11-05 11:48:06', '2024-11-05 11:48:06'),
('15342d20b0c6ff7cc6ca89d61ed61520a3d0a1177a86296ce5439ac8e2a0b9b479a7ba5228a6237e', 6, 2, NULL, '[]', 0, '2023-10-17 06:19:34', '2023-10-17 06:19:34', '2024-10-17 06:19:34'),
('15538c32c11b6988efc76048750766842c082b214e971dbc1f1e6c1e379d90f4175d53e300b28bd6', 6, 2, NULL, '[]', 0, '2023-11-16 04:02:34', '2023-11-16 04:02:34', '2024-11-16 04:02:34'),
('1559c1daff1fbf3b6f6f509a53f73b51a38115dfcd32b4b3f6ac70822b69127888a7c78494227f66', 6, 2, NULL, '[]', 0, '2023-10-11 06:24:05', '2023-10-11 06:24:05', '2024-10-11 06:24:05'),
('1598faf3eeece4bffe08cb006dc5c7988b92f5bf13ff2bae20a4400d083c016aa26687cbe357cbae', 6, 2, NULL, '[]', 0, '2023-10-15 04:31:20', '2023-10-15 04:31:20', '2024-10-15 04:31:20'),
('169774d2079d00b77cd39f8dd14a7f181bc64e0c0a6be6581e1810bca6a00dd4dd5b7d29308d8917', 1, 2, NULL, '[]', 0, '2023-09-27 05:11:32', '2023-09-27 05:11:32', '2024-09-27 05:11:32'),
('171cb7ba77a93e8ac1c2cc47c7b4358db1a94f8a929c499e2c72ee699051bab5f70e3f1339e81c6c', 6, 2, NULL, '[]', 0, '2023-11-26 06:45:35', '2023-11-26 06:45:35', '2024-11-26 06:45:35'),
('1722436a375442b166824799937770b7abf7cec94e08587ee208faf3ef7d36ad214b2c60f0aaa197', 6, 2, NULL, '[]', 0, '2023-11-17 10:10:35', '2023-11-17 10:10:35', '2024-11-17 10:10:35'),
('1791d7d66ac9a7bdddeb11aba0b2d5c5b0d3a707d32a2d7e8138523f8533011c2ac2140f315ebcec', 6, 2, NULL, '[]', 0, '2023-11-27 03:51:57', '2023-11-27 03:51:57', '2024-11-27 03:51:57'),
('1799f8c3f3454ff4a62e4aae09de8b93d2515402baabff4f0667864ce0e0e6677563edb8b255c6e0', 6, 2, NULL, '[]', 0, '2023-11-16 05:05:01', '2023-11-16 05:05:01', '2024-11-16 05:05:01'),
('17ed1752b28c972a08d9a350d5e7c1dea03245e7eb5ca2dc45c82cc72f84fac15ded6db98fd8b77d', 9, 2, NULL, '[]', 0, '2023-11-05 10:09:05', '2023-11-05 10:09:05', '2024-11-05 10:09:05'),
('186ea4db834b2aedbe7901123d9b9b6949a280cb402da0329d8bfb5a6f85535b5afeee2321e20e13', 6, 2, NULL, '[]', 0, '2023-11-01 06:41:50', '2023-11-01 06:41:50', '2024-11-01 06:41:50'),
('1870a58225e9487ac17e61de83c7c6886fcd87a9fe5c8318af2cb0e61e046219b7ec902ec1c79577', 6, 2, NULL, '[]', 0, '2023-11-12 06:11:19', '2023-11-12 06:11:19', '2024-11-12 06:11:19'),
('188070b6c08c0b177a6188b291c8f36408f791aeb10e2cea6293a3c272340717ab8793e98fc2082a', 6, 2, NULL, '[]', 0, '2023-10-12 09:18:04', '2023-10-12 09:18:04', '2024-10-12 09:18:04'),
('18b1219b28007739374f530c0628f48fb9dbad1d49ac2a2bb0d332ee3a24dace276685ef2fe62708', 6, 2, NULL, '[]', 0, '2023-11-17 08:53:45', '2023-11-17 08:53:45', '2024-11-17 08:53:45'),
('18e8600006233136b576bd73c99114004fa7b87c0ad9953600aa239f9fbc2ef9161fbf4314fd394e', 1, 2, NULL, '[]', 0, '2023-09-17 04:48:20', '2023-09-17 04:48:20', '2024-09-17 04:48:20'),
('18ed873c3201ab581a9599bda2254a190c5ff7ffe71ac3ba22b4d6fff59c3de2ad790b25830f09cd', 6, 2, NULL, '[]', 0, '2023-11-14 05:52:41', '2023-11-14 05:52:41', '2024-11-14 05:52:41'),
('1a735e9e899f082a6460ee35ac66d5966a63c4eec6c27c3e47000d4fb26d695d1cc2b1acfe3b3cb1', 6, 2, NULL, '[]', 0, '2023-11-12 06:18:35', '2023-11-12 06:18:35', '2024-11-12 06:18:35'),
('1b1602b58be1338abbebd57b46599cde0241769cd106cc78e63f00faa599256ab08be050c187417d', 6, 2, NULL, '[]', 0, '2023-10-25 03:57:38', '2023-10-25 03:57:38', '2024-10-25 03:57:38'),
('1bc5febbdc477a59c74ce5c71ca2ae3c89c9e4288dcfe73f085aa8548c2b70f6eae3994542b2fa7a', 6, 2, NULL, '[]', 0, '2023-10-22 04:59:50', '2023-10-22 04:59:50', '2024-10-22 04:59:50'),
('1bfeb0985dbf12384305c08db37d1add35c05c64d911217557410e8750aa266c07549da1e991f965', 6, 2, NULL, '[]', 0, '2023-11-26 03:59:03', '2023-11-26 03:59:03', '2024-11-26 03:59:03'),
('1c551754a6d688909712dd6011c7a614d94dc0f84df5b8dc1a5706d4e589b683954d8d9af2f4962f', 9, 2, NULL, '[]', 0, '2023-11-20 09:43:24', '2023-11-20 09:43:24', '2024-11-20 09:43:24'),
('1c8e5dfd4db0acd1cfb8355eeb98696c72eae904455b97f45354409fa3f9943510d9042b9f470f72', 2, 2, NULL, '[]', 0, '2023-10-15 11:39:25', '2023-10-15 11:39:25', '2024-10-15 11:39:25'),
('1cb59cb3bee2711c21422508dff89185ec7a94e2d1e3e9b595001714bf67d09f214aed5b1808834a', 6, 2, NULL, '[]', 0, '2023-11-13 03:57:52', '2023-11-13 03:57:52', '2024-11-13 03:57:52'),
('1cefb9488fd542a145adfdda8df548ae4584f2248d9dcfd6c1981d7527f7723ae1aca4eb3f409aa6', 6, 2, NULL, '[]', 0, '2023-10-29 07:07:00', '2023-10-29 07:07:00', '2024-10-29 07:07:00'),
('1d2fe25632e1a6a3023abb3b71a12001d5805ef049320db2ed0bdc525379b2632fde5575ad66ab34', 2, 2, NULL, '[]', 0, '2023-10-18 04:17:39', '2023-10-18 04:17:39', '2024-10-18 04:17:39'),
('1d8ba6b7e99bdd4a9527455db2f9fe93e84404758e1421cb0f12bc2bffc52d646115edf4932c6fb3', 6, 2, NULL, '[]', 0, '2023-10-22 05:03:58', '2023-10-22 05:03:58', '2024-10-22 05:03:58'),
('1dcf1aebd418466e46929ed0a31e71e6c2090b53a5542e0a8e12178f6f8206858d3ecdf917146f32', 9, 2, NULL, '[]', 0, '2023-11-05 10:51:28', '2023-11-05 10:51:28', '2024-11-05 10:51:28'),
('1ec497949cbf35e3b2c688b18862fbc7ecc2206a1828d23081ea42ca2ec31a64cca4c693ca32ab8a', 1, 2, NULL, '[]', 0, '2023-08-27 10:56:51', '2023-08-27 10:56:51', '2024-08-27 10:56:51'),
('1edfbbbe72ae9b376e55852338286bee4d1669ee34854daeed390574b16df32ac7579a2a838177cf', 9, 2, NULL, '[]', 0, '2023-11-24 15:35:02', '2023-11-24 15:35:02', '2024-11-24 15:35:02'),
('1f0aa9276124d8a499f84e608f4a01d904b1a7fef38efa424c0c7a75dcf4611de731dc271b3cacbd', 6, 2, NULL, '[]', 0, '2023-10-08 04:24:25', '2023-10-08 04:24:25', '2024-10-08 04:24:25'),
('1f0d4f70cd13b834e1e2a6ee7f9638e164af8ebeb242b47f03003955b2cc8e51d7e54321ae645057', 6, 2, NULL, '[]', 0, '2023-10-09 09:04:02', '2023-10-09 09:04:02', '2024-10-09 09:04:02'),
('1f6df73ee58114094a2fbf4a3d62ad003a23aa6450e6a58b879b69369c68b9ebe24b3a21e411dff7', 6, 2, NULL, '[]', 0, '2023-10-30 04:31:18', '2023-10-30 04:31:18', '2024-10-30 04:31:18'),
('20091ced4ec9edeb6044d5071b4bc4b990f5fb70a3d0a71fe63131e78b8415787ecc721f862d0a46', 6, 2, NULL, '[]', 0, '2023-11-22 11:19:57', '2023-11-22 11:19:57', '2024-11-22 11:19:57'),
('200b8302b142d2227bab213e944ff8736f83693f0d363b59b442ae21c1153287e6c65c66978da9b0', 13, 2, NULL, '[]', 0, '2023-11-16 11:45:21', '2023-11-16 11:45:21', '2024-11-16 11:45:21'),
('206ceb38a142fc7a5cbf03a8ae94fba99e80fe726714278ead71376c6313ac3497279b0e116e6e8f', 6, 2, NULL, '[]', 0, '2023-10-16 06:08:40', '2023-10-16 06:08:40', '2024-10-16 06:08:40'),
('21055e206977c0e22f513802dc5164500397e398589122a7c8c7ca6b809924fe708c5f51ff2b3b63', 6, 2, NULL, '[]', 0, '2023-11-16 16:46:34', '2023-11-16 16:46:34', '2024-11-16 16:46:34'),
('21118a7f48ce8b1835c482c11149d48e4d0446997f89ee4e72bd3e59c39ca362df8f68fb16e18091', 6, 2, NULL, '[]', 0, '2023-10-29 08:39:27', '2023-10-29 08:39:27', '2024-10-29 08:39:27'),
('213efcfa5c1b16cd2a4292a2151c89f8e605b58071998923f44d03a183e73d79dc07db2245576b8c', 6, 2, NULL, '[]', 0, '2023-11-05 10:11:38', '2023-11-05 10:11:38', '2024-11-05 10:11:38'),
('2147ccd105b35bcc7f6827c98a7b19fbe85384fe23daa4c424f385e8f2a92edfb02742ec6ad1158a', 6, 2, NULL, '[]', 0, '2023-10-29 03:59:05', '2023-10-29 03:59:05', '2024-10-29 03:59:05'),
('21b44da266abbf5e8197f84c4076fb0885868496762e6965ef773bb2460198a121a9720595295424', 6, 2, NULL, '[]', 0, '2023-10-26 03:54:53', '2023-10-26 03:54:53', '2024-10-26 03:54:53'),
('21d587b441c92a3a0b6a725810a1f112a7b9f8116db082b30bc5050d3abde38ade18072ad1376c13', 6, 2, NULL, '[]', 0, '2023-11-01 07:16:29', '2023-11-01 07:16:29', '2024-11-01 07:16:29'),
('21fa32306e86377bc0c3d4c13eb782e2ebcae6a75e87dad302c2961f535ce04062dc33f1d885158f', 2, 2, NULL, '[]', 0, '2023-11-20 09:29:25', '2023-11-20 09:29:25', '2024-11-20 09:29:25'),
('2203c8eed0e3c0b0196c54f6683b679ac69175a0e90aac947c87195298bf1452c166d9ceb20a1843', 1, 2, NULL, '[]', 0, '2023-09-17 08:31:51', '2023-09-17 08:31:51', '2024-09-17 08:31:51'),
('228a792f4e2609a5238b1b3fa1da77a9d31b1c8c04edc11bd99430c03224b3af5ae03c028d246a17', 6, 2, NULL, '[]', 0, '2023-10-19 06:53:33', '2023-10-19 06:53:33', '2024-10-19 06:53:33'),
('22ac9373ae5485f9273b9a43556d0a558110af0e616dbb4f35fbb72600718a866778ec04bf6138d4', 6, 2, NULL, '[]', 0, '2023-11-15 11:56:11', '2023-11-15 11:56:11', '2024-11-15 11:56:11'),
('22ba563f2be8a588277f80920f49fe91bc585c7efb42129580951ffed67dc7c29b4608150fee5d90', 6, 2, NULL, '[]', 0, '2023-11-26 03:53:02', '2023-11-26 03:53:02', '2024-11-26 03:53:02'),
('22cb5aedad1a4f4e9deecfcc26396560e416457ec393370b1a0775bf0e2830d76f6edc3232d20ab1', 6, 2, NULL, '[]', 0, '2023-10-18 10:11:01', '2023-10-18 10:11:01', '2024-10-18 10:11:01'),
('22fac8764cdcef7b811125150aab3598dd68e81d9e55c7a27ea3822b90c8530f260b2c17740f48da', 6, 2, NULL, '[]', 0, '2023-11-16 05:16:56', '2023-11-16 05:16:56', '2024-11-16 05:16:56'),
('2345ac77f55b436c38c704adb52471295ee8bb38ad74e64ab007448b0cad78d469d13c264e9f3a45', 6, 2, NULL, '[]', 0, '2023-10-31 08:41:50', '2023-10-31 08:41:50', '2024-10-31 08:41:50'),
('2386966acf4062db9f40b87f2ea5d9b426ce7081cb72fa85d2cb7ee9b824b436c473f53a16d5b694', 6, 2, NULL, '[]', 0, '2023-10-30 08:39:44', '2023-10-30 08:39:44', '2024-10-30 08:39:44'),
('23a84f924c26bd45725f9e3b467458dc0a1fe960e0f86b2783aca021591d03dc1b243ad4005bdc03', 6, 2, NULL, '[]', 0, '2023-11-26 09:08:52', '2023-11-26 09:08:52', '2024-11-26 09:08:52'),
('2462b7de58b981f9c9d71d9658ac53b29f574e00451492fca150379c302a5c2894137dca7bfdc8b7', 6, 2, NULL, '[]', 0, '2023-11-07 03:53:11', '2023-11-07 03:53:11', '2024-11-07 03:53:11');
INSERT INTO `oauth_access_tokens` (`id`, `user_id`, `client_id`, `name`, `scopes`, `revoked`, `created_at`, `updated_at`, `expires_at`) VALUES
('250ad76053dc2b253bf7dd0533d3f369dc3d7b660ff19e64dcea04c33e1dda1fce40ca01dd419810', 1, 2, NULL, '[]', 0, '2023-09-17 09:02:23', '2023-09-17 09:02:23', '2024-09-17 09:02:23');
INSERT INTO `oauth_access_tokens` (`id`, `user_id`, `client_id`, `name`, `scopes`, `revoked`, `created_at`, `updated_at`, `expires_at`) VALUES
('264c8bc14a109287465159966cc1f0ec347901b53ba5ce9816d1562acb34ab461697734668419624', 6, 2, NULL, '[]', 0, '2023-11-08 08:33:27', '2023-11-08 08:33:27', '2024-11-08 08:33:27'),
('266d0be8a0a56cbafe9de164b9139eeddc58f964ed4d19e11d97255afb294fb230c4148451d43fd5', 1, 2, NULL, '[]', 0, '2023-09-24 06:30:40', '2023-09-24 06:30:40', '2024-09-24 06:30:40'),
('2713da4f1e4c1283b0a8784e5ebea50b43f776e09ac4c01fbc92a11ae6d4dd71244a0a262bd9654f', 6, 2, NULL, '[]', 0, '2023-10-22 08:23:41', '2023-10-22 08:23:41', '2024-10-22 08:23:41'),
('2725c28357a3048ec6c7cf93accac53b212a4a59ad1396b59cc90aa0530634f715f8ea8cf646ff0a', 1, 2, NULL, '[]', 0, '2023-08-27 11:10:51', '2023-08-27 11:10:51', '2024-08-27 11:10:51'),
('274265deee61cd93c9eb0e23ca1c5eedc89a74eab6f61f3ac75b04371ae7420a4f4553244d4eff67', 6, 2, NULL, '[]', 0, '2023-11-12 05:44:31', '2023-11-12 05:44:31', '2024-11-12 05:44:31'),
('278e7d5bb8bc28ca0f645c2486d464d56969bc1cc8bbf58af2a1125acbb78ed7197eeddaf4bba074', 6, 2, NULL, '[]', 0, '2023-10-31 11:50:59', '2023-10-31 11:50:59', '2024-10-31 11:50:59'),
('27ae13ae2ff3657ac54f796274ce51172ad15d50896fdf09c561e401bc389c59e4a175463d51f34d', 13, 2, NULL, '[]', 0, '2023-11-16 11:42:32', '2023-11-16 11:42:32', '2024-11-16 11:42:32'),
('27dfed4be011c09cf5ff96d81979b71e1fd1b844e3e2cc9d96c5ee6091e04600c7ca45783f016b0a', 9, 2, NULL, '[]', 0, '2023-11-05 10:13:24', '2023-11-05 10:13:24', '2024-11-05 10:13:24'),
('282fccbf0546e23666148fc2d09966a7d7bf23da516aed973bee078e8856faa95b3895b013ce82c7', 6, 2, NULL, '[]', 0, '2023-11-13 09:46:22', '2023-11-13 09:46:22', '2024-11-13 09:46:22'),
('288b6af101d62207f985a28919bbc0b8fb51431f0bf355c4c99c41dda51e2b88d4b84d7c5ea5089f', 6, 2, NULL, '[]', 0, '2023-11-13 06:20:06', '2023-11-13 06:20:06', '2024-11-13 06:20:06'),
('28b93173480eac899135c5a60c3c7582d8624a5755f712aa059397144e069369c3dad40ddeccc79e', 6, 2, NULL, '[]', 0, '2023-11-20 11:11:40', '2023-11-20 11:11:40', '2024-11-20 11:11:40'),
('291168b9407f2ef6466b78739cdb947c09009045ac83e90315521d4cd62ffd732d0ff700ab05e425', 6, 2, NULL, '[]', 0, '2023-11-16 10:15:23', '2023-11-16 10:15:23', '2024-11-16 10:15:23'),
('29c3e6d99a78ba54faeaaa5f554d00c287b66c2db7086392e2ad92b79ae44b0a1d75e1b972e9d727', 6, 2, NULL, '[]', 0, '2023-11-26 04:10:56', '2023-11-26 04:10:56', '2024-11-26 04:10:56'),
('29c624cb2b0fc949f30f39adac5a6cdd48f7e45186891f913985bcd8b10c4add8216faf8cdb162d3', 2, 2, NULL, '[]', 0, '2023-10-12 09:18:23', '2023-10-12 09:18:23', '2024-10-12 09:18:23'),
('2a28da637580d597f148f7960263cc171b23c03726215e74ff54b0546a56ca3f58e64906721ee791', 6, 2, NULL, '[]', 0, '2023-11-12 04:18:26', '2023-11-12 04:18:26', '2024-11-12 04:18:26'),
('2a7edcac981bcfb617aca03dbf8e18172cc6defa125af64aacf74a84985346441720525d1ae883b6', 6, 2, NULL, '[]', 0, '2023-11-17 05:18:10', '2023-11-17 05:18:10', '2024-11-17 05:18:10'),
('2a8a47a9bc0eab9ebb3d6c788afa05272380227f7a56ec0561ad80bcf719fc06d14b8d405156ca40', 6, 2, NULL, '[]', 0, '2023-10-30 04:05:16', '2023-10-30 04:05:16', '2024-10-30 04:05:16'),
('2b0a31ee0478c2f1400b763e1ae3c21a39228e365741ab424078f4578071d74346bedaef80a13a96', 6, 2, NULL, '[]', 0, '2023-11-27 10:09:06', '2023-11-27 10:09:06', '2024-11-27 10:09:06'),
('2b489844cdf359e7274234d2e310a02ad2187a3ae3d72faa23134c58845b1446ae4ae8df1579f1c1', 6, 2, NULL, '[]', 0, '2023-11-16 04:15:08', '2023-11-16 04:15:08', '2024-11-16 04:15:08'),
('2bbb8bbfb762c0d52b4f101a5047293f7b0744ec28627080106203569e7a6269a34033d15570a18a', 9, 2, NULL, '[]', 0, '2023-11-19 11:23:43', '2023-11-19 11:23:43', '2024-11-19 11:23:43'),
('2c218aaca55bafce239e5a18fc771947591bf90ec84ed4607c9f028bf698ac87ac93e87eeb12a9b8', 6, 2, NULL, '[]', 0, '2023-10-22 04:02:34', '2023-10-22 04:02:34', '2024-10-22 04:02:34'),
('2c4db0398ef3ad5eef88282b6cc115f3537336a6c6e76f4d24b621e0b82603a86143ac7271451f35', 1, 2, NULL, '[]', 0, '2023-08-27 10:55:34', '2023-08-27 10:55:34', '2024-08-27 10:55:34'),
('2c57a2a214e0617fc23d76feb01a49856f23f5ce022fd68832ad7f9370da184c56b4d9e7c73375f7', 6, 2, NULL, '[]', 0, '2023-10-29 06:14:10', '2023-10-29 06:14:10', '2024-10-29 06:14:10'),
('2c59cb504e243f9eaf439461d1b36577dd9592c35803ed14a02a46706df1b05015eef37038b607ac', 1, 2, NULL, '[]', 0, '2023-08-27 08:39:22', '2023-08-27 08:39:22', '2024-08-27 08:39:22'),
('2c6c7ba4173081178e92f314cf1423ec0e501a174f667732f089f10cb83a8bbfc18fafa98e0b57f8', 8, 2, NULL, '[]', 0, '2023-10-02 08:26:38', '2023-10-02 08:26:38', '2024-10-02 08:26:38'),
('2d070d47166d4c7dc6e015f310301dc9b057207e7d3082885ef977afe64d43916bfc9cf8da170d9d', 6, 2, NULL, '[]', 0, '2023-10-25 06:24:06', '2023-10-25 06:24:06', '2024-10-25 06:24:06'),
('2d744ec8d1ebf7e2e4b4395c1c56dbc24bd0e837f10235a60791f5a4e7e6b3e6f60fb9cd7fdadc28', 6, 2, NULL, '[]', 0, '2023-11-20 05:36:11', '2023-11-20 05:36:11', '2024-11-20 05:36:11'),
('2d8f0460cee990f0faf8c8df8041bd86257f389d50bc824f8df3181cae66efdda7be2c9cb00279bb', 1, 2, NULL, '[]', 0, '2023-08-27 11:10:29', '2023-08-27 11:10:29', '2024-08-27 11:10:29'),
('2dbd95cd4d85c9595b40eb7439f49aa41c6f754b4ac1127343a32ac527d31e323076dbc1530dc1d1', 1, 2, NULL, '[]', 0, '2023-08-28 06:55:50', '2023-08-28 06:55:50', '2024-08-28 06:55:50'),
('2eab9234a05d9ba90b222836af11852b7636bd31c553abe08e678664926e3952e14803bd5047dc33', 6, 2, NULL, '[]', 0, '2023-10-15 06:41:25', '2023-10-15 06:41:25', '2024-10-15 06:41:25'),
('2f0773c8b36d10655d161d538abf9741fdfcdfb7129845755e6c8ae971fef635e605572cfe46808e', 6, 2, NULL, '[]', 0, '2023-10-26 08:32:54', '2023-10-26 08:32:54', '2024-10-26 08:32:54'),
('2fb7e11330e6ccf5a8742dc20748402942b0a43e92a2dab2ced1d08896e094129c9f6b8875362d03', 6, 2, NULL, '[]', 0, '2023-11-05 08:57:00', '2023-11-05 08:57:00', '2024-11-05 08:57:00'),
('2fded3d99ab44f6aa1c39254f9e812ffd5b5851b13c0ff23ff68117c0783b3cb742b91a815060ff7', 6, 2, NULL, '[]', 0, '2023-11-15 06:14:59', '2023-11-15 06:14:59', '2024-11-15 06:14:59'),
('30567df0008dc96f6698b82debcb462502ab64b21c994ca5f4d8158e7e269d909ba88bd9dc349cf8', 6, 2, NULL, '[]', 0, '2023-11-05 08:57:31', '2023-11-05 08:57:31', '2024-11-05 08:57:31'),
('30bfe1f023bf3c4b3b1fdc55bd375477f9a6141ffecdac098ffa4afa2b6e8ee7209edaec0e9e2ced', 6, 2, NULL, '[]', 0, '2023-11-27 06:02:31', '2023-11-27 06:02:31', '2024-11-27 06:02:31'),
('31098848bac704456ea8e6c2f8ae54cfb3102198590d39006f582f057af56d0943bc5dc4980bccc4', 6, 2, NULL, '[]', 0, '2023-10-30 09:33:52', '2023-10-30 09:33:52', '2024-10-30 09:33:52'),
('315cd9274417db1d0a7a40d264208d1e9bedb194c2c23d53cb8da508506077814fb45334a175a35b', 6, 2, NULL, '[]', 0, '2023-10-12 09:24:00', '2023-10-12 09:24:00', '2024-10-12 09:24:00'),
('31db9805721d9a6af47a1c51bfc7b90166c973c39b78d2a7163f6b332b04a7cc7c873b61002ea27c', 2, 2, NULL, '[]', 0, '2023-10-30 08:54:48', '2023-10-30 08:54:48', '2024-10-30 08:54:48'),
('32051402b4d593499278147dd119c077235b2cac0f09c063255e97305023b2e0770d9f2450f7cced', 6, 2, NULL, '[]', 0, '2023-11-16 08:54:45', '2023-11-16 08:54:45', '2024-11-16 08:54:45'),
('3242a5128f0d475508e77a477e4644834abb16e2bc10ec2dbdb9369164a1f76ca1a30b167743af7b', 1, 2, NULL, '[]', 0, '2023-08-27 10:58:26', '2023-08-27 10:58:26', '2024-08-27 10:58:26'),
('32e584e320464fbfdcb77815f3cec7c2d34ff391907943c794a1a40b71a55f5134b1821c8ae424b1', 1, 2, NULL, '[]', 0, '2023-08-27 09:39:57', '2023-08-27 09:39:57', '2024-08-27 09:39:57'),
('3414e8760234878f277a380bf7eb5bc0d16d4aebb8653acf9368bba5e37eb19722b0ec95c0cec2a0', 6, 2, NULL, '[]', 0, '2023-11-05 09:46:45', '2023-11-05 09:46:45', '2024-11-05 09:46:45'),
('3431d6a801f24e9ae293ef1f3fde018ed2f4976f25aa1d7037c1605eab2484e89095acc05a56294d', 1, 2, NULL, '[]', 0, '2023-08-28 06:56:37', '2023-08-28 06:56:37', '2024-08-28 06:56:37'),
('346dd944a99430418efffff5a59ef3445d0f1183d1fc381cf78aeef55c2d9c83ff0c04643275d2ea', 6, 2, NULL, '[]', 0, '2023-11-07 06:01:31', '2023-11-07 06:01:31', '2024-11-07 06:01:31'),
('349a24f2228abf211b36487af2a758250352efd36e1074b78eace456299b6d0500536a4fd35091e9', 6, 2, NULL, '[]', 0, '2023-11-03 18:59:35', '2023-11-03 18:59:35', '2024-11-03 18:59:35'),
('36dfcd19933430424cf984d01aeeee3db56dfcf551597c3519e269bf0356ea990efcfc3297678ca6', 6, 2, NULL, '[]', 0, '2023-10-15 11:08:23', '2023-10-15 11:08:23', '2024-10-15 11:08:23'),
('3846c8180b67483dc013bdacddb4a72556581db41ba8f0da1d23b105ddb2d73dd64aeedc8f8af073', 1, 2, NULL, '[]', 0, '2023-09-17 04:48:35', '2023-09-17 04:48:35', '2024-09-17 04:48:35'),
('39126b8f77733588012e1f5f405e9da93740e8e91275ff80d6fb5c9bb68436e8991647642a91d830', 2, 2, NULL, '[]', 0, '2023-10-15 07:14:12', '2023-10-15 07:14:12', '2024-10-15 07:14:12'),
('391e70f158b5c622f2d1af1d4a89fb56f74c98c91b173314bc7343e89263d673b823c53b3c3da09a', 9, 2, NULL, '[]', 0, '2023-11-18 07:58:16', '2023-11-18 07:58:16', '2024-11-18 07:58:16'),
('397d6fdc1ca3e7937896feca35ebea1025cc3a9ec5216c5b44e056ca82cd69169cef833668af0c57', 9, 2, NULL, '[]', 0, '2023-11-12 05:04:52', '2023-11-12 05:04:52', '2024-11-12 05:04:52'),
('398def3fddf2a38ad5a53a671ddc006151b14c58217f445ab283fd4a641f9ba053b604a262e10240', 2, 2, NULL, '[]', 0, '2023-10-15 06:01:57', '2023-10-15 06:01:57', '2024-10-15 06:01:57'),
('3a170f55db0793c8992b4f0f31897d968b1a3ce53ad7c6eba4459e3bc92eb3c8e62c928cc8ced9df', 6, 2, NULL, '[]', 0, '2023-11-13 10:05:22', '2023-11-13 10:05:22', '2024-11-13 10:05:22'),
('3a31aaa9dcf4d28513da58667bb9155f083ad56bc2df89af0372c966f72047ab58e59906dd50b93a', 2, 2, NULL, '[]', 0, '2023-10-16 04:21:21', '2023-10-16 04:21:21', '2024-10-16 04:21:21'),
('3b6a3831017aba6efcf92d7bfc102ba7be42899616be38bb0014de902a0f7a6a8c51baf5847adb2c', 6, 2, NULL, '[]', 0, '2023-11-05 04:06:06', '2023-11-05 04:06:06', '2024-11-05 04:06:06'),
('3cd1975c0ea26a7008f8035f1a61bb7eec635663575b29eef94fcbe234a28a3be4f0ee1cff8f8c02', 6, 2, NULL, '[]', 0, '2023-10-16 10:18:59', '2023-10-16 10:18:59', '2024-10-16 10:18:59'),
('3d9db8147fd0bced70d5004a5f05c6e45b160606ea24665e7fee039c501fe02d7db3c601364e1534', 9, 2, NULL, '[]', 0, '2023-11-06 05:10:32', '2023-11-06 05:10:32', '2024-11-06 05:10:32'),
('3dbd3ee5ae0f2ce474d5cdf50df5d176f1858efbfd556f129930eafa24faf169c06dc43008a6a9b7', 6, 2, NULL, '[]', 0, '2023-10-26 11:36:58', '2023-10-26 11:36:58', '2024-10-26 11:36:58'),
('3e5791b265d4274ec906b735acc363a24e1044aefaef48b2635706dd274063114049df2695eea029', 1, 2, NULL, '[]', 0, '2023-10-01 09:40:29', '2023-10-01 09:40:29', '2024-10-01 09:40:29'),
('3e7fcf5b0ad9aef7c5fe9a0764842e131b07cdf07658dd9e7f99eaaaae5a511613701a10f54ab4af', 6, 2, NULL, '[]', 0, '2023-10-25 04:11:39', '2023-10-25 04:11:39', '2024-10-25 04:11:39'),
('3f37eb2a480965068cccf9c90158dbaf92c5999ea8dbe03267176f9091a7d285ecd4fcafb3afa757', 13, 2, NULL, '[]', 0, '2023-11-16 09:31:03', '2023-11-16 09:31:03', '2024-11-16 09:31:03'),
('404246b9a6d358c6995d428d83b66b86c076fce2aeab7aba777734d94cdbf9cbda737e9f936b13b5', 6, 2, NULL, '[]', 0, '2023-10-09 07:01:23', '2023-10-09 07:01:23', '2024-10-09 07:01:23'),
('406f54bea613f883e76bc700f159c1181ad54f80ac7c0b0372177e4ff6f3368037ff96ecd455ce4f', 6, 2, NULL, '[]', 0, '2023-11-16 05:16:59', '2023-11-16 05:16:59', '2024-11-16 05:16:59'),
('40a8feb56f11c29c9f7cf8ff2997c950fd0fb9c5327ecf0460c8f1a1cf445375e621696e002b3ecb', 6, 2, NULL, '[]', 0, '2023-10-22 04:09:01', '2023-10-22 04:09:01', '2024-10-22 04:09:01'),
('40e66c01490acbd0953cdc3468ea1faf712f4374c8553d1e4af88aa915729bc219a508bd0c0a2a83', 6, 2, NULL, '[]', 0, '2023-10-04 04:05:10', '2023-10-04 04:05:10', '2024-10-04 04:05:10'),
('413b0c227c6056820229c544ae3d7ad3b2d7b5ae05d6dcc1e68567a3bb33200f0133d83d02179d1b', 6, 2, NULL, '[]', 0, '2023-11-12 04:08:08', '2023-11-12 04:08:08', '2024-11-12 04:08:08'),
('41c3575b1daee30765776c4ab3d5819bd60179b4235ddbf9da00d43b7d11b32cf2b6d7d6c8a3c93c', 1, 2, NULL, '[]', 0, '2023-08-28 08:25:18', '2023-08-28 08:25:18', '2024-08-28 08:25:18'),
('41f6d34a88101caecae4cbed0079689dbde275ddf6194925b5d3198cc90aeebe3a14c24f7e1b823b', 6, 2, NULL, '[]', 0, '2023-10-19 06:49:51', '2023-10-19 06:49:51', '2024-10-19 06:49:51'),
('42ac7364dfb0c6980b2fde544fecbd4b77431d996a5c2f16dce1e3774f795b669000c052a7be636a', 6, 2, NULL, '[]', 0, '2023-11-16 04:00:33', '2023-11-16 04:00:33', '2024-11-16 04:00:33'),
('430d72760b5d04f85619d0f321c633a2c5646219decc82068e237f7f1da533b2cd16f395844bda91', 6, 2, NULL, '[]', 0, '2023-11-14 05:30:25', '2023-11-14 05:30:25', '2024-11-14 05:30:25'),
('4350d78d34ed45e1aa40e65eaec86108de9a17f649ca49b31c68a84075b22e7af04167e66a3af1a5', 1, 2, NULL, '[]', 0, '2023-08-27 08:26:23', '2023-08-27 08:26:23', '2024-08-27 08:26:23'),
('4381c32e09e215590b24d87a1cb16f4967c9be62e281393e8431282a64a719ffa0881ccebabfe186', 6, 2, NULL, '[]', 0, '2023-10-18 04:16:04', '2023-10-18 04:16:04', '2024-10-18 04:16:04'),
('44381a5b9a7c63499d7fb0685e6025c71fd3ff967e758f262c054270cc2637589156fa447d1bcc66', 6, 2, NULL, '[]', 0, '2023-11-16 05:00:34', '2023-11-16 05:00:34', '2024-11-16 05:00:34'),
('44bb15944f6c9cf64f6d07cdb5c7a05084b7b32f89f94453efa5c242f369827e2b2f31e0d01f2213', 6, 2, NULL, '[]', 0, '2023-11-17 05:40:27', '2023-11-17 05:40:27', '2024-11-17 05:40:27'),
('44c91b6b9423e9a2fdb2947f77fce0f94920fae17c3a588501510cf3bf60cedfcaa8b46b0e9b0f52', 6, 2, NULL, '[]', 0, '2023-11-01 17:56:38', '2023-11-01 17:56:38', '2024-11-01 17:56:38'),
('45038d9373d00d56eaee3cde6f99708fd3abc4799b2ac5385249f8cebaea659c0ba1e8ff786fed40', 9, 2, NULL, '[]', 0, '2023-11-05 10:49:40', '2023-11-05 10:49:40', '2024-11-05 10:49:40'),
('45b70ca3458d882e8d541fe33a27c46a7923846e3effa09b71ae770d0a63ff2f159901c50c57913c', 6, 2, NULL, '[]', 0, '2023-11-12 06:34:22', '2023-11-12 06:34:22', '2024-11-12 06:34:22'),
('45bf862420aa9829b0f7858f366df58c2581aa438e11de5dec787db23fabcba774fd0c352fc29525', 6, 2, NULL, '[]', 0, '2023-10-16 10:23:50', '2023-10-16 10:23:50', '2024-10-16 10:23:50'),
('45d446fbc018ffcc23e482651061cdf3f75442236605edd8749221ffca1035abfb6c4efbcb246624', 6, 2, NULL, '[]', 0, '2023-11-17 11:21:32', '2023-11-17 11:21:32', '2024-11-17 11:21:32'),
('46425a61ab4765e19554f4d79a90d1419cd03e5b3354d61073f28c4f483a467259ca3100b59f8bf6', 6, 2, NULL, '[]', 0, '2023-11-17 06:21:00', '2023-11-17 06:21:00', '2024-11-17 06:21:00'),
('46ed7ccb81fa42dc84001f8903ff1a7831f441398b4db74f1ee5dd366386280a84b4d5d01767ca42', 6, 2, NULL, '[]', 0, '2023-11-27 10:07:47', '2023-11-27 10:07:47', '2024-11-27 10:07:47'),
('47967fd659757676ead664a61f33e158f852eedff02086c2963d3a5dbf159a1d15c21c1fd21c683a', 6, 2, NULL, '[]', 0, '2023-11-16 04:05:28', '2023-11-16 04:05:28', '2024-11-16 04:05:28'),
('484135d0acc07c4724d82796ab0534a2bc579de10837e5a269a80c4de5ee64b9555ff41c2d92d699', 2, 2, NULL, '[]', 0, '2023-10-10 06:14:26', '2023-10-10 06:14:26', '2024-10-10 06:14:26'),
('48ac3285cc6ee1768438aac6ab9d791c67951a0e2f3d806fe5c7398c0a5c5f6e612e1cd0bc117020', 9, 2, NULL, '[]', 0, '2023-11-17 10:56:56', '2023-11-17 10:56:56', '2024-11-17 10:56:56'),
('48fa9976d5383ae06112d20bd11dc4aa6aa99e97d6627cf7667dd56af61461578e1efa534d9e0e86', 6, 2, NULL, '[]', 0, '2023-11-26 05:43:50', '2023-11-26 05:43:50', '2024-11-26 05:43:50'),
('49865777eb5b7bd01bbb8182bd81e41e897a7d1beb3c3d5d0134f32923e7c86aaeb521564cfda2d3', 6, 2, NULL, '[]', 0, '2023-10-23 08:49:59', '2023-10-23 08:49:59', '2024-10-23 08:49:59'),
('498ba01a49d252a5dc414353fb63ef21fb198097aaf3faa154c590b25886b3a42a91124c865ad071', 1, 2, NULL, '[]', 0, '2023-08-27 10:58:40', '2023-08-27 10:58:40', '2024-08-27 10:58:40'),
('49f101cb69ad75b1dacdbeb52c0a1d7379b6d1a9f929ad44ddabeb66d9c9efb94beac9238f5f43a0', 9, 2, NULL, '[]', 0, '2023-11-05 10:05:14', '2023-11-05 10:05:14', '2024-11-05 10:05:14'),
('4a342f31c4b656f14e8bbd32d80c4e7c3cdf18fd9921fe387178c5ee72f483cce2f28f35b14ccd11', 6, 2, NULL, '[]', 0, '2023-11-01 06:55:31', '2023-11-01 06:55:31', '2024-11-01 06:55:31'),
('4a49255eb5ea330996c6e02fed83e939f183bad4e7f7c6fd7178416f980cfa171acf5ad9a78f94f1', 13, 2, NULL, '[]', 0, '2023-11-16 11:45:42', '2023-11-16 11:45:42', '2024-11-16 11:45:42'),
('4a7a01469ee5c123c7c76cc470d0c61559a0322226c4f0fd0ff6287acc977ca7c4466be12f41ecbd', 6, 2, NULL, '[]', 0, '2023-11-17 10:28:47', '2023-11-17 10:28:47', '2024-11-17 10:28:47'),
('4a9d87570ce91cb2f1309c9e947da6d7bcfc9899efa0ffc7ea746f0d3c65836478ef1cd3bcd85a19', 6, 2, NULL, '[]', 0, '2023-11-17 04:33:19', '2023-11-17 04:33:19', '2024-11-17 04:33:19'),
('4ac55791c03e6a0467dcf205de759702639b877da5be7b53f2179539f656df630e339efade9ca09b', 6, 2, NULL, '[]', 0, '2023-10-18 04:48:03', '2023-10-18 04:48:03', '2024-10-18 04:48:03'),
('4adf8f7137003400b0cd3d48cd1fc4442b42e277ce8d2c9f9d85759f354c857b0fb23e425551a752', 6, 2, NULL, '[]', 0, '2023-10-08 04:18:09', '2023-10-08 04:18:09', '2024-10-08 04:18:09'),
('4b11468f77732ba3db582c63a5d0c48734a982a9adc7fa1d9cbb53d459379aeb8052c219a4a72c14', 2, 2, NULL, '[]', 0, '2023-10-15 07:10:33', '2023-10-15 07:10:33', '2024-10-15 07:10:33'),
('4c4a1e25d3115b149037d1f1fc2db338bfd5a7eba05d719002ac0a13d88bc4d4179ea1f704a35bf8', 6, 2, NULL, '[]', 0, '2023-11-17 10:47:57', '2023-11-17 10:47:57', '2024-11-17 10:47:57'),
('4c62d89ac193a441139b5bc65b36cc9e4a4dfc1fc05702cce5480e919495a6df48140880e6e27a50', 6, 2, NULL, '[]', 0, '2023-10-18 10:41:30', '2023-10-18 10:41:30', '2024-10-18 10:41:30'),
('4ca9de4c903c66eca461f9211b96ec733984114ceea6f586efea83e777784d2decba944efe6efdaa', 6, 2, NULL, '[]', 0, '2023-11-16 07:34:25', '2023-11-16 07:34:25', '2024-11-16 07:34:25'),
('4cb3438fcc9dd1fe0188c03af892784df9df40cdc01db134ab5540b02e6bea7f4f2ab116128ac410', 1, 2, NULL, '[]', 0, '2023-08-28 06:41:52', '2023-08-28 06:41:52', '2024-08-28 06:41:52'),
('4cb717d6a495044607bf63de89308354119f9ea7bfedbb16e2b8ab3b516d6df43ee2c881df5f4348', 6, 2, NULL, '[]', 0, '2023-11-16 04:28:11', '2023-11-16 04:28:11', '2024-11-16 04:28:11'),
('4d1d731933d18e3f351d3082d1b37b7febed96b773deefdcc65c0b84319d684b8cb9295c93342eea', 6, 2, NULL, '[]', 0, '2023-10-25 06:52:14', '2023-10-25 06:52:14', '2024-10-25 06:52:14'),
('4d9ae9fa67b81139b1f6350ea48724ccd76b99c3c028baab7386d0a7ba5a7d11afa17f99186ea9f4', 1, 2, NULL, '[]', 0, '2023-08-27 10:43:37', '2023-08-27 10:43:37', '2024-08-27 10:43:37'),
('4e416dd60bbd3f3bb89ff4e1d51fdf0947638abce9c39b1a1b03104e6c1c6c1265b8157928831087', 2, 2, NULL, '[]', 0, '2023-11-19 11:24:08', '2023-11-19 11:24:08', '2024-11-19 11:24:08'),
('4e8d239d1b1a035c5ca0b52f7e734b0041efec8d4a807945eeac1da27891eff9cd97f691a8078353', 6, 2, NULL, '[]', 0, '2023-10-16 08:22:21', '2023-10-16 08:22:21', '2024-10-16 08:22:21'),
('4f0ebad4cb3e3d6542b8155f26b35ed4eaa468f5cef97fb860682ead330137334b1f808b4ffc097c', 6, 2, NULL, '[]', 0, '2023-11-17 09:30:26', '2023-11-17 09:30:26', '2024-11-17 09:30:26'),
('4f141a1e319bea48269438cb3bc6fd35f37d3ee3e1a13f884870b93d2f67078fc115e630f160bcb3', 6, 2, NULL, '[]', 0, '2023-10-08 10:37:17', '2023-10-08 10:37:17', '2024-10-08 10:37:17'),
('4f2608dd454f32bea26e374313addbe83f61e18015b4d02b2fbf467cb9691fa77c4583c4f1d9ece6', 6, 2, NULL, '[]', 0, '2023-11-16 08:43:13', '2023-11-16 08:43:13', '2024-11-16 08:43:13'),
('4f67dd48a7dfb81741ff1dee98755b81275e40fdfc6e13b4afcd1c557f82cd6b458b56fadc8d25f8', 6, 2, NULL, '[]', 0, '2023-11-05 04:50:42', '2023-11-05 04:50:42', '2024-11-05 04:50:42'),
('508732920dc777fc26d1c282e959bdbd2333d204b1404f6f5bb7bc2f5c1355e153354fa8911b66ca', 2, 2, NULL, '[]', 0, '2023-11-16 10:14:58', '2023-11-16 10:14:58', '2024-11-16 10:14:58'),
('508992277edd6f1fd6fa1a77877d75f64bd6fe5ee3aae2ff30f17a479cd65d767b362a6cd992a580', 6, 2, NULL, '[]', 0, '2023-11-02 12:07:34', '2023-11-02 12:07:34', '2024-11-02 12:07:34'),
('508c8e4907ea43e6f8d8e807c427cc5009c3fd15f8bb36f9f5e8ca6ded3a3eaf034ac95ac1ebf561', 6, 2, NULL, '[]', 0, '2023-10-08 04:20:21', '2023-10-08 04:20:21', '2024-10-08 04:20:21'),
('519f33a46936b26f9a29b90e54ec9f874f055898fd31b54774355cd322dfc141d1dc7eca66bbe93a', 6, 2, NULL, '[]', 0, '2023-11-14 08:13:49', '2023-11-14 08:13:49', '2024-11-14 08:13:49'),
('51a339b90c31fd366bc65b6a348c3b743451b347f8a2e8e1a6e6529752011207d3fe8767695e85c5', 6, 2, NULL, '[]', 0, '2023-10-15 06:03:49', '2023-10-15 06:03:49', '2024-10-15 06:03:49'),
('51e698d0609224da0fec12c2d7adf43a17b36975617cf1073e1e60ba760deb1d2960418bcfb14988', 6, 2, NULL, '[]', 0, '2023-10-08 04:09:09', '2023-10-08 04:09:09', '2024-10-08 04:09:09'),
('5221f0473e147a08bd543b43c31ffbbf72a25c9cf8072e636ee9b9a96b3ed1ef71ba110257d5944e', 6, 2, NULL, '[]', 0, '2023-11-27 11:07:48', '2023-11-27 11:07:48', '2024-11-27 11:07:48'),
('52541d82eabd966776463496977ee2437dd4439362228e9370356eb356e587e1362431ac6b9ae5f7', 13, 2, NULL, '[]', 0, '2023-11-22 06:41:13', '2023-11-22 06:41:13', '2024-11-22 06:41:13'),
('5349604f23dcd8906de0485229574eafb10f5920a74ea58c32a723dcc17677fe8686e961ab466435', 9, 2, NULL, '[]', 0, '2023-11-20 14:50:21', '2023-11-20 14:50:21', '2024-11-20 14:50:21'),
('544bf53a10b1bec832c539776ba3b373729c60ef3ee21b10616dfbf7daf90dfc263f0e8dcece72bc', 6, 2, NULL, '[]', 0, '2023-11-17 05:24:36', '2023-11-17 05:24:36', '2024-11-17 05:24:36'),
('5469e0b754d0164d41e96b92616e89a8a0535d5cfff385640a82db94622bf9d60c81520c252554a2', 6, 2, NULL, '[]', 0, '2023-11-06 04:53:29', '2023-11-06 04:53:29', '2024-11-06 04:53:29'),
('54ba0c84fd591cdcafdbdc1b9ea1c2c343163e686011f095dc86a39bce32fd855d95a5bac1ff9c9d', 1, 2, NULL, '[]', 0, '2023-10-12 09:09:28', '2023-10-12 09:09:28', '2024-10-12 09:09:28'),
('55b20954837b2b97e14baf7f25f79ae905286e8e11605f9216868338964837f7655ca1d80ba637a9', 6, 2, NULL, '[]', 0, '2023-11-19 11:22:38', '2023-11-19 11:22:38', '2024-11-19 11:22:38'),
('566a534767a5533bfe4dfc23963748be853239dee0a326321c4f75fc85826944720f4d7001f0e458', 6, 2, NULL, '[]', 0, '2023-11-07 10:39:38', '2023-11-07 10:39:38', '2024-11-07 10:39:38'),
('566d372e2b7e2ca8ba5c1d75eb0f5e708e87569dcd53fa00215abc3fb63678581215427975a0961d', 6, 2, NULL, '[]', 0, '2023-11-12 04:12:57', '2023-11-12 04:12:57', '2024-11-12 04:12:57'),
('56bc9f85d6999d0575e5284a62f4106726caf861df9bb392dc8f23992387ace2de9ceb72eca2afd6', 6, 2, NULL, '[]', 0, '2023-11-17 09:07:37', '2023-11-17 09:07:37', '2024-11-17 09:07:37'),
('573f4b0665182835968d8bdd7c779feadfc8d6b4ba2756cb3253f1892665e4a5b22f829df74dac9a', 1, 2, NULL, '[]', 0, '2023-08-27 08:40:51', '2023-08-27 08:40:51', '2024-08-27 08:40:51'),
('5a52fcdaf7c57b13da1cc87b6a8785729413f70f3be69a4b32352ba75d9a3982810c3a214a193a42', 6, 2, NULL, '[]', 0, '2023-10-29 06:56:09', '2023-10-29 06:56:09', '2024-10-29 06:56:09'),
('5a5511aff5430b6f6d427e42153550000c457d52e704ec04416772f2664b26cde2df494ea2d84d01', 9, 2, NULL, '[]', 0, '2023-11-26 11:58:38', '2023-11-26 11:58:38', '2024-11-26 11:58:38'),
('5a56b914230bf5cd878d4d30141c3bffe2094dcbe8b480f563646133fb3b17f1cce8d0aac11cd641', 6, 2, NULL, '[]', 0, '2023-11-22 11:53:51', '2023-11-22 11:53:51', '2024-11-22 11:53:51'),
('5a64b6fb8a53ea66e5b0531035103ab5b3955189806ac8cba97205315898546eaa633fd029936c79', 2, 2, NULL, '[]', 0, '2023-10-26 09:45:56', '2023-10-26 09:45:56', '2024-10-26 09:45:56'),
('5a871b064627b53a117ab8e7a79b240bd3f90757b9c3f55bd64793edddb9ee02236a59c731e84db3', 6, 2, NULL, '[]', 0, '2023-11-16 07:26:38', '2023-11-16 07:26:38', '2024-11-16 07:26:38'),
('5ac0504cac55f8f183caa06f6a1118ee3a4083a9373b89e0a89849fe9b287742ebe530557e050a18', 1, 2, NULL, '[]', 0, '2023-08-27 11:13:41', '2023-08-27 11:13:41', '2024-08-27 11:13:41'),
('5c836f4eb76049e82000305e4b99543ad1a80c5007b9411b0ae10a18c0ae4cb3e2ab97c04b3353cb', 6, 2, NULL, '[]', 0, '2023-10-16 06:31:22', '2023-10-16 06:31:22', '2024-10-16 06:31:22'),
('5cebb2c6f949f59b5355c75876a52cb1a5e52a5ae4bed1c7cdd9a40ab6361fd3b7cc425396b8de24', 6, 2, NULL, '[]', 0, '2023-11-27 10:13:47', '2023-11-27 10:13:47', '2024-11-27 10:13:47'),
('5e3b32cfec18a04fc4a69c825fcbaaa8f2c779e425be376e4136772ebfd13e01acbf58a9f99de044', 6, 2, NULL, '[]', 0, '2023-11-06 08:36:45', '2023-11-06 08:36:45', '2024-11-06 08:36:45'),
('5f796da0afb6d6dbb5a4737857601be5538383a1b6b36e26c9e9b62190bda9e32717ef4acf14fa1e', 6, 2, NULL, '[]', 0, '2023-11-17 04:03:56', '2023-11-17 04:03:56', '2024-11-17 04:03:56'),
('5f92fb08f9d68f3f00f0dc8a8c90dbd2170e07200743c91caa37694c767e5996c95c2c3e915b69ca', 6, 2, NULL, '[]', 0, '2023-11-17 09:08:04', '2023-11-17 09:08:04', '2024-11-17 09:08:04'),
('5fa083ba6354c0c7857b103631840b664155173d126cfc843b1cbb6682f20753bb253679d6fa2fb0', 1, 2, NULL, '[]', 0, '2023-08-27 11:01:38', '2023-08-27 11:01:38', '2024-08-27 11:01:38'),
('601a0898d67f290875fc9a77279b12b721d55012233cf186069bd260f511ec2e70a17237bfbfe3cc', 1, 2, NULL, '[]', 0, '2023-10-01 04:27:59', '2023-10-01 04:27:59', '2024-10-01 04:27:59'),
('602d0e0bf25693800fc1681d6d433fb3b6d80fb947060e2d9f9336a0303d70fbcaf73432f51f988c', 6, 2, NULL, '[]', 0, '2023-11-16 08:41:21', '2023-11-16 08:41:21', '2024-11-16 08:41:21'),
('60d43e5aba96f139e8a7ae88315bf85d1cfd35b3aa138cd79bb28ca362bed93f95d845ae8c1bc94b', 6, 2, NULL, '[]', 0, '2023-11-08 04:34:39', '2023-11-08 04:34:39', '2024-11-08 04:34:39'),
('60e7ac5569fbf4805c25d6031929ca6d6c800f3ad3815525278c69a286644cfddbe05f7b2818554f', 1, 2, NULL, '[]', 0, '2023-10-01 08:46:35', '2023-10-01 08:46:35', '2024-10-01 08:46:35'),
('60f5bbe8d6ce26666f9c87e3a8e4e6e7a1874260ab759cd6571657c476c8b5f721247775329858d9', 6, 2, NULL, '[]', 0, '2023-10-02 08:52:18', '2023-10-02 08:52:18', '2024-10-02 08:52:18'),
('611466eb894a7e2c411d1a5922f91e9f14e151372f6210afd787c1bb9625393251ab4c7460227163', 1, 2, NULL, '[]', 0, '2023-09-17 05:54:31', '2023-09-17 05:54:31', '2024-09-17 05:54:31'),
('619db5fea6a6b406ad886f714eb65e1cbae574d5feaac7b8f9fa2278d0cc8b72032e1d641874f2d7', 6, 2, NULL, '[]', 0, '2023-10-09 05:16:52', '2023-10-09 05:16:52', '2024-10-09 05:16:52'),
('61b27f70f6ce942933abecaf4a03a9a521771ae5cd97568301855e499088c921f90ba3e079d2aa01', 9, 2, NULL, '[]', 0, '2023-11-20 10:36:32', '2023-11-20 10:36:32', '2024-11-20 10:36:32'),
('61dd5442eca44fab7b01ca27ecf48318302fc5d49b35be806a10b9f62f903f770a56c8635a3aa0c7', 6, 2, NULL, '[]', 0, '2023-11-19 04:22:11', '2023-11-19 04:22:11', '2024-11-19 04:22:11'),
('629de5042a9134611cc9ed390ce6d03364ab435840f6b9396e6206b8d5a2b8ce4688e93b9cafa6c9', 6, 2, NULL, '[]', 0, '2023-11-16 04:27:34', '2023-11-16 04:27:34', '2024-11-16 04:27:34'),
('63242fdd9a7cd716ffdb2ec706aa84a69ed5bab805b974ee3dd11816a5e2f070c662f8d690aa0e64', 9, 2, NULL, '[]', 0, '2023-11-06 04:20:52', '2023-11-06 04:20:52', '2024-11-06 04:20:52'),
('63e3910113e12b60cbb77a7a41905279fd7663c0378031759ec1a9a26fdfe7034e17ea3d61ed34e0', 6, 2, NULL, '[]', 0, '2023-10-26 09:40:43', '2023-10-26 09:40:43', '2024-10-26 09:40:43'),
('6435fbea9f7c14910230b4040844c8141442806d0a83c24ef943f2b09df3dd1e8456e789838ca02f', 9, 2, NULL, '[]', 0, '2023-11-05 10:26:56', '2023-11-05 10:26:56', '2024-11-05 10:26:56'),
('64f4c93b2e3a70b6897da8ead464acdb7913d55599feafc07c5bea80b572f8e1bc3bede06afc6eca', 6, 2, NULL, '[]', 0, '2023-10-08 10:06:15', '2023-10-08 10:06:15', '2024-10-08 10:06:15'),
('650abf2fa9f930037d967b6732a7291ff07a20a4ab6297d4de9fe64a2c81bd2e2cdde9cb93a4d8b8', 9, 2, NULL, '[]', 0, '2023-11-21 10:24:03', '2023-11-21 10:24:03', '2024-11-21 10:24:03'),
('65d7aff335a75cb9948ccc5d0451a85a0610a8cfe1544d3d67398b5292247f743f142e2759de66cf', 6, 2, NULL, '[]', 0, '2023-11-15 11:06:30', '2023-11-15 11:06:30', '2024-11-15 11:06:30'),
('66a2678b21e65849cde25ccda78424bab1d621e7fbe06467ea19ef258719240a9dea315cd85a542f', 6, 2, NULL, '[]', 0, '2023-11-05 06:44:50', '2023-11-05 06:44:50', '2024-11-05 06:44:50'),
('671c5537ded9117ca546c52bf115e753a272eb69954ae55e224e8e5162beac0c8d4bf6dbd637c29c', 6, 2, NULL, '[]', 0, '2023-10-09 08:54:17', '2023-10-09 08:54:17', '2024-10-09 08:54:17'),
('673923f71c7c44aa7bfb8b6547f4e274b5e2f5472b9f21166564cf57f068d207805ea4c4e27e33c6', 6, 2, NULL, '[]', 0, '2023-11-17 05:50:45', '2023-11-17 05:50:45', '2024-11-17 05:50:45'),
('6769cb07edc3fa6c92c85e8268372311bbe4b3a2686ce4beb366a24a8644172ae86b7ca5caf2562e', 1, 2, NULL, '[]', 0, '2023-08-27 10:58:54', '2023-08-27 10:58:54', '2024-08-27 10:58:54'),
('681c70181f682971ee7dd5cc48c448fbbc47e23d7e0ff561edbf24ba8abbb0bd5c0dc3e1baf6a4af', 6, 2, NULL, '[]', 0, '2023-11-16 18:02:58', '2023-11-16 18:02:58', '2024-11-16 18:02:58'),
('684fb38dd92883c38dfce7bcd3bf5aea86cced2024740e0c3ca98e6eeb59f8bd86c7ff04aba9ce49', 6, 2, NULL, '[]', 0, '2023-11-01 06:45:10', '2023-11-01 06:45:10', '2024-11-01 06:45:10'),
('68553460246a5dfd9974da46fdaf649f96a3fa466dd202a8648bff3a0b0721a9ce383129d361ecde', 2, 2, NULL, '[]', 0, '2023-11-02 10:20:39', '2023-11-02 10:20:39', '2024-11-02 10:20:39'),
('68d42853f97496383ad8ca10c7c7b14f3b7b6fbc6a174fbab014e829beacbb7081875178485d9e84', 2, 2, NULL, '[]', 0, '2023-10-11 08:40:31', '2023-10-11 08:40:31', '2024-10-11 08:40:31'),
('68f8548b6d51b3fd6f6b9e0bb11b5a9c0d8cd5c70eafb44cd61f76083f14685f80c60ec0884cfaa5', 6, 2, NULL, '[]', 0, '2023-11-17 09:11:39', '2023-11-17 09:11:39', '2024-11-17 09:11:39'),
('6903caae3849d95712786e38cf3f0dd686de48f9417be51b07d00af8039e0b5f292433e862e6986a', 6, 2, NULL, '[]', 0, '2023-11-27 04:00:39', '2023-11-27 04:00:39', '2024-11-27 04:00:39'),
('6961420386b7573b47302db23b8f3ffb1e4c89b99cb5edc861ca129817b45c31850b0e78f77d9042', 1, 2, NULL, '[]', 0, '2023-08-27 10:59:12', '2023-08-27 10:59:12', '2024-08-27 10:59:12'),
('6982b1c90c3f3be7c6b444582ffa62c537f62d33b50de168fad48df850b8d4d13c37de456b4f3896', 6, 2, NULL, '[]', 0, '2023-10-22 04:02:24', '2023-10-22 04:02:24', '2024-10-22 04:02:24'),
('6a2f6bcd18cd5eae873f393f3e2a4bed3bd9b19315f98b82ade8c26c694e8a7fb28cc81e2188b9c4', 1, 2, NULL, '[]', 0, '2023-09-21 06:51:26', '2023-09-21 06:51:26', '2024-09-21 06:51:26'),
('6abe27edf4ff43c8e3383d4a02241e8394c73a3ac1d5c8d6749975f9442e5413b2da23cf65153fcc', 6, 2, NULL, '[]', 0, '2023-10-16 06:28:18', '2023-10-16 06:28:18', '2024-10-16 06:28:18'),
('6acdb3a1135906b18afda29851388c1fe10de99101e5106dbaa933b7b9191e99779a0220d56b3034', 9, 2, NULL, '[]', 0, '2023-11-15 08:44:49', '2023-11-15 08:44:49', '2024-11-15 08:44:49'),
('6ae512dc323c1315e8939ef146afceba9d789a92f8cecb48ff5c3eafee01647cbd97cc85358a76ff', 6, 2, NULL, '[]', 0, '2023-11-09 03:58:18', '2023-11-09 03:58:18', '2024-11-09 03:58:18'),
('6b133ed43decbfd73e9890df5030695b52c86a98addeda0beba3aee2366e78580aedc3142fc4b5d2', 2, 2, NULL, '[]', 0, '2023-11-26 03:58:05', '2023-11-26 03:58:05', '2024-11-26 03:58:05'),
('6beb3fd96336770b5fdd35de7a86c6fd8897d339e5549cc03e9cf3cacfed68b7435da9887e773adc', 6, 2, NULL, '[]', 0, '2023-10-16 03:57:57', '2023-10-16 03:57:57', '2024-10-16 03:57:57'),
('6bf135ef02551255d366434876a234690a377c4cc5e0786e26c65f97f9c245703bdc569775afe64d', 13, 2, NULL, '[]', 0, '2023-11-21 05:43:31', '2023-11-21 05:43:31', '2024-11-21 05:43:31'),
('6d25e6fff5bcc580717118e1d94ba8c5234285aee6a0d483d3c1f7cfc12c8e2d186a1e7a6bf7ddf6', 6, 2, NULL, '[]', 0, '2023-11-16 05:02:33', '2023-11-16 05:02:33', '2024-11-16 05:02:33'),
('6d41e401105c38bc14f13de9efc35a484c3aedac1f8f843cd5566fef62ed71e0dda1fe5ca19e422f', 2, 2, NULL, '[]', 0, '2023-10-16 10:23:31', '2023-10-16 10:23:31', '2024-10-16 10:23:31'),
('6d78815de0d7d423486cbc0a54cea0dc7531b4a069d10949240b1b1cfeaff57811a5b1b4acf06339', 9, 2, NULL, '[]', 0, '2023-11-21 05:22:15', '2023-11-21 05:22:15', '2024-11-21 05:22:15'),
('6d94e1c365629af9cc781e2daf94827d3027066f82f643d950425cca49f0065b8621eea4ab1ea445', 9, 2, NULL, '[]', 0, '2023-11-05 10:05:24', '2023-11-05 10:05:24', '2024-11-05 10:05:24'),
('6dc8ba018e850045fa2e50e09565162f229758065d78aa4a9829ef4cf584f8d873586127c8df14aa', 6, 2, NULL, '[]', 0, '2023-11-16 08:45:22', '2023-11-16 08:45:22', '2024-11-16 08:45:22'),
('6dee29a93358bf6123fab8bc6be839d9c1d201fa198f666b3dc46d658a3bc3d026a4499dec48f050', 2, 2, NULL, '[]', 0, '2023-10-15 04:12:56', '2023-10-15 04:12:56', '2024-10-15 04:12:56'),
('6e314c0c6da01dbdee2e705df3986a1262be2756ae1dc1e5dd0ce7b4da119a078964a417d3854528', 2, 2, NULL, '[]', 0, '2023-10-25 06:15:22', '2023-10-25 06:15:22', '2024-10-25 06:15:22'),
('6e827636a07be4a447adc6131e374a225c4a36bae979721bbc8f1a55daaaa132201ee60af7a56142', 6, 2, NULL, '[]', 0, '2023-11-09 04:41:22', '2023-11-09 04:41:22', '2024-11-09 04:41:22'),
('6e8437008ef19abe6db651a617840aa65f88a018c09124e4829eb93509f2791365c12e2390f6875f', 6, 2, NULL, '[]', 0, '2023-11-16 05:21:08', '2023-11-16 05:21:08', '2024-11-16 05:21:08'),
('6e8839abffb3a9e2024063e6a12b6956a747efd927c0a48958cc0f0af50b13157ac3be5390c458b2', 2, 2, NULL, '[]', 0, '2023-11-15 10:56:39', '2023-11-15 10:56:39', '2024-11-15 10:56:39'),
('6ef9c7f2b7ac646ac44ac2b59eae8a38c420b286316c0217aaf9bb8e325a55894d7c3fd99cc76833', 2, 2, NULL, '[]', 0, '2023-10-18 04:15:48', '2023-10-18 04:15:48', '2024-10-18 04:15:48'),
('6f4018d843c13f06bb45a6f53f92e8c82e99adbb70cf4ef55086d22d8fb52c2c4d466ce92b49eafd', 2, 2, NULL, '[]', 0, '2023-10-15 06:32:18', '2023-10-15 06:32:18', '2024-10-15 06:32:18'),
('6ff48c4bd6ae395f0062990f76665a3e3cd1fed9d5c9fd433856ba557003854a2a1754802c8a8877', 6, 2, NULL, '[]', 0, '2023-11-15 11:24:02', '2023-11-15 11:24:02', '2024-11-15 11:24:02'),
('70595e54c30aa6b66471b4f2851d6b507f4c41818caece4f575149afb4a10d3bfd72d7f7c6b7075a', 6, 2, NULL, '[]', 0, '2023-10-29 05:51:29', '2023-10-29 05:51:29', '2024-10-29 05:51:29'),
('70d345962b98609fbfedf888781c5602265c24c7e8155fa4fd8ee79262f33aa236eb704fb5982fca', 6, 2, NULL, '[]', 0, '2023-11-23 11:57:51', '2023-11-23 11:57:51', '2024-11-23 11:57:51'),
('70f93a92bf716c448b36a0f0fb8013c374c9b37c0a82f1fbb0234980457eac40e0b75ef8c016f246', 6, 2, NULL, '[]', 0, '2023-10-30 10:55:03', '2023-10-30 10:55:03', '2024-10-30 10:55:03'),
('716dd22452ffca4c4494742ec87a52632c1182138d8fa94d33e2597d75baba1f3996e75ca838bf4c', 6, 2, NULL, '[]', 0, '2023-10-18 09:07:36', '2023-10-18 09:07:36', '2024-10-18 09:07:36'),
('7184aa538ebe3db9b0368af213df93d18fad2035786e0301d8e9a54c9eeacb3f3d30a3d361fc95e6', 6, 2, NULL, '[]', 0, '2023-10-15 06:26:13', '2023-10-15 06:26:13', '2024-10-15 06:26:13'),
('722751cd2474343f80a2b5c4e9ac7f1191875ecd5c9972e6fb49bcda4d55a5705773c5ff7a59a6ec', 6, 2, NULL, '[]', 0, '2023-11-06 11:28:55', '2023-11-06 11:28:55', '2024-11-06 11:28:55'),
('723cf36bca6e3ed48ed7eb5453e9874ddf06d6604c6b382b6ac93f6e1d32b243f0179b0a7acda6e8', 6, 2, NULL, '[]', 0, '2023-11-16 12:06:38', '2023-11-16 12:06:38', '2024-11-16 12:06:38'),
('72fde0908841e837ee0d0c5c9bf3dfb985861ad40428c5b14c9754b6fe6e505d3f41fcfb1e34c0df', 6, 2, NULL, '[]', 0, '2023-11-27 07:31:50', '2023-11-27 07:31:50', '2024-11-27 07:31:50'),
('738d4a20e81485b5d7fc05bc8dbf7d5a58e8924b3e2d1ff39c8b2bd2354a1ac67bd6efe5db3da654', 6, 2, NULL, '[]', 0, '2023-10-19 06:55:12', '2023-10-19 06:55:12', '2024-10-19 06:55:12'),
('7453c6e9eb75e69d10f5a3a298a4b5cf743c2a1914509018430a7d61d74126abf0b2c50e919d751a', 1, 2, NULL, '[]', 0, '2023-08-27 09:02:03', '2023-08-27 09:02:03', '2024-08-27 09:02:03'),
('74951444615fe8054f391d2f921a2ed75ca7ca66cf9182d71919abbc4bf11c81bea360635e20d517', 6, 2, NULL, '[]', 0, '2023-10-16 03:49:59', '2023-10-16 03:49:59', '2024-10-16 03:49:59'),
('74bd0a8687ba653e5e982a2a67943d023fe99ab761f02de0f332914cede4f456a37c055332289988', 6, 2, NULL, '[]', 0, '2023-10-19 07:05:45', '2023-10-19 07:05:45', '2024-10-19 07:05:45'),
('756f9cd1370324eea5a67f9567dd587f15dac38e63a3a94a976a3bdd9a5b0cd4f9329ef82072a103', 1, 2, NULL, '[]', 0, '2023-08-27 11:13:06', '2023-08-27 11:13:06', '2024-08-27 11:13:06'),
('75aea3534b51c21380a71398a233ee505680e9f037e1b0e7e0e0fb68130e71904cf0d436d1e85129', 1, 2, NULL, '[]', 0, '2023-10-12 09:23:38', '2023-10-12 09:23:38', '2024-10-12 09:23:38'),
('75cd21de7333be9396086dd0042df161f2d633865baed2fd888678dcbc781700d2c2f3c627169745', 6, 2, NULL, '[]', 0, '2023-10-17 04:22:42', '2023-10-17 04:22:42', '2024-10-17 04:22:42'),
('761be8a671cdbf56395de5e005fd80dcce14137a73fc5a601e54c0004ff01ef05e5c301c663e3770', 1, 2, NULL, '[]', 0, '2023-08-28 06:48:39', '2023-08-28 06:48:39', '2024-08-28 06:48:39'),
('76c57cc7da0250fa0514fce634ac3bfedd7f87a2433573faf5b3905d440d8c3506d6b995d2d33b1d', 6, 2, NULL, '[]', 0, '2023-10-15 05:28:59', '2023-10-15 05:28:59', '2024-10-15 05:28:59'),
('76cca4d6fe3642b6c5d974fab5defd76cf5a44ceb60af64220336beddb76b875e79aa622a22dfbca', 6, 2, NULL, '[]', 0, '2023-11-20 09:30:27', '2023-11-20 09:30:27', '2024-11-20 09:30:27'),
('77663400abf5c8f6cf3f441bfbc1605b2e942f7816cdfdf49398c0d69ac4a2ddca5dceee912ccf4e', 6, 2, NULL, '[]', 0, '2023-11-15 04:06:32', '2023-11-15 04:06:32', '2024-11-15 04:06:32'),
('776f34a2d0af20e08783bf99ccf5105c32dc5479d8004a73f0827b01e699ee1c117b69558cf9537d', 6, 2, NULL, '[]', 0, '2023-11-16 08:56:53', '2023-11-16 08:56:53', '2024-11-16 08:56:53'),
('77adcee3b0fd6f343638696429bbeea1c44c85707885ce5b5228b051d6dc7f0df1cbe2abf2826c86', 6, 2, NULL, '[]', 0, '2023-11-04 17:25:15', '2023-11-04 17:25:15', '2024-11-04 17:25:15'),
('7909bad423e07531ba87683ace94de21fc12271b58659a5afa894b45e661e4d66ee1c3cb969dc868', 6, 2, NULL, '[]', 0, '2023-10-31 06:18:44', '2023-10-31 06:18:44', '2024-10-31 06:18:44'),
('7971b6b7d2b851f1061d8fc67ce15a3edd627bcc645a84634df8b68d25bf5bbf178a43892d1ccb18', 6, 2, NULL, '[]', 0, '2023-10-29 06:15:57', '2023-10-29 06:15:57', '2024-10-29 06:15:57'),
('7a997b4d220adb69ca5d1dddf07706f0bbc3468b8b8a277c17ad13f11b6edbd9f0b0b11f0e1969aa', 1, 2, NULL, '[]', 0, '2023-08-27 11:14:06', '2023-08-27 11:14:06', '2024-08-27 11:14:06'),
('7b06d8656038c3eff2b95d4388ee87e43f4064f34bab1caad08406ac36da5656bd2ef9a4e9162d24', 6, 2, NULL, '[]', 0, '2023-10-25 04:17:32', '2023-10-25 04:17:32', '2024-10-25 04:17:32'),
('7b0bb73a159a68b477691f0ceb194aeaa9290038c7e140c151ff4c6a72b8ec800f5498353b123cc9', 1, 2, NULL, '[]', 0, '2023-10-15 04:53:41', '2023-10-15 04:53:41', '2024-10-15 04:53:41');
INSERT INTO `oauth_access_tokens` (`id`, `user_id`, `client_id`, `name`, `scopes`, `revoked`, `created_at`, `updated_at`, `expires_at`) VALUES
('7b9d273073d18d7dd112ffb7b59daf1a8b016a01c80add74ab9ffea908e45e85ecfec90dc283f756', 6, 2, NULL, '[]', 0, '2023-11-27 11:13:40', '2023-11-27 11:13:40', '2024-11-27 11:13:40'),
('7ce4187bef6305004e85aabd71594a69855d45ce28b27cef534fcdd3f492ba955b50550310c57728', 6, 2, NULL, '[]', 0, '2023-11-05 04:52:38', '2023-11-05 04:52:38', '2024-11-05 04:52:38'),
('7d0a15f4f7618775524975c737844be05288d297699af18dac1576007b95d1bd1b7dc95022e156d8', 6, 2, NULL, '[]', 0, '2023-11-02 06:52:14', '2023-11-02 06:52:14', '2024-11-02 06:52:14'),
('7d251800ffb008a1bf07541fda6dbe186b675f9317415fd3a43f2d3d6ecb324da821f62f1cee11c5', 1, 2, NULL, '[]', 0, '2023-08-27 09:35:57', '2023-08-27 09:35:57', '2024-08-27 09:35:57'),
('7d6383bbc1c4b2a9efbe573c3e0f669220a4f2d3875285b2be058e456cd42d2f4bbab22607e63921', 6, 2, NULL, '[]', 0, '2023-10-22 05:40:50', '2023-10-22 05:40:50', '2024-10-22 05:40:50'),
('7dd7202923b30f014fc010a158fb7dcb6dfce7c7800356385168e03a61a971365a1d55bec22b7854', 1, 2, NULL, '[]', 0, '2023-08-27 08:28:06', '2023-08-27 08:28:06', '2024-08-27 08:28:06'),
('7de3dff036f5a562337e1e053004ae88343ce10deb2f790fac29daed2eeffe2c793350c186c391ec', 9, 2, NULL, '[]', 0, '2023-11-19 11:00:49', '2023-11-19 11:00:49', '2024-11-19 11:00:49'),
('7de9a531476acaed4a88dddd27aaa3728eb7f5d0ffffc83f2a5beb346b3bd05f570c9bf8f41f8434', 9, 2, NULL, '[]', 0, '2023-11-27 09:31:43', '2023-11-27 09:31:43', '2024-11-27 09:31:43'),
('7eb4c8710e9a1c0f0eb25c7c26a628b8ba33fb2b101069ff3a9d71904c502a14da99347deb28fea0', 9, 2, NULL, '[]', 0, '2023-11-23 03:56:22', '2023-11-23 03:56:22', '2024-11-23 03:56:22'),
('7eb7f19bbeda193ff47ee42774f457f31584cfd89fe8e96202af2e8e11f480d1a0ea8de0fd5ed8d1', 6, 2, NULL, '[]', 0, '2023-11-13 04:21:48', '2023-11-13 04:21:48', '2024-11-13 04:21:48'),
('7ec2e00c4365d81d5feb3e0f4d2d94496d2ea8dbbee3f74947fde2cb75c299154f46fd85850e91ac', 1, 2, NULL, '[]', 0, '2023-08-27 12:10:35', '2023-08-27 12:10:35', '2024-08-27 12:10:35'),
('80297f0072b525ece7e5d45a0347315393129fbfb3ecfb0387c26c307e83914ab773067bd1697d09', 9, 2, NULL, '[]', 0, '2023-11-20 14:39:21', '2023-11-20 14:39:21', '2024-11-20 14:39:21'),
('811652c98662243c214f0e4c57787f4768ec069b6d0d85c5d9c427938595509a21db29068a3bf120', 6, 2, NULL, '[]', 0, '2023-11-09 06:14:20', '2023-11-09 06:14:20', '2024-11-09 06:14:20'),
('819a4187f373df9ec50bb97dccee04b555f09a35ea48adcf9dbcdd61206d62c8ffa5edd782d0c652', 6, 2, NULL, '[]', 0, '2023-11-05 09:53:04', '2023-11-05 09:53:04', '2024-11-05 09:53:04'),
('822849aedc6920d2ec946f8a499091e735114772d6ea1f689680fce9efacb7f49583ee8008fe8297', 1, 2, NULL, '[]', 0, '2023-08-27 08:23:37', '2023-08-27 08:23:37', '2024-08-27 08:23:37'),
('838df99eef9b2383037a392ec6a5f8f770bb12624018b2cbc66fff09562424f556f08d91ad0ab40f', 6, 2, NULL, '[]', 0, '2023-10-19 04:08:26', '2023-10-19 04:08:26', '2024-10-19 04:08:26'),
('850ee538d62bf1cf4f2929ca8c3ddb330422186f30a1354b6536effd169f687a2204501787a8b7a5', 1, 2, NULL, '[]', 0, '2023-09-24 04:41:53', '2023-09-24 04:41:53', '2024-09-24 04:41:53'),
('8539c39a5f92ae534ae5c42ac61fe718b8d84de54f02f2da78cc1149d42a633aff3e69e874ea5362', 6, 2, NULL, '[]', 0, '2023-11-16 14:49:30', '2023-11-16 14:49:30', '2024-11-16 14:49:30'),
('855d3eae422f041060a353deb6abe2ba6b1420e796093036f3153da5040f3bacfc395dea51d61145', 6, 2, NULL, '[]', 0, '2023-10-12 07:08:58', '2023-10-12 07:08:58', '2024-10-12 07:08:58'),
('8583b126cddeb96c89dd5590e937c040758d9c0c8c0fb070c7c1e0ebfa39b7688e4943078e031eb6', 2, 2, NULL, '[]', 0, '2023-10-16 08:22:05', '2023-10-16 08:22:05', '2024-10-16 08:22:05'),
('8685004c81bb68795bbf0cc539ac9e4c47263d80185cbf4a3203f8e31b06b566b5be6a5954a62465', 6, 2, NULL, '[]', 0, '2023-11-05 09:51:18', '2023-11-05 09:51:18', '2024-11-05 09:51:18'),
('871c15b7958d411b94a8225f56af2c28161bb4d244e425e57543f09fe6ecf6d386bf1397bdebddd3', 1, 2, NULL, '[]', 0, '2023-08-27 11:11:04', '2023-08-27 11:11:04', '2024-08-27 11:11:04'),
('87dde0a08973fe02e71eed1d5ecf19cc52d78d2212984c8326abfb0d564a9104567274458d7c28fc', 6, 2, NULL, '[]', 0, '2023-11-20 05:38:21', '2023-11-20 05:38:21', '2024-11-20 05:38:21'),
('882bbecf3014bade30bd0d2d1c9b166fb3feb7b3307729a1219221313b9b58784d694cdc2c850351', 1, 2, NULL, '[]', 0, '2023-10-01 09:42:10', '2023-10-01 09:42:10', '2024-10-01 09:42:10'),
('885fd118b003c6d400f5880169f6f535c082fe5d01558a2e8de9a307f6ce82705914f1bc6773999b', 6, 2, NULL, '[]', 0, '2023-11-16 12:27:01', '2023-11-16 12:27:01', '2024-11-16 12:27:01'),
('8871960a922d6a9cd8a4aba4bb0fa7f306b8388e376cfe6ce7feaf2b1278694f7176df22f36c1192', 1, 2, NULL, '[]', 0, '2023-08-28 03:55:20', '2023-08-28 03:55:20', '2024-08-28 03:55:20'),
('8940b35ef350392c8b075d581d2fae529ae91c4d8c601dd52e9cbfad4072662d45c2222526c32cd6', 6, 2, NULL, '[]', 0, '2023-11-27 04:00:49', '2023-11-27 04:00:49', '2024-11-27 04:00:49'),
('8a065b19c0db1fe71e7f6e94bbd9d7928890679f544b93c4e4883e12810bb54824d0d8129e4b84aa', 2, 2, NULL, '[]', 0, '2023-10-10 11:11:42', '2023-10-10 11:11:42', '2024-10-10 11:11:42'),
('8a0aac62afa4bfd3ed92505471fa2ac1997dd876323d8284f5c9cd4fd830d8bb260e45386005d1ee', 6, 2, NULL, '[]', 0, '2023-11-26 06:13:39', '2023-11-26 06:13:39', '2024-11-26 06:13:39'),
('8a300f835f9c6e53fa82e995ff0e0c7df4e135a57c3fd60b9392d5d4267abcc39ca5374b3278f45e', 6, 2, NULL, '[]', 0, '2023-11-09 05:13:07', '2023-11-09 05:13:07', '2024-11-09 05:13:07'),
('8abc417f4107053da15524904f837444106d038cf35ca740a9a6847513d2bf335a6905a251ff832c', 6, 2, NULL, '[]', 0, '2023-10-30 11:45:35', '2023-10-30 11:45:35', '2024-10-30 11:45:35'),
('8b036efe4045694c7616009a39340b2b7c5095045836982ddc20da314133d870211c93882a8f2cfe', 6, 2, NULL, '[]', 0, '2023-11-16 05:23:12', '2023-11-16 05:23:12', '2024-11-16 05:23:12'),
('8c33a2719f553188a3eae5cda9c02e3790b29884570cd23cf6f7db23739e874275c768c480c9e9c6', 6, 2, NULL, '[]', 0, '2023-10-31 07:26:10', '2023-10-31 07:26:10', '2024-10-31 07:26:10'),
('8c3dee4eedd318a89a31d694c52ff0dd851096c1ab2423cb307fbd79553023ab7893a6db6994fd2d', 6, 2, NULL, '[]', 0, '2023-10-09 09:25:33', '2023-10-09 09:25:33', '2024-10-09 09:25:33'),
('8c83e7809782bc016674aa5c07e9a54de890147dd99ea844e1ea9a0f9782740ec207fec2669a2cd5', 9, 2, NULL, '[]', 0, '2023-11-06 05:37:48', '2023-11-06 05:37:48', '2024-11-06 05:37:48'),
('8cc283116819bf9c3cbffda5fd7d36c0b6279e6c2da693aab10bea5ddacfc62df714c4273be0951a', 9, 2, NULL, '[]', 0, '2023-11-06 08:55:54', '2023-11-06 08:55:54', '2024-11-06 08:55:54'),
('8ce1fae48fc6eaf62b0eeb3c6040190932d6902989a83057f4baf3bd8a9f0917d7834e8f04733fa2', 6, 2, NULL, '[]', 0, '2023-10-26 04:12:58', '2023-10-26 04:12:58', '2024-10-26 04:12:58'),
('8d09196d63d5aeab9283412eacf62e04a091929c2313e8623dd59244ef7784237592d409e7d251de', 6, 2, NULL, '[]', 0, '2023-11-15 10:01:43', '2023-11-15 10:01:43', '2024-11-15 10:01:43'),
('8d44c6eb34af237f958bc72a9b9f34d596131ad722921be1d71392ceef6fbfddba72019b998fb10c', 6, 2, NULL, '[]', 0, '2023-11-17 13:42:04', '2023-11-17 13:42:04', '2024-11-17 13:42:04'),
('8dd8e5d14940ca2370a6f701372f037091701f7216667bb5095e0706c29668f4bd4253df8b261816', 6, 2, NULL, '[]', 0, '2023-11-16 05:01:17', '2023-11-16 05:01:17', '2024-11-16 05:01:17'),
('8eba51228d7b05d1d7465a59e5819fc2c473ce6c00b83158ae90fb787e98772e8f901ee9c045ba09', 6, 2, NULL, '[]', 0, '2023-11-02 06:49:24', '2023-11-02 06:49:24', '2024-11-02 06:49:24'),
('8ef0cd48f7962ca2bf19335b46030846c4104827e373af42d6bf3bb835a76435db20ed9493b65663', 6, 2, NULL, '[]', 0, '2023-11-05 06:04:45', '2023-11-05 06:04:45', '2024-11-05 06:04:45'),
('8f1dde8c77a2e740203d394ab33573257c7f2ed29fc8f2688e9b97064fdb9dfdd51eb8684ab41e9b', 6, 2, NULL, '[]', 0, '2023-11-14 03:58:24', '2023-11-14 03:58:24', '2024-11-14 03:58:24'),
('90a6819aac4d8bca7be20a1c3b9d45282e4712c59a75a9160b65346949ee17e3cae7d333dc864b01', 6, 2, NULL, '[]', 0, '2023-10-30 10:20:11', '2023-10-30 10:20:11', '2024-10-30 10:20:11'),
('90f7a1927bc7f8cab4c782a0c58893808babd979ee7527677bb7c1768c8f4879cd48bde4c3fe62c0', 6, 2, NULL, '[]', 0, '2023-10-29 08:50:27', '2023-10-29 08:50:27', '2024-10-29 08:50:27'),
('9161a34509352d4173aa64f8c56e6e74738446e78982e096edb68e6479ab9e24ce1d407c2006073d', 2, 2, NULL, '[]', 0, '2023-10-15 06:37:11', '2023-10-15 06:37:11', '2024-10-15 06:37:11'),
('9176031eec76e2e356c841ad280bc34b0208d80f04c25b61af36bca934bd97f093b51d255736f76c', 1, 2, NULL, '[]', 0, '2023-09-21 04:21:46', '2023-09-21 04:21:46', '2024-09-21 04:21:46'),
('91807820b6146b71c4f164905acfeec6283f905b93a042506092c964ff9e12f831e7df8feb3b945f', 6, 2, NULL, '[]', 0, '2023-11-01 04:19:08', '2023-11-01 04:19:08', '2024-11-01 04:19:08'),
('91c8ce61f73a81b13275badfddb9badb077782fe222bc2e9640c243f662629065c64661b5c587d6e', 6, 2, NULL, '[]', 0, '2023-10-08 09:37:24', '2023-10-08 09:37:24', '2024-10-08 09:37:24'),
('9228ec7a54e5fee623cb8c82cfe226158a62c439bcc79aacb17246b44bc7347aadabb7db88268bf4', 2, 2, NULL, '[]', 0, '2023-11-09 04:27:19', '2023-11-09 04:27:19', '2024-11-09 04:27:19'),
('931f45dbba6013d04649119ee4646967a96c5a05b7025d230249ec1400ed05d617e8a4c7b635cf31', 6, 2, NULL, '[]', 0, '2023-11-16 04:23:04', '2023-11-16 04:23:04', '2024-11-16 04:23:04'),
('9338fde3e004a80820a43c9873a279a27f83eaa642cdd0b74d30881466841af774d3a13e817c3ae0', 2, 2, NULL, '[]', 0, '2023-11-16 06:52:30', '2023-11-16 06:52:30', '2024-11-16 06:52:30'),
('935d82c97f343523dae95a27dd999bb089fc1227445e6e05e2b6976fee2d8cc71b754d4ce81f6a49', 6, 2, NULL, '[]', 0, '2023-10-30 05:30:44', '2023-10-30 05:30:44', '2024-10-30 05:30:44'),
('93c9d22a595a05cad2ae186dc8b8e39f0de962b525c69eb1787d8a440f5f59b73b800bf45d31bcf2', 1, 2, NULL, '[]', 0, '2023-08-27 08:36:15', '2023-08-27 08:36:15', '2024-08-27 08:36:15'),
('94bf0bb9463853038bcf9fc9808ea9b474e0a80ce58dbee9cd77dd57a8edeba8c04a29834b314b6a', 6, 2, NULL, '[]', 0, '2023-10-30 10:12:35', '2023-10-30 10:12:35', '2024-10-30 10:12:35'),
('95b31cbe34e6ffeaa8d01bab91db262ca5e2ce8baded9360742623ca56cf89c36f7c4c5116dfe0c4', 1, 2, NULL, '[]', 0, '2023-08-27 11:56:49', '2023-08-27 11:56:49', '2024-08-27 11:56:49'),
('963c282e2e0e6caba862fafaaedb936ac9313f3f835de5c006ba9e7029c8ab7d862db9bef05fcfa9', 6, 2, NULL, '[]', 0, '2023-10-31 03:59:36', '2023-10-31 03:59:36', '2024-10-31 03:59:36'),
('96e69cf04363bef22d304b5672ec0165398d152d414a1286f6875bedf8982bdc6a4706023dfd2fca', 2, 2, NULL, '[]', 0, '2023-10-16 09:17:37', '2023-10-16 09:17:37', '2024-10-16 09:17:37'),
('971c2432c9a076e4e6d9a4d5dfd60d15e3e40a1f4db7db7e2665e6e2c3b86f1962f46c41d45f46bb', 2, 2, NULL, '[]', 0, '2023-11-18 07:55:08', '2023-11-18 07:55:08', '2024-11-18 07:55:08'),
('9765d5a2914854a703d25a82d2caf78e1c30c71eb2a1ec650595a771268f44d3c6290858db071eba', 1, 2, NULL, '[]', 0, '2023-08-27 11:13:30', '2023-08-27 11:13:30', '2024-08-27 11:13:30'),
('98649c88c16e4d2d8adaa088952d6ef6fe49f7069357bbf12206ecf4d01c1c5a8ab19722bd0f4ab7', 6, 2, NULL, '[]', 0, '2023-11-17 11:28:26', '2023-11-17 11:28:26', '2024-11-17 11:28:26'),
('98d1cb66b471589200148165198d3c411b412fb0a1011958c0b0ef59d57b4b7ac917a7d0017f61ea', 13, 2, NULL, '[]', 0, '2023-11-16 07:24:44', '2023-11-16 07:24:44', '2024-11-16 07:24:44'),
('98e90874150a80d3c96098781038ef3d51e773f48e6eb7a70927fc11442537e06f59badb9fa2af15', 1, 2, NULL, '[]', 0, '2023-10-18 06:19:13', '2023-10-18 06:19:13', '2024-10-18 06:19:13'),
('992a3ae510c6755aa9f737e47d5556683e06f272a5dddaf42da2b331d13b1ebc77ff2ba305d858c8', 1, 2, NULL, '[]', 0, '2023-09-21 06:10:04', '2023-09-21 06:10:04', '2024-09-21 06:10:04'),
('99965dff4a39f08bf80d5d27fcc85a36e176d47e2ec9b8fe7693d4a10c9ca66a343c8140e72ec01a', 6, 2, NULL, '[]', 0, '2023-10-25 03:54:22', '2023-10-25 03:54:22', '2024-10-25 03:54:22'),
('99b4f83173a20274e0503d25633659767bd95f66d612f86e38a0446ca4c00a609927258c4df7c8dc', 6, 2, NULL, '[]', 0, '2023-10-18 10:34:23', '2023-10-18 10:34:23', '2024-10-18 10:34:23'),
('99f240e867a429bd1c3d142d8c45cdf70554dc343bf6b1cfd3b650f7a7269540968c42e5b6ef0840', 6, 2, NULL, '[]', 0, '2023-10-17 06:44:09', '2023-10-17 06:44:09', '2024-10-17 06:44:09'),
('9ae71355281a0d3762e6db6dd7ce388af11df0d671376c13cbdaedf6e2fe69ec131c41786caae7aa', 2, 2, NULL, '[]', 0, '2023-10-11 06:56:31', '2023-10-11 06:56:31', '2024-10-11 06:56:31'),
('9b2d6b59ccd237f5001ccc54b13c4cb20c8838c4a4c518364ecf45a88824b14ddf217e0f01d3aaab', 9, 2, NULL, '[]', 0, '2023-11-20 15:01:13', '2023-11-20 15:01:13', '2024-11-20 15:01:13'),
('9ba71e0a5be2e3648f11a89063de622bdf55a3d0b6f9ad30660f02205ef911392b18fc8dc7b1893d', 1, 2, NULL, '[]', 0, '2023-10-01 06:02:34', '2023-10-01 06:02:34', '2024-10-01 06:02:34'),
('9baaf4b5ab657b2438dcb230a92b81e9b84f06c8904f278bec06c813afce41f733a549d11d5c13b6', 9, 2, NULL, '[]', 0, '2023-11-20 14:58:14', '2023-11-20 14:58:14', '2024-11-20 14:58:14'),
('9c67add799f2f5222055d07fa7aae243c27005fec439d1c14436191a6f9374d3ece85b05c24d0537', 9, 2, NULL, '[]', 0, '2023-11-17 10:36:47', '2023-11-17 10:36:47', '2024-11-17 10:36:47'),
('9d56f9a4ffb499583004de9143649506018c948e93f1c6c429934802c322899005ab268c423ba84d', 6, 2, NULL, '[]', 0, '2023-10-18 09:18:09', '2023-10-18 09:18:09', '2024-10-18 09:18:09'),
('9d98d319dc3fdc8aff8ed04b1c36ff5304ba6ff83748042cccf6ca689373977ac70d1c7926b49598', 6, 2, NULL, '[]', 0, '2023-11-05 09:07:15', '2023-11-05 09:07:15', '2024-11-05 09:07:15'),
('9d99794103a1b164770ca345017e61e4ac7d112eb4b34715e6d3d2149ade44e4b10463e1f6df6e3a', 6, 2, NULL, '[]', 0, '2023-11-17 09:10:44', '2023-11-17 09:10:44', '2024-11-17 09:10:44'),
('9e9c003d55741f0b0617b77211df2b6b40d1de93adfa8f0001b072e23816768093763c101639002d', 1, 2, NULL, '[]', 0, '2023-08-27 08:24:04', '2023-08-27 08:24:04', '2024-08-27 08:24:04'),
('9f2a7fac571c9f6d130a3e803abb9ea2588b6d95ef588de5f8538c4b898f3191c0675c0249c56918', 4, 2, NULL, '[]', 0, '2023-08-27 08:45:10', '2023-08-27 08:45:10', '2024-08-27 08:45:10'),
('9f8a9bbe7b173c7a8577b608396c980f008775681b15f7d7fd656321135b4549e5ca89c1aa5a7e6c', 6, 2, NULL, '[]', 0, '2023-11-06 10:53:24', '2023-11-06 10:53:24', '2024-11-06 10:53:24'),
('9fa622dc8ddfc7a2bf36a37384d476e1958c26975338b9301f692938febaa657e3e74da17a41a857', 6, 2, NULL, '[]', 0, '2023-10-15 04:07:31', '2023-10-15 04:07:31', '2024-10-15 04:07:31'),
('a0701853832c4de950f05c357a2467f3d89b42868e28628e610b9b54904f0817fb7973315146e4bb', 9, 2, NULL, '[]', 0, '2023-11-12 06:28:25', '2023-11-12 06:28:25', '2024-11-12 06:28:25'),
('a155eee2c960595932166eb35c95b7b92090e7b749de3df21f77d29664f07cf683bb4af45b004515', 6, 2, NULL, '[]', 0, '2023-11-05 06:31:24', '2023-11-05 06:31:24', '2024-11-05 06:31:24'),
('a18d6ce0d3d649096f0e7228d720775c338e8627fe2a572cb05c4cf794c2a2fa5c6a9f33087eedeb', 6, 2, NULL, '[]', 0, '2023-11-02 06:04:39', '2023-11-02 06:04:39', '2024-11-02 06:04:39'),
('a2051c8311af4d19de9e09672daf1bf0bd4acd440fcbf6b5e763c663665d30a5e2eef1b55da2729a', 6, 2, NULL, '[]', 0, '2023-11-16 05:18:49', '2023-11-16 05:18:49', '2024-11-16 05:18:49'),
('a2d8b87d22383e1780476bcecbcfb1d06b07484b50531dda0c7091c3c0f9a3eeda38f1f64e2ae3ea', 9, 2, NULL, '[]', 0, '2023-11-22 08:40:22', '2023-11-22 08:40:22', '2024-11-22 08:40:22'),
('a3a9bfcbec7bcf245675176ecd59b6595f8cb32b7e15ed7a856777482f5cfac63653f1e4face761e', 6, 2, NULL, '[]', 0, '2023-10-04 04:22:18', '2023-10-04 04:22:18', '2024-10-04 04:22:18'),
('a3da3ea9503ff494b63287c5880e0c13675f9aecd4e43e3f94cfc8b10b5bca89bfc722c02de26388', 6, 2, NULL, '[]', 0, '2023-10-30 06:44:15', '2023-10-30 06:44:15', '2024-10-30 06:44:15'),
('a405694efe8d47baab70bedc108b0de8a7414f10e88ee5aa932d9244e73f1fb1fbedeeba96db1afb', 6, 2, NULL, '[]', 0, '2023-11-07 04:03:04', '2023-11-07 04:03:04', '2024-11-07 04:03:04'),
('a432a1a3c5b04db0d067274ff57dfe40a242472c0df1038d6b490beebaec909eb171e5e8ded88e9f', 6, 2, NULL, '[]', 0, '2023-11-16 05:06:00', '2023-11-16 05:06:00', '2024-11-16 05:06:00'),
('a4aa0b409b5cd86c30f83a068c0e638a245bc5af9c2b8cf2d33cee6c6b9beb6a25d722b81c5f981a', 9, 2, NULL, '[]', 0, '2023-11-06 06:22:59', '2023-11-06 06:22:59', '2024-11-06 06:22:59'),
('a4fefd4086a3e105589f443eed43158199e3081e027ea41848bb8fd7788047187a9903fe1b24a22e', 6, 2, NULL, '[]', 0, '2023-10-19 03:53:10', '2023-10-19 03:53:10', '2024-10-19 03:53:10'),
('a5750e01d83c3537566d87bc00986d0192021d4b03c7bd7a845da60795260c3367fa69c7d3df658d', 6, 2, NULL, '[]', 0, '2023-11-17 12:34:15', '2023-11-17 12:34:15', '2024-11-17 12:34:15'),
('a605acd2f4c851da1c52a151624737bf350578e5225ec6f03f2795efdaa53ed3727e7b1ceb5bf0f8', 9, 2, NULL, '[]', 0, '2023-11-12 05:02:08', '2023-11-12 05:02:08', '2024-11-12 05:02:08'),
('a60d990adee90d8577ecd626a551fadaf39a8f952360232933d8ff7d2007e7d03713c60de16c7ee1', 2, 2, NULL, '[]', 0, '2023-10-15 06:23:54', '2023-10-15 06:23:54', '2024-10-15 06:23:54'),
('a6d65354ce289c8e495208a17d232cc715db2ef76eb6f527c27671092febb663d017dc18086e9260', 2, 2, NULL, '[]', 0, '2023-10-29 07:16:50', '2023-10-29 07:16:50', '2024-10-29 07:16:50'),
('a7236cfb316a365a3417c8e08fdbfa61b047324b0825132f76251b990e9a380b6b2eae50c8ecb654', 6, 2, NULL, '[]', 0, '2023-10-10 03:46:13', '2023-10-10 03:46:13', '2024-10-10 03:46:13'),
('a79bf79b6e948476e65ed5683e5807d649ef20af2ab16ccb0e81f005e4ef1e6e97d55240627882f3', 1, 2, NULL, '[]', 0, '2023-08-28 11:18:19', '2023-08-28 11:18:19', '2024-08-28 11:18:19'),
('a814a0f3796738463601e9bd35c7c7e032ea3053c24eccb5ab8bfdffa018700118a56a0f7ea08a59', 6, 2, NULL, '[]', 0, '2023-10-12 09:21:31', '2023-10-12 09:21:31', '2024-10-12 09:21:31'),
('a917c250c118234aad2a799f703b7f48e1e60e6a13578bdd14f4bfa2878cd98d676706dea4923f8b', 6, 2, NULL, '[]', 0, '2023-10-23 04:20:59', '2023-10-23 04:20:59', '2024-10-23 04:20:59'),
('a97ec651f5dab7b6c6765fbf77d3865b4320cd5d08845d3462bd9cd0cfec70a76dccac9af4af7f67', 9, 2, NULL, '[]', 0, '2023-11-16 04:08:23', '2023-11-16 04:08:23', '2024-11-16 04:08:23'),
('a9874753126ff505caaa681b2916ad519c4ed48c6179d615279fbb8f5deb2505de3e80887821affe', 6, 2, NULL, '[]', 0, '2023-10-16 06:26:29', '2023-10-16 06:26:29', '2024-10-16 06:26:29'),
('aab42221e56620730b5e388042e9c6560638ddc61935949b78f6a354059499036ea5abdd85add3b4', 6, 2, NULL, '[]', 0, '2023-11-15 10:56:54', '2023-11-15 10:56:54', '2024-11-15 10:56:54'),
('aad16c59a38c810a8efcea460584294752e860c954bd0b0c44dab87554415679cee5db1dbe1cc14c', 2, 2, NULL, '[]', 0, '2023-10-11 03:53:20', '2023-10-11 03:53:20', '2024-10-11 03:53:20'),
('ab6bb1b4447fd7b667c1bfbb5892ffa9f19907d4b60506f93f4791f042dd4ebb39449efbb8c091a0', 6, 2, NULL, '[]', 0, '2023-11-21 06:25:28', '2023-11-21 06:25:28', '2024-11-21 06:25:28'),
('ae359a0cccbacb4965864187fd0e9b54fda1bb805e206f1a5f85b02a15f28008663ab0088340aa4e', 1, 2, NULL, '[]', 0, '2023-08-28 03:55:58', '2023-08-28 03:55:58', '2024-08-28 03:55:58'),
('af60dcdb9aa11a9a26244b32015a440f5369a56b0071658fddd30abdf6041ac47212dc365f091105', 6, 2, NULL, '[]', 0, '2023-10-15 06:27:54', '2023-10-15 06:27:54', '2024-10-15 06:27:54'),
('b00aefc08e3a9b4f3d3ac0cc090d2c0c011ad28403d472f43e9e11e80456e5108f75446448db7723', 6, 2, NULL, '[]', 0, '2023-11-17 05:02:40', '2023-11-17 05:02:40', '2024-11-17 05:02:40'),
('b086fb06fa9f6e65175890a2697c8f334eebd330d052975318797b17b1d53af2f8e3aad0a24cec24', 6, 2, NULL, '[]', 0, '2023-10-26 03:54:15', '2023-10-26 03:54:15', '2024-10-26 03:54:15'),
('b0a23bdbd896515f4e2b5ab5b5737822c783aad85fddb9d6468f6eabe00229577c07af018588d076', 1, 2, NULL, '[]', 0, '2023-09-21 06:18:27', '2023-09-21 06:18:27', '2024-09-21 06:18:27'),
('b0aebc76650d362c1fee9ea449ebb517600c836204f0832622d0950cd554f90daf7773a409820984', 6, 2, NULL, '[]', 0, '2023-11-16 12:45:44', '2023-11-16 12:45:44', '2024-11-16 12:45:44'),
('b113a6b15cf4f70fa923d173bcbfed46669adc2f0285a9a3bda22f979aa124927f821b610c6de015', 6, 2, NULL, '[]', 0, '2023-10-31 06:05:25', '2023-10-31 06:05:25', '2024-10-31 06:05:25'),
('b1904cacace24dc5894f4915c33d3d4ac45045d2e3ea3590681b179c94db866f6a23936634b546b4', 1, 2, NULL, '[]', 0, '2023-08-27 10:57:09', '2023-08-27 10:57:09', '2024-08-27 10:57:09'),
('b1bf72b199207f3e5b67d30061ffcb7dc40a4543d2fe77323381d26bcbe0c33e14a4af1912a84976', 9, 2, NULL, '[]', 0, '2023-11-20 08:55:48', '2023-11-20 08:55:48', '2024-11-20 08:55:48'),
('b21417c9abd5de2802ad65d2e568acc37fe1ebf70dd347e5ceda4c7f99709fe846e7b31b414820c1', 6, 2, NULL, '[]', 0, '2023-11-17 12:30:44', '2023-11-17 12:30:44', '2024-11-17 12:30:44'),
('b244b3efecbe5adfaa29765c9111934314db0a4c9d9f58ec3c187d8f72067733ae9bf280ee364255', 2, 2, NULL, '[]', 0, '2023-10-12 09:24:22', '2023-10-12 09:24:22', '2024-10-12 09:24:22'),
('b29ea445e197eb170c3277120ed6edacc5de38f966ac9fd5b169382714b81ec6ecfaec728ba8ed14', 6, 2, NULL, '[]', 0, '2023-11-16 05:20:22', '2023-11-16 05:20:22', '2024-11-16 05:20:22'),
('b2d90a32e80f8158151b2137dfb3844a4aaf88981505a9a8c078774205d801279aab661550542f68', 1, 2, NULL, '[]', 0, '2023-08-28 07:34:55', '2023-08-28 07:34:55', '2024-08-28 07:34:55'),
('b3e4b6e8a0eb77dd45145394ea25895bcaa86b19a9a74cfe738ca14aaf7b3f524c4568af8bcc870c', 6, 2, NULL, '[]', 0, '2023-11-05 09:54:46', '2023-11-05 09:54:46', '2024-11-05 09:54:46'),
('b47e95f52889057aadf6fa89b8982f440859edcbfac2f83f18deb19a037565eaeeb683a8063bc062', 6, 2, NULL, '[]', 0, '2023-11-16 04:01:33', '2023-11-16 04:01:33', '2024-11-16 04:01:33'),
('b4a4a7ef982d05abbce82a9f49159aae1cf911e810647dd708ec882034e6ab9bf90dbcbaf4e5195a', 9, 2, NULL, '[]', 0, '2023-11-20 14:47:41', '2023-11-20 14:47:41', '2024-11-20 14:47:41'),
('b4b3d24a2d90af5aba8e91b3b466f3b48655bc710debbc918897b6f8766d51dfd2ba00c90516a9ab', 6, 2, NULL, '[]', 0, '2023-11-15 11:50:40', '2023-11-15 11:50:40', '2024-11-15 11:50:40'),
('b4df268cf3ce899d0fd49aefbbd5fa84b51aa39bc0d6def0e4c6b4bece1a3cdffa3524ca8ee5bf03', 6, 2, NULL, '[]', 0, '2023-11-17 11:03:45', '2023-11-17 11:03:45', '2024-11-17 11:03:45'),
('b5222705ee14af9cf7f706c659dbd8d3a6908d360a0197a2b45f3a8b5206dc49ae742eac458f9de0', 6, 2, NULL, '[]', 0, '2023-10-19 04:28:45', '2023-10-19 04:28:45', '2024-10-19 04:28:45'),
('b53593f99f722174f8504b5373bcd8fdca9d922ff0472db742fe6e4121bafa2f230d7afee8025cbb', 6, 2, NULL, '[]', 0, '2023-10-18 04:13:51', '2023-10-18 04:13:51', '2024-10-18 04:13:51'),
('b6d290ab6a563dd0e7bc2a5f24e4a698052f8bd3858bb66af26e0eeaf698a5cfa2a270436edee701', 1, 2, NULL, '[]', 0, '2023-08-27 10:28:14', '2023-08-27 10:28:14', '2024-08-27 10:28:14'),
('b73218a9cebec1b51f4de0a3f05795ecf3dd7590b37561f2d48fb51088ee8d806b926e0bd46fd55f', 6, 2, NULL, '[]', 0, '2023-11-17 08:50:08', '2023-11-17 08:50:08', '2024-11-17 08:50:08'),
('b741d21e728e8f2694b5e6791b3164339efe1e77c42b8e64553cc717977032243679a73bb40f487e', 1, 2, NULL, '[]', 0, '2023-08-27 08:24:41', '2023-08-27 08:24:41', '2024-08-27 08:24:41'),
('b74b1659aab2a859e835809a5117130ef884d65971849bbe64f197abbb58b9cfab804fac5b3657b3', 6, 2, NULL, '[]', 0, '2023-10-10 06:27:37', '2023-10-10 06:27:37', '2024-10-10 06:27:37'),
('b75f5dcca599ae5f4cf671661328f7769a0b40af8e7ba9402818a6eedde28e5c17ae9e35430fb595', 6, 2, NULL, '[]', 0, '2023-10-31 10:59:26', '2023-10-31 10:59:26', '2024-10-31 10:59:26'),
('b778adf7cd56a364e782edaa86000068bf2ae4e51dc5e4b969c0127c142b09ee70d3d1300b6a2873', 6, 2, NULL, '[]', 0, '2023-10-23 06:13:55', '2023-10-23 06:13:55', '2024-10-23 06:13:55'),
('b8347d274363798824aafabd9c22f5cebc0c3beea2d5a279757c3e7ebcd6a0c6a2617568288f0190', 1, 2, NULL, '[]', 0, '2023-09-21 06:49:05', '2023-09-21 06:49:05', '2024-09-21 06:49:05'),
('b836d76e23926712e82f072078dec7f923f20b74ab568a9dce6dc9020b7c00b2148a98ef68919a17', 6, 2, NULL, '[]', 0, '2023-11-15 11:49:18', '2023-11-15 11:49:18', '2024-11-15 11:49:18'),
('b870b17ecaa83e9b4cec579a2eb7ad4521507ef0c4c7e23a881619a82b2e4c2e14e88d87d148de23', 6, 2, NULL, '[]', 0, '2023-10-26 03:52:27', '2023-10-26 03:52:27', '2024-10-26 03:52:27'),
('b87ee5087732253ebea0944b143e23de70a89f4fe4d2fcce300e0b826566ad16df2763c16aeb491d', 1, 2, NULL, '[]', 0, '2023-08-28 06:34:26', '2023-08-28 06:34:26', '2024-08-28 06:34:26'),
('b90069d0b2e3881c21715f4fcc19f8acf3c50665fecbef1bac9c6bb47ceaee7b2a838efc3692dc8f', 6, 2, NULL, '[]', 0, '2023-11-12 04:28:49', '2023-11-12 04:28:49', '2024-11-12 04:28:49'),
('b90c2bb6937a8bd7d3921ac22811008c661c3ab8258b34e998d7f0b5ebff5110f5f7974f272a44e1', 6, 2, NULL, '[]', 0, '2023-10-15 06:29:19', '2023-10-15 06:29:19', '2024-10-15 06:29:19'),
('b982e023a68599863e9b00220f5a6d3f89acf60189cebcf24963254e12ec4c147fe6a07de2486911', 2, 2, NULL, '[]', 0, '2023-10-12 08:18:32', '2023-10-12 08:18:32', '2024-10-12 08:18:32'),
('b98d2ac5eaf757bd2b84523c814ba75c0d542e05dff7582a154e7fa527ab5cfe5acc1877dc8bedd7', 1, 2, NULL, '[]', 0, '2023-10-16 09:59:17', '2023-10-16 09:59:17', '2024-10-16 09:59:17'),
('b9b5be5566057a4663c47a8c95142be24a94cbac40b5aa1b0419a3b1210ef518171335a05102a92b', 6, 2, NULL, '[]', 0, '2023-11-01 06:55:25', '2023-11-01 06:55:25', '2024-11-01 06:55:25'),
('ba526facfeefedae809b3f94b413c9de3acd415e8967da34a6d8518fd963370622d56fe81067655c', 6, 2, NULL, '[]', 0, '2023-11-13 04:25:40', '2023-11-13 04:25:40', '2024-11-13 04:25:40'),
('ba86db8e9b62528542e7887c5a646b4ea0dcefcef2e866b9ac1872397c6d98dc6509478ab1d8e15b', 6, 2, NULL, '[]', 0, '2023-10-29 06:12:54', '2023-10-29 06:12:54', '2024-10-29 06:12:54'),
('bb162ded4b18f3c05c685f58c0dfac1427a4f69c7a9d58f5861f8ba97c7f4388f738da911a3c9301', 6, 2, NULL, '[]', 0, '2023-11-26 06:13:15', '2023-11-26 06:13:15', '2024-11-26 06:13:15'),
('bbc0f49d2fcf710fdaebba258513259c03c62601703ac09c1b2dfa572a9475fedd81bc9cc3db821f', 9, 2, NULL, '[]', 0, '2023-11-06 04:16:52', '2023-11-06 04:16:52', '2024-11-06 04:16:52'),
('bc1bff305c07e434ef93155a43abad44f9372b6a4b97811fa72138d42be5607de960d2d974b13748', 1, 2, NULL, '[]', 0, '2023-08-28 05:29:06', '2023-08-28 05:29:06', '2024-08-28 05:29:06'),
('bc91fc3845f6573c85bde14ba3d94b7cbab6a4d275b45e2485d035a8eafc8d6ae7559f5489c42e82', 6, 2, NULL, '[]', 0, '2023-11-16 18:27:23', '2023-11-16 18:27:23', '2024-11-16 18:27:23'),
('bd771ffbbf1ac4c6d537aed6dd33d59a8d92e75b2cf90a07be1c6584fd487e170a2ce9d80a9510c7', 2, 2, NULL, '[]', 0, '2023-10-11 07:07:52', '2023-10-11 07:07:52', '2024-10-11 07:07:52'),
('bd85a1e786dd3d562a5386f1028088ae9dd3c9d7dea843a3f4de78892d73059a6404931936501c53', 6, 2, NULL, '[]', 0, '2023-11-20 09:13:29', '2023-11-20 09:13:29', '2024-11-20 09:13:29'),
('bd8a7d684373ecb521130a42d9140f3d1c08400076d9d80c53099167d198e1170c02b98ffda0a474', 9, 2, NULL, '[]', 0, '2023-11-20 14:40:19', '2023-11-20 14:40:19', '2024-11-20 14:40:19'),
('be436a053a680f4c763e2c3d6139754dc9caf8e854f8453eb2bb4c4f1d3f01c6e625639233ed789f', 6, 2, NULL, '[]', 0, '2023-11-14 06:45:56', '2023-11-14 06:45:56', '2024-11-14 06:45:56'),
('be76ea225cc507c0c1e0d18ca0f996570a21c9228a93e47c3f2c0fbc00664a7c590abe444c743cef', 2, 2, NULL, '[]', 0, '2023-10-09 09:23:59', '2023-10-09 09:23:59', '2024-10-09 09:23:59'),
('bf522c4810c5bce97ee32dc002b65231f11e1b7ac173fd79ab883bf0aca09156747f15190be34ee1', 6, 2, NULL, '[]', 0, '2023-10-11 08:41:12', '2023-10-11 08:41:12', '2024-10-11 08:41:12'),
('bf7e139780e6e0dfe44011b300a409c8e6e167a05287c42b0d4662b9909fe2afc5ec0f7821767d6a', 6, 2, NULL, '[]', 0, '2023-11-15 11:12:57', '2023-11-15 11:12:57', '2024-11-15 11:12:57'),
('bfdbba306f4e11ab640a36a060c8610b63898ae6878a93e06553c4c14f10abf01a701882c6fdf74f', 6, 2, NULL, '[]', 0, '2023-10-26 11:11:49', '2023-10-26 11:11:49', '2024-10-26 11:11:49'),
('c043024ed4dab0467aaaa75ab56cc1c8eac3da6de410efd97f5c2f5f8e26e7b742df665fb8de94ae', 9, 2, NULL, '[]', 0, '2023-11-07 06:07:26', '2023-11-07 06:07:26', '2024-11-07 06:07:26'),
('c11eaff7b1a8d6b4f3580fc76bb3c1f1587e407d9ead8ff3611136f23a1a7e695ce1d6ce640c9ecf', 6, 2, NULL, '[]', 0, '2023-10-18 11:13:11', '2023-10-18 11:13:11', '2024-10-18 11:13:11'),
('c1586f104c5d5a0305a4eb57e917f9bead4088bd3a1aa3f9a99dfa48a617f6c36b389e4803aa60af', 1, 2, NULL, '[]', 0, '2023-08-27 09:01:42', '2023-08-27 09:01:42', '2024-08-27 09:01:42'),
('c167c00b94617c4d18760e8082d18ad5ac182be1f91b539a513e4e6b86e9e08ea777989054c2b49e', 6, 2, NULL, '[]', 0, '2023-11-21 05:36:02', '2023-11-21 05:36:02', '2024-11-21 05:36:02'),
('c19234e5c6c764e2dd0a478e87afc3bbf7648c069a28ebf67948f8217b3cdf0caa790b8075c9b4f7', 6, 2, NULL, '[]', 0, '2023-11-02 10:21:18', '2023-11-02 10:21:18', '2024-11-02 10:21:18'),
('c19eb09daf7674182044fdad314d9f9626c0c584dc4db05bd4a2954bc5148eb84444cbfe6ac934ba', 6, 2, NULL, '[]', 0, '2023-11-16 12:21:16', '2023-11-16 12:21:16', '2024-11-16 12:21:16'),
('c2f8e34bf28518918acb72b028b83678638f1b526153858df18a063f9bfb77c51f6ca95ff5e5b5b3', 6, 2, NULL, '[]', 0, '2023-11-06 03:51:43', '2023-11-06 03:51:43', '2024-11-06 03:51:43'),
('c30eb69cb0614fce0ba6034c2d870f807bd660c9536969ead562a0e6a274ed156d186766635d3e93', 6, 2, NULL, '[]', 0, '2023-10-05 06:30:16', '2023-10-05 06:30:16', '2024-10-05 06:30:16'),
('c3f6d19b9df714763f445bfc370ab8b4474093497cc8d322e8f8eb5d43486fb72b7adcab8b8f4bc6', 6, 2, NULL, '[]', 0, '2023-10-23 04:25:14', '2023-10-23 04:25:14', '2024-10-23 04:25:14'),
('c4562d6d2153622dbd969fd9acb94daf76389aee703f9931a91df453fa38801e8a5ff1f7a687178d', 6, 2, NULL, '[]', 0, '2023-10-18 04:16:46', '2023-10-18 04:16:46', '2024-10-18 04:16:46'),
('c5d0b38e985e3e16a79014f325660e43b87f16d4d0828cfbe3aa263f2e494c83f4655a3db149472d', 2, 2, NULL, '[]', 0, '2023-10-16 04:28:34', '2023-10-16 04:28:34', '2024-10-16 04:28:34'),
('c7277314e9b2c3d17e4d426e37caff9d573ce2f3d87fa204d31a60fcd1b48a149570c4595f15f7d8', 6, 2, NULL, '[]', 0, '2023-11-02 04:10:16', '2023-11-02 04:10:16', '2024-11-02 04:10:16'),
('c79ab2f59580394cb6e47288a257f40d546dfa1d6b76716328dff1011fdbb549999acee43b8974ba', 6, 2, NULL, '[]', 0, '2023-10-16 06:17:42', '2023-10-16 06:17:42', '2024-10-16 06:17:42'),
('c7f536d6ceeafd65f22e4ebede4f806e0c803318651e78f2355b9c18f24923406c56cb75ab483e22', 6, 2, NULL, '[]', 0, '2023-10-12 07:12:59', '2023-10-12 07:12:59', '2024-10-12 07:12:59'),
('c893ba7826a43d2fe90312f97dce84666d4ffbe3e8fb2337d0f96fea565ac4827635a6549d106bbe', 6, 2, NULL, '[]', 0, '2023-10-10 05:41:38', '2023-10-10 05:41:38', '2024-10-10 05:41:38'),
('c8ee69b0dbcffa589f234e1a8319a947803218d1e361a58cd9939e5e6ba01d384953f47c6ec2fc64', 6, 2, NULL, '[]', 0, '2023-10-22 07:07:50', '2023-10-22 07:07:50', '2024-10-22 07:07:50'),
('c8faaad324c0c7ee5b1c2b7240b4da478735eb97fe64da679b606795ae4bf73795361b8f383ca46f', 1, 2, NULL, '[]', 0, '2023-08-28 06:36:49', '2023-08-28 06:36:49', '2024-08-28 06:36:49'),
('c95937805cbd8ff3e0460fbaee8c7179cbf516d044cb49cad29a1115626eed2ae5ca314168e18f27', 9, 2, NULL, '[]', 0, '2023-11-20 14:54:04', '2023-11-20 14:54:04', '2024-11-20 14:54:04'),
('c9bd8141db42e1d4a2a30fac2259172412fc1bb40d8b4e6365d462c669173cc0ff9da62e16392658', 6, 2, NULL, '[]', 0, '2023-11-27 05:59:26', '2023-11-27 05:59:26', '2024-11-27 05:59:26'),
('c9c781ea4db62403bb47be07ae7b08d4c7f1900766984dd122bf8cc3fe45f928fb03d8bbbb394717', 6, 2, NULL, '[]', 0, '2023-11-18 07:36:34', '2023-11-18 07:36:34', '2024-11-18 07:36:34'),
('ca6f6a91ac6f7dba9ab31fd62d523c8103759314ef35b87fad9ef00e2c11aec7f813250aa33fe7e4', 6, 2, NULL, '[]', 0, '2023-11-17 15:54:28', '2023-11-17 15:54:28', '2024-11-17 15:54:28'),
('cb48092b629e4332e08c4830a58accb7bf4efe139d47af505235c4e876e7a104d6e54ac007b6293a', 1, 2, NULL, '[]', 0, '2023-10-16 06:36:32', '2023-10-16 06:36:32', '2024-10-16 06:36:32'),
('cba73614b49115aca4f729697e396886691942f698e35896268dda5ffa67c10d1adbd7bf21278c21', 1, 2, NULL, '[]', 0, '2023-08-27 10:58:19', '2023-08-27 10:58:19', '2024-08-27 10:58:19'),
('cba9a118e718616811ad523ba10fa99f09ff8602fc6063c720104aa8793dac4614a4e46eb6af06ee', 1, 2, NULL, '[]', 0, '2023-08-27 10:17:18', '2023-08-27 10:17:18', '2024-08-27 10:17:18'),
('cbe7ebc6cb3b3d22a61f2c03248d879a06086da7629d089484d3daface9cff90d27c8643aa513137', 6, 2, NULL, '[]', 0, '2023-10-26 04:23:50', '2023-10-26 04:23:50', '2024-10-26 04:23:50'),
('cc0874c1682ea1b53d9a74d820084c38043122204637d8ba53acb9cff61b77ab8557eafc05c859b5', 6, 2, NULL, '[]', 0, '2023-11-17 04:45:53', '2023-11-17 04:45:53', '2024-11-17 04:45:53'),
('cc4c9e14f3fc10cb5f29b9d0a4ce841d13ac27f778306a3328460d4f02b1abe79c00501f9f744e8b', 6, 2, NULL, '[]', 0, '2023-11-16 05:25:27', '2023-11-16 05:25:27', '2024-11-16 05:25:27'),
('cc955a1b41731aea9853b5e161987a9dd3f96fdacf5290bfc006429e3ff77fe8275b8619db07da2a', 6, 2, NULL, '[]', 0, '2023-10-12 08:19:27', '2023-10-12 08:19:27', '2024-10-12 08:19:27'),
('cd136133cfa00fbbb9ea0b57fa7ea102f5bbc76996013cf7703be0f4b151e496db7bc34355d58221', 6, 2, NULL, '[]', 0, '2023-11-07 04:37:49', '2023-11-07 04:37:49', '2024-11-07 04:37:49'),
('cddb1c3ac9db55aa214b0851307cc8fbc16227109f4cb4549525d4439a08764cae03f315b8b68cac', 6, 2, NULL, '[]', 0, '2023-11-17 08:42:35', '2023-11-17 08:42:35', '2024-11-17 08:42:35'),
('ce0088406eedc02418ee5487277d7f2f0d1c49de92791f56ee7084ccc6366f940b9517f175bbd928', 2, 2, NULL, '[]', 0, '2023-10-15 04:59:12', '2023-10-15 04:59:12', '2024-10-15 04:59:12'),
('ce79d792fb528d9e32a3418c1ea4046680cabde5a20e6a6a1b2cab937c49f3c04c5bd60b1a043a2e', 6, 2, NULL, '[]', 0, '2023-11-20 05:00:27', '2023-11-20 05:00:27', '2024-11-20 05:00:27'),
('cee1bf6a089098e996eaf48b19f19eed350a26ccbac78c382d754c331af7419a38ac070bc5e3b4b9', 9, 2, NULL, '[]', 0, '2023-11-05 10:17:09', '2023-11-05 10:17:09', '2024-11-05 10:17:09'),
('d077e8eeb7e7cf3c22cd597656e5818da26c5a1dfde461729f6179a7d0a4cec3cf47fe9773e320c6', 2, 2, NULL, '[]', 0, '2023-10-23 06:13:29', '2023-10-23 06:13:29', '2024-10-23 06:13:29'),
('d079e3fb50d870ed880dfca78ab1e2fffc13bef1685e9c0995c9078a09985bdc52150b85285287bd', 6, 2, NULL, '[]', 0, '2023-11-05 09:54:15', '2023-11-05 09:54:15', '2024-11-05 09:54:15'),
('d0939c04b87be810d0dd3a063dc671d9e040d1d45ce3a3966b1fbee8060fa7c2c00f34c841cef0ba', 6, 2, NULL, '[]', 0, '2023-10-30 07:05:49', '2023-10-30 07:05:49', '2024-10-30 07:05:49'),
('d14998264b7eef858966d9a437ef549101ccef5884e233f21ad2d77219e6b86d35b952c149f04f29', 6, 2, NULL, '[]', 0, '2023-10-25 10:38:38', '2023-10-25 10:38:38', '2024-10-25 10:38:38'),
('d1674e2decbde51732af6f4822e245ec589c5beb09fef7d94bf389abaa8b9ba6af010f866c4c316a', 6, 2, NULL, '[]', 0, '2023-11-14 04:21:13', '2023-11-14 04:21:13', '2024-11-14 04:21:13'),
('d1be9b603d356f6dadfc21e21c441f0fb063745c9937d4aa951991e7ab49eb0ddedd1c949c5139a6', 6, 2, NULL, '[]', 0, '2023-10-16 04:22:09', '2023-10-16 04:22:09', '2024-10-16 04:22:09'),
('d2818f43f797d9f5963dbd32c1cb166634dd6616e3e9f83501700a33993464c131c5975a8e876e15', 9, 2, NULL, '[]', 0, '2023-11-24 12:22:10', '2023-11-24 12:22:10', '2024-11-24 12:22:10'),
('d28afdfa9f365872b90fe8d08c8c69543c6bd1c813f9ca86d65e4ef2e8451ac8dbe58609dc0924aa', 6, 2, NULL, '[]', 0, '2023-10-31 09:57:31', '2023-10-31 09:57:31', '2024-10-31 09:57:31'),
('d30551f26ff9e3124bd6abb34dd76b2cf38bdffbebbbb45019b8236b1fcd4560a32233c564545755', 6, 2, NULL, '[]', 0, '2023-10-17 06:08:49', '2023-10-17 06:08:49', '2024-10-17 06:08:49'),
('d3a2b0b30f8ac866c995ffbcc5c8651616c8ae05aa08dcf63cf6802198531bbac912d5beddb58536', 2, 2, NULL, '[]', 0, '2023-10-10 03:51:05', '2023-10-10 03:51:05', '2024-10-10 03:51:05'),
('d3be419da0173e2b2dd7a70945cf82b759c33af046000437d8b48b01e15640922f7637ae5bd5b701', 6, 2, NULL, '[]', 0, '2023-10-18 10:28:32', '2023-10-18 10:28:32', '2024-10-18 10:28:32'),
('d4126670b28455ab04f8f5bb0d2fa51fb96d58567c4fca49c6fe11d3fd96a271f81e4e28ba1389da', 6, 2, NULL, '[]', 0, '2023-10-22 06:30:40', '2023-10-22 06:30:40', '2024-10-22 06:30:40'),
('d4cf8720940547ef446d48738db195c80e889db0b1577bc267ea8e0c746827bbd522cd78e1207d62', 6, 2, NULL, '[]', 0, '2023-11-16 12:09:48', '2023-11-16 12:09:48', '2024-11-16 12:09:48'),
('d4e2bc235a034d8d62aa600ed5b0e22ea8d5e524d576d4027f0409662f4b53dbbdd7151d8792cfd4', 9, 2, NULL, '[]', 0, '2023-11-22 11:00:08', '2023-11-22 11:00:08', '2024-11-22 11:00:08'),
('d52f09a0494bbd6f8dccc20865bef6961cf9c2e2a26fc8fd10c517efb3113bb384ce23d7e514e694', 6, 2, NULL, '[]', 0, '2023-11-15 03:54:59', '2023-11-15 03:54:59', '2024-11-15 03:54:59'),
('d57d09dba83dbe5de5946a766083895305de4ef175de6a296053ab38e04308c8fec6860cc801c7f3', 6, 2, NULL, '[]', 0, '2023-11-01 06:38:42', '2023-11-01 06:38:42', '2024-11-01 06:38:42'),
('d5982ebc4e006d6a4423efc4b6d4df5cb68ac2f1c8fc94ef1324b505c75bef9722ff8b785e5c5c33', 9, 2, NULL, '[]', 0, '2023-11-21 10:18:01', '2023-11-21 10:18:01', '2024-11-21 10:18:01'),
('d6599f46683a9b82389d30f50aea74b0d1e2f1910e677f31db6e7a53ca4e7bf1783bbf75d86766e0', 6, 2, NULL, '[]', 0, '2023-10-31 11:04:48', '2023-10-31 11:04:48', '2024-10-31 11:04:48'),
('d718f7d8b0f2e1adeb9d32b9612aeba4e21993ec219e50b0b7ecc885c77f893ac90a55a6991971d7', 6, 2, NULL, '[]', 0, '2023-11-07 09:55:38', '2023-11-07 09:55:38', '2024-11-07 09:55:38'),
('d750925e759979cf206890f9a84608586f7d3e8d1598ae2b47df41ab0e5a7fda8d085fdf4e3b80d9', 1, 2, NULL, '[]', 0, '2023-10-15 04:59:57', '2023-10-15 04:59:57', '2024-10-15 04:59:57'),
('d758670fe699e4f8fdd467be5453a6465c37d2bc12bb50bd1ddb3bec19f622139cdefe7d3608dee8', 6, 2, NULL, '[]', 0, '2023-11-14 09:04:06', '2023-11-14 09:04:06', '2024-11-14 09:04:06'),
('d793ddcd07637af8045b8467cf45cc8b905fee07f4fcbb6551d91cacadbc10419771578f7311b1dd', 6, 2, NULL, '[]', 0, '2023-11-19 07:11:53', '2023-11-19 07:11:53', '2024-11-19 07:11:53'),
('d7c4717135b66c5b6d45e26cca1e933e1a0217805a6240dcd88208e2017ffccf08ddd586e99580c2', 6, 2, NULL, '[]', 0, '2023-11-16 10:57:20', '2023-11-16 10:57:20', '2024-11-16 10:57:20'),
('d7fd50ec1d783104c5f6ddc0fd70f6c9534f6161217488d08b9d02e2698d1ee097bce3d137f3aa17', 6, 2, NULL, '[]', 0, '2023-11-15 09:22:44', '2023-11-15 09:22:44', '2024-11-15 09:22:44'),
('d9516e6d87fbe365e1b57e0170428239fa57df13cde631a14d8b53eb2d17d12512511d7cb36d8d39', 9, 2, NULL, '[]', 0, '2023-11-12 06:30:42', '2023-11-12 06:30:42', '2024-11-12 06:30:42'),
('da3d4258c9fc94d882c2a231913e544623612809b35c05e5d83e8956772278116ff483ad65ada914', 6, 2, NULL, '[]', 0, '2023-11-26 04:08:09', '2023-11-26 04:08:09', '2024-11-26 04:08:09'),
('da699b75a27fea295fed1a1353f2f9b5c6158c41c6f5fa351b5af73985dc9dc23cdc1f23bb9a3274', 9, 2, NULL, '[]', 0, '2023-11-05 10:35:28', '2023-11-05 10:35:28', '2024-11-05 10:35:28'),
('dbaaee0f57e3dd643b0f1fc46eb553900c7e1475defeff082804f587b334bfa27db0fdfc7367ddee', 6, 2, NULL, '[]', 0, '2023-11-27 07:27:54', '2023-11-27 07:27:54', '2024-11-27 07:27:54'),
('dc754c54c1513f7d0e5010b3f876eb7b0f2dc283060155312b0984457c1c163ca8b6cba15aa83736', 6, 2, NULL, '[]', 0, '2023-11-17 09:27:45', '2023-11-17 09:27:45', '2024-11-17 09:27:45'),
('dc9e453cb2bf3a80740252d7da3fa573571a0f41021424427f33dbf391a1cb1017d473c8c17defc1', 2, 2, NULL, '[]', 0, '2023-11-19 11:41:29', '2023-11-19 11:41:29', '2024-11-19 11:41:29'),
('dd3fb9e8ff42bd9961a999dd3456502c9703d93154c76cf411a93bac3fe86a23ec78af5bba26e6ab', 9, 2, NULL, '[]', 0, '2023-11-20 14:50:17', '2023-11-20 14:50:17', '2024-11-20 14:50:17'),
('ddf97f1202af6acc226fb183d1e4eb4255af96a888055689fca8d78651f4ceeb61c83ec184751a27', 6, 2, NULL, '[]', 0, '2023-11-05 09:47:12', '2023-11-05 09:47:12', '2024-11-05 09:47:12'),
('de0a570c55de8fe615fb7f1efde888ef9e13b509116eb106b481921847bc73e27ef947a788b57c59', 13, 2, NULL, '[]', 0, '2023-11-16 07:19:05', '2023-11-16 07:19:05', '2024-11-16 07:19:05'),
('de5c27ad79149c6d2044317d75833d8ce229e646557c141971d053752d40539d8cc559aebeca02d6', 2, 2, NULL, '[]', 0, '2023-11-20 09:34:07', '2023-11-20 09:34:07', '2024-11-20 09:34:07'),
('e0366fc9b195e701e39591eb49f43992ffc6faecf21a2e8cc65ed1b396e735f3b9ff4a3992b9828d', 2, 2, NULL, '[]', 0, '2023-10-17 04:27:26', '2023-10-17 04:27:26', '2024-10-17 04:27:26'),
('e03b1c8fcf9f842b0a886b01073e58a8c0e24a1e52d487e114c5663c02e94e3db14179efb1abfbe2', 6, 2, NULL, '[]', 0, '2023-11-27 07:04:10', '2023-11-27 07:04:10', '2024-11-27 07:04:10'),
('e055736b993489f4e3760c44f19f2f9382fc21b9b22eeb73f61b9cf049b664310c2fb31172ccbcc6', 1, 2, NULL, '[]', 0, '2023-09-21 06:48:38', '2023-09-21 06:48:38', '2024-09-21 06:48:38'),
('e09f6f1d4aa3c770cba1969c821548af3c836a27607c27c78b872e91f85c526b8eedafd318caec51', 6, 2, NULL, '[]', 0, '2023-11-01 04:18:38', '2023-11-01 04:18:38', '2024-11-01 04:18:38'),
('e11fbedc6b410bdd0b5c8e82bb345cd511be1e3a58c9839c82a2d3d886ed015512d8ea5cbab8cd15', 6, 2, NULL, '[]', 0, '2023-10-29 06:21:41', '2023-10-29 06:21:41', '2024-10-29 06:21:41'),
('e129fadccc1464acbc83dc4a8975e2b06afa1b6c573711f2c92bd2dc60fd617e1ed6109bc558ffe1', 6, 2, NULL, '[]', 0, '2023-11-17 04:49:31', '2023-11-17 04:49:31', '2024-11-17 04:49:31'),
('e141b791147887f5db8543832450defc538ed574e75581d81321320eca816b079e628ec241fa1fd5', 6, 2, NULL, '[]', 0, '2023-11-01 05:47:57', '2023-11-01 05:47:57', '2024-11-01 05:47:57'),
('e418be765788b5a08d6234ab68d6bc0020ea64e2cd8220552a37214da3e553881a0e751813c0454c', 6, 2, NULL, '[]', 0, '2023-10-29 06:19:16', '2023-10-29 06:19:16', '2024-10-29 06:19:16'),
('e4230fc0ecaddfbec68ec683742ef850a7f4072450bf3fc3f0b410eeab085d4e036a40fb11d4fb9f', 6, 2, NULL, '[]', 0, '2023-11-07 10:20:37', '2023-11-07 10:20:37', '2024-11-07 10:20:37'),
('e457159c29374d4af0f2e5f3c2edab1c94cd6e76b7b50afc05260c7088a521aba5b2f0d165c5b9db', 6, 2, NULL, '[]', 0, '2023-11-17 05:36:49', '2023-11-17 05:36:49', '2024-11-17 05:36:49'),
('e52c02bcf58b5dcb97136db2e4ec6d836a56608b339eab4c328ec8d023e17fd207e4fc04e123e5da', 6, 2, NULL, '[]', 0, '2023-11-14 03:57:40', '2023-11-14 03:57:40', '2024-11-14 03:57:40'),
('e5325fd4d2d92d9c971a44c6ac085d5ecc1f60c5003e8b0001df316a66c87ec5cae302399ec9599b', 6, 2, NULL, '[]', 0, '2023-10-19 08:47:12', '2023-10-19 08:47:12', '2024-10-19 08:47:12'),
('e53f6448d8db2326ea64975ec67893e1eb2c2658c74928fa330debdfdbb2363cfcea6b1f404de993', 6, 2, NULL, '[]', 0, '2023-10-30 04:52:09', '2023-10-30 04:52:09', '2024-10-30 04:52:09'),
('e650f5fab163bbf73e77a7c2c9f9a08807033c628609b8b008d276853b6f75e5e6d62d7cda25e215', 2, 2, NULL, '[]', 0, '2023-10-12 06:14:26', '2023-10-12 06:14:26', '2024-10-12 06:14:26'),
('e69d29a176d1408bc05783623eddf1cac2393e59345d38d18dc48c40bd020ae9c988d6fba5cfb13e', 2, 2, NULL, '[]', 0, '2023-10-11 07:12:08', '2023-10-11 07:12:08', '2024-10-11 07:12:08'),
('e6d4f0e3c7fb29b89a9388f96422d933dcaf6fb6facf29a49f58703f9fbb60d40bfc7d48cccdef1f', 6, 2, NULL, '[]', 0, '2023-11-06 04:17:23', '2023-11-06 04:17:23', '2024-11-06 04:17:23'),
('e721af66a802061428de2cd8a3024939c6b5de64711da2d354f15030be2331a20db3083291b10022', 6, 2, NULL, '[]', 0, '2023-11-26 10:10:32', '2023-11-26 10:10:32', '2024-11-26 10:10:32'),
('e738c8813f1c5a33ecff685c6c61b4675e8baef695a68f427ea890bca392675917f63c563ed2ef03', 6, 2, NULL, '[]', 0, '2023-11-16 04:44:45', '2023-11-16 04:44:45', '2024-11-16 04:44:45'),
('e74a34ff5b9d87c16e517b7c9b09d498322c4f26c5d347a3a3eed916b59808bc846dba2298788e64', 6, 2, NULL, '[]', 0, '2023-11-05 06:44:19', '2023-11-05 06:44:19', '2024-11-05 06:44:19'),
('e7f1ef9ff70389e7dd1ac54339dd986b2a5b492b2a3926535dae6070dfc7b0b93403683a4c6e5eb5', 6, 2, NULL, '[]', 0, '2023-10-19 03:52:59', '2023-10-19 03:52:59', '2024-10-19 03:52:59'),
('e83d60c7199ede7c2e3236fc96d984fe9e9968abd2a60fd82b2affb202f95b013f2ec7ca66c83106', 6, 2, NULL, '[]', 0, '2023-11-19 11:22:16', '2023-11-19 11:22:16', '2024-11-19 11:22:16'),
('e97d1c19e053f30f1fd0ede5d521dd5f760c5a2800bee284be3b4dcacd5c00bfb6cf47abece0ebd5', 9, 2, NULL, '[]', 0, '2023-11-17 11:46:03', '2023-11-17 11:46:03', '2024-11-17 11:46:03'),
('ea0166e1ea5c416f2d514525bbfd9a62544d5f8ce5787a510d2db3632b4a8a319561e0d2572e20a9', 9, 2, NULL, '[]', 0, '2023-11-20 15:04:39', '2023-11-20 15:04:39', '2024-11-20 15:04:39'),
('ea11c40377539a4eddbde695ab44490a121413e5cc5fedd0a565ffdf95012e0ba6da6b45e8b8eaf8', 6, 2, NULL, '[]', 0, '2023-11-16 07:12:37', '2023-11-16 07:12:37', '2024-11-16 07:12:37'),
('eaaebdcc392ade16b9dd2cbaf55e4531fa617bb9eba2ae3abbf7f02081d7da7269e4f3476b8dfaa8', 1, 2, NULL, '[]', 0, '2023-10-02 08:10:34', '2023-10-02 08:10:34', '2024-10-02 08:10:34'),
('ead86ae26300456d8c72f1186f68c13817dd68b92919b1918b2fc5844c7d43580426e5568283eead', 4, 2, NULL, '[]', 0, '2023-08-27 08:44:24', '2023-08-27 08:44:24', '2024-08-27 08:44:24'),
('eaf71888329baf3b443ae260bb57470c5b4f731f0512812df6296c6b51a9791ab152be5b47ff0702', 2, 2, NULL, '[]', 0, '2023-10-17 08:26:47', '2023-10-17 08:26:47', '2024-10-17 08:26:47'),
('ebc855aa58725bc9409cbac369933e17a60e3638479eac1ef5df1b1277786fe8c4f917e4ef66cea8', 6, 2, NULL, '[]', 0, '2023-11-27 12:02:03', '2023-11-27 12:02:03', '2024-11-27 12:02:03'),
('ec0436e9e5614736d11a35cd7a45e909ccdd8ab1fe9f525f6f4df165abd02022e8c37e0be9bab1d9', 6, 2, NULL, '[]', 0, '2023-11-21 05:09:55', '2023-11-21 05:09:55', '2024-11-21 05:09:55'),
('ec0692f6037ff96a6b9708314548add7a4d73c8e0a98f8ebffbc079571959c4d0372c18b1ac2ad48', 6, 2, NULL, '[]', 0, '2023-11-22 08:42:19', '2023-11-22 08:42:19', '2024-11-22 08:42:19');
INSERT INTO `oauth_access_tokens` (`id`, `user_id`, `client_id`, `name`, `scopes`, `revoked`, `created_at`, `updated_at`, `expires_at`) VALUES
('ec2387fecec028d3256ffc542f35a57d27482b80c4d8ab59255232bc0110290ec07b0282dd2c850f', 1, 2, NULL, '[]', 0, '2023-08-27 08:35:12', '2023-08-27 08:35:12', '2024-08-27 08:35:12'),
('ec97f2721a6efbc8ce3e0b11e4c8af7c96f6896d0bf309d20d0014f6807a60d3b4c5b6ee86abaa46', 6, 2, NULL, '[]', 0, '2023-10-16 04:04:58', '2023-10-16 04:04:58', '2024-10-16 04:04:58'),
('ed67b8e46c23882b9fc4d0b7387ec2c736bccb163063294cea42b828a674b1a958ed6c8288acd32d', 6, 2, NULL, '[]', 0, '2023-10-31 09:58:04', '2023-10-31 09:58:04', '2024-10-31 09:58:04'),
('edf051f3955c6ac408a2ed0717242f6f4699050d464d96e641c4a8dedd0fc82abaad5f82e9a5f07a', 6, 2, NULL, '[]', 0, '2023-10-17 03:52:53', '2023-10-17 03:52:53', '2024-10-17 03:52:53'),
('ef2e65b150dbb283b08ff20281b7067f9ade4ee6593075d89473680661a36c0750ad8245e63ec6f3', 6, 2, NULL, '[]', 0, '2023-11-17 13:25:15', '2023-11-17 13:25:15', '2024-11-17 13:25:15'),
('f07c6a778a30656766ac9fbc8b0088154830591ccb0fd1a6acbd83ac9d2fe1aace53d1152280b290', 6, 2, NULL, '[]', 0, '2023-11-19 11:23:10', '2023-11-19 11:23:10', '2024-11-19 11:23:10'),
('f0a4918fff965c1f10a2c817ac20fc7854d0ecbc7bc987969b66cf1b1e8999db2f7ec424d57d6740', 2, 2, NULL, '[]', 0, '2023-10-16 03:53:03', '2023-10-16 03:53:03', '2024-10-16 03:53:03'),
('f1bf24bd43695a9fe21925be80eee3d02f0fc3356318e0620b37e4e899f2fe25ff76e523104c3710', 1, 2, NULL, '[]', 0, '2023-10-02 08:27:16', '2023-10-02 08:27:16', '2024-10-02 08:27:16'),
('f240e50be686ad7d20cde584cd04c0d51c7e60beb31a094d0c9bc3f60e20069a5c0780166ffac034', 6, 2, NULL, '[]', 0, '2023-11-22 11:17:49', '2023-11-22 11:17:49', '2024-11-22 11:17:49'),
('f27402b81efa5d935bc1dd1e7f3ece083caeedc1e3748d177648638cf8754b9684d4c39b1b5394a1', 6, 2, NULL, '[]', 0, '2023-10-05 05:43:41', '2023-10-05 05:43:41', '2024-10-05 05:43:41'),
('f2e94c7665c6cabf8607f0dd310ccddcad4d99f1bf7ffb17abb55aeb144bbe6cc2d6de9dbf31e83b', 6, 2, NULL, '[]', 0, '2023-11-27 04:25:49', '2023-11-27 04:25:49', '2024-11-27 04:25:49'),
('f37f32e6e4821c1306b13830b16960d883ceb35234a4e37ce3894ece301af71fbbce10114f5c481e', 6, 2, NULL, '[]', 0, '2023-11-05 09:52:13', '2023-11-05 09:52:13', '2024-11-05 09:52:13'),
('f3b0af3fc1d70fcfef3779aab351a6b0d1cc34a20a4851b1bd3b00c677df3fbd52d532b1528770ad', 6, 2, NULL, '[]', 0, '2023-10-08 04:08:53', '2023-10-08 04:08:53', '2024-10-08 04:08:53'),
('f3bb0fc43a5d08aa0a5d64e6bb2e0e97cbe8dfb21cb326f2cf9d57ab9ab9e34dbca067b5b6c7ec07', 6, 2, NULL, '[]', 0, '2023-11-02 10:49:33', '2023-11-02 10:49:33', '2024-11-02 10:49:33'),
('f3d968c86f41af0e184e7fe08fc078683e9f59748bf685e4207dc31b67784e322b6ae6b04789fb58', 6, 2, NULL, '[]', 0, '2023-11-23 03:50:47', '2023-11-23 03:50:47', '2024-11-23 03:50:47'),
('f4bee82b8e4b0b6e5adc895dfa8b04af1499b9ea0c8b271e83c52d4caaef3c01edbc90d62362f1d4', 6, 2, NULL, '[]', 0, '2023-10-15 04:57:26', '2023-10-15 04:57:26', '2024-10-15 04:57:26'),
('f57fbe3a0e707a04cd7551eacab35a73b968d8d563cf2d14a66462d4ce652b3913fd51a56074ea24', 1, 2, NULL, '[]', 0, '2023-10-02 04:23:22', '2023-10-02 04:23:22', '2024-10-02 04:23:22'),
('f589b130e76e4980cdcfe6ac1fe15babe51a8953f1f502975cd2a7f7364bf46b7a6362d16c64db1f', 6, 2, NULL, '[]', 0, '2023-10-29 09:41:10', '2023-10-29 09:41:10', '2024-10-29 09:41:10'),
('f5e25d47f3b960bf91c9a57db61e003b884d09aded462e7cb55d3b84e8a6963dde09cb05682e1684', 6, 2, NULL, '[]', 0, '2023-11-07 06:27:00', '2023-11-07 06:27:00', '2024-11-07 06:27:00'),
('f69ef625715165b590f9dea4c0df36f941178af6a74030804e6b0f66e14a3f8c0a46832680cdca26', 2, 2, NULL, '[]', 0, '2023-10-18 04:47:28', '2023-10-18 04:47:28', '2024-10-18 04:47:28'),
('f6ad57b362df786cb99c29d584f055ca4147d3100f6138a4f43981288ad6e2cbaff98447f5bac0f7', 6, 2, NULL, '[]', 0, '2023-11-16 05:22:28', '2023-11-16 05:22:28', '2024-11-16 05:22:28'),
('f6b845100ec64c1d67153335d66231843ea3ec9a3095b6e5b160b119e5120c8c8d2c61598be1e3dc', 6, 2, NULL, '[]', 0, '2023-10-10 03:44:04', '2023-10-10 03:44:04', '2024-10-10 03:44:04'),
('f79e909b8ab24ffc233ec84f69f0974f58108c6487c47790b25875913c28d87dace6df05d362fc94', 1, 2, NULL, '[]', 0, '2023-10-01 05:57:30', '2023-10-01 05:57:30', '2024-10-01 05:57:30'),
('f7ba4aedf1383687bde2808893494d2af50572a3db8dc7ecc459f6a50e17becaced92affb650cdef', 6, 2, NULL, '[]', 0, '2023-11-05 09:51:52', '2023-11-05 09:51:52', '2024-11-05 09:51:52'),
('f7c8f0fa671fc1fd5e64e4f73de50fb69171754f0b29739afd291ab3bde82c486f06b9f9e751e053', 1, 2, NULL, '[]', 0, '2023-09-26 06:46:34', '2023-09-26 06:46:34', '2024-09-26 06:46:34'),
('f893ecb89e670585c8b1070606eed52290ebaf377aa633fd7216ed605340648d68d1accf97cfb3e8', 6, 2, NULL, '[]', 0, '2023-11-15 05:42:10', '2023-11-15 05:42:10', '2024-11-15 05:42:10'),
('f9816c316c275df94875ee0453ad26d427f60b5eccd9db8f78ca6ca8fdb3850fd63976686093ed86', 9, 2, NULL, '[]', 0, '2023-11-17 10:40:55', '2023-11-17 10:40:55', '2024-11-17 10:40:55'),
('f9ae47a078bc122a5363d6995af675b8ab64ae659cf99277d5d9dad77eae23968f991d2ca39979f9', 9, 2, NULL, '[]', 0, '2023-11-05 10:53:05', '2023-11-05 10:53:05', '2024-11-05 10:53:05'),
('fa5b64c7697a556b6a657aa86339f50036797ed84861f7bb4bff146b4b63b3c7c39aa978317262b9', 6, 2, NULL, '[]', 0, '2023-11-21 05:55:04', '2023-11-21 05:55:04', '2024-11-21 05:55:04'),
('fa8e757a423c5920341dd396195fdcce958905f7b4734474a4a3b08a8d29e14eca9a91cfc8dc6412', 6, 2, NULL, '[]', 0, '2023-11-23 05:58:57', '2023-11-23 05:58:57', '2024-11-23 05:58:57'),
('fab2decb10ef3ff77e511897c114b27bce879ab7dc525e143a46b9ca4c1a719cb1734f58e85f9b24', 6, 2, NULL, '[]', 0, '2023-11-14 05:33:01', '2023-11-14 05:33:01', '2024-11-14 05:33:01'),
('fb2b471e8f5f1f37db35242e4f72403c5bec894d0e05e0f57c04bc4660ddf4d2bcaa3f0d6c450551', 6, 2, NULL, '[]', 0, '2023-11-16 05:37:33', '2023-11-16 05:37:33', '2024-11-16 05:37:33'),
('fb3357a39fa01c26c11dfa3636acab16e9d64cf0fd5371aefb35ed88e722713ba49243989fe95f74', 6, 2, NULL, '[]', 0, '2023-11-17 03:43:54', '2023-11-17 03:43:54', '2024-11-17 03:43:54'),
('fb83f84f17709337ee6f7e2aa9ec8ed420dd519720fe776f0db1971bd2466eb14450a9e213f14398', 6, 2, NULL, '[]', 0, '2023-11-15 11:12:16', '2023-11-15 11:12:16', '2024-11-15 11:12:16'),
('fbd633c8e22f31981d0e176ed4726083eeaa4577030b5ff48b72d9b0c9bb62e47be411f1ac5a33f2', 6, 2, NULL, '[]', 0, '2023-11-20 08:59:46', '2023-11-20 08:59:46', '2024-11-20 08:59:46'),
('fbe069c07fbdd1eccfb1c6f3c379a37df82a5bd8487d5829ae428db347639802c533ff664a0926ee', 9, 2, NULL, '[]', 0, '2023-11-17 10:40:42', '2023-11-17 10:40:42', '2024-11-17 10:40:42'),
('fc4b08bc3cd33cbfc20213bbaa879c63035bb8832995cd444022ed75ecb8e33698342b1063f00a1a', 1, 2, NULL, '[]', 0, '2023-08-27 10:55:48', '2023-08-27 10:55:48', '2024-08-27 10:55:48'),
('fcb24eac4fc7065f0c4a07336546e41485e9f57a352d95b877e43b35269c26bfbd78c4fa5881ab20', 6, 2, NULL, '[]', 0, '2023-11-14 04:23:39', '2023-11-14 04:23:39', '2024-11-14 04:23:39'),
('fcb700fb3a5ccfa9f70b07d33f07e036879883123600c2ce4371f9bfd3c6ced40558e2ee0ab017ea', 6, 2, NULL, '[]', 0, '2023-10-02 08:27:38', '2023-10-02 08:27:38', '2024-10-02 08:27:38'),
('fd8e5f124aedc61679ef4c1ac93f01b7c82ec8b238e3794f57d3bc80558916d942900cfb2e163357', 6, 2, NULL, '[]', 0, '2023-11-21 10:54:00', '2023-11-21 10:54:00', '2024-11-21 10:54:00'),
('fd98bdc3f628bf0fec1f7d69758cd3dac0f0951ae03c380897a3f5d20cc1e063386036c0fd89b8fd', 6, 2, NULL, '[]', 0, '2023-10-25 04:09:06', '2023-10-25 04:09:06', '2024-10-25 04:09:06'),
('fdc13049d7e6f12686264dec45dc2f2ddf9ec57791d58c2038345cbe744a43affefd185db5f0b344', 6, 2, NULL, '[]', 0, '2023-11-16 11:19:45', '2023-11-16 11:19:45', '2024-11-16 11:19:45'),
('fe5506b164351907c80fc93c58ce406226d40da72986908ba1e699e5484ce9d4c7c767e7ae814a7a', 6, 2, NULL, '[]', 0, '2023-11-22 11:12:48', '2023-11-22 11:12:48', '2024-11-22 11:12:48'),
('fe7ba446d4c549b524e3d0a9195541fbd87f8edfedaf7a3142101f7faf39bc485d605c4ba45317d0', 6, 2, NULL, '[]', 0, '2023-10-18 04:18:31', '2023-10-18 04:18:31', '2024-10-18 04:18:31'),
('feeb90a7b1b4e63cc0364612e76a2db4ed292646a0c64baa570ba9c4bb2f1cb816050c79f63ac1f2', 6, 2, NULL, '[]', 0, '2023-11-20 08:48:53', '2023-11-20 08:48:53', '2024-11-20 08:48:53'),
('ff366ebf3a7d8a857cde1174c499e3b583237675ead81842f3da1d66664c91201baf25e8782d21a3', 1, 2, NULL, '[]', 0, '2023-08-28 03:56:38', '2023-08-28 03:56:38', '2024-08-28 03:56:38'),
('ff3f6f1662db63777f7a47a105ec2716a70bf6344abf5711c3f2927658901165aa8b803a6ddf74b3', 6, 2, NULL, '[]', 0, '2023-10-01 04:16:15', '2023-10-01 04:16:15', '2024-10-01 04:16:15'),
('ff559a89064e924b0a882f33075bb5114e19b881d7eb19638725786deb291d96fd3d957b562b140c', 6, 2, NULL, '[]', 0, '2023-10-18 09:18:55', '2023-10-18 09:18:55', '2024-10-18 09:18:55'),
('ff8457c82291478f7120d21f0358312bfa7deb757b21e22c051979c739276fd4887fb87b00575354', 1, 2, NULL, '[]', 0, '2023-08-28 06:01:55', '2023-08-28 06:01:55', '2024-08-28 06:01:55');



INSERT INTO `oauth_clients` (`id`, `user_id`, `name`, `secret`, `provider`, `redirect`, `personal_access_client`, `password_client`, `revoked`, `created_at`, `updated_at`) VALUES
(1, 1, 'Laravel Personal Access Client', 'YUP3ZCq4kMHrlSkNVyJqMMtwCSDw3zXq57uyJ4z9', NULL, 'http://localhost', 1, 0, 0, '2023-08-21 04:55:02', '2023-08-21 04:55:02');
INSERT INTO `oauth_clients` (`id`, `user_id`, `name`, `secret`, `provider`, `redirect`, `personal_access_client`, `password_client`, `revoked`, `created_at`, `updated_at`) VALUES
(2, 1, 'Laravel Password Grant Client', 'cCh0pcWvPsLHL08uFgSjNMaJO6HwvyttwBJpnqRU', 'users', 'http://localhost', 0, 1, 0, '2023-08-21 04:55:02', '2023-08-21 04:55:02');


INSERT INTO `oauth_personal_access_clients` (`id`, `client_id`, `created_at`, `updated_at`) VALUES
(1, 1, '2023-08-21 04:55:02', '2023-08-21 04:55:02');


INSERT INTO `oauth_refresh_tokens` (`id`, `access_token_id`, `revoked`, `expires_at`) VALUES
('000aef30da8d1728523fdb0fe45c0a005885ad36f6347803ace7525ead670374b88f3c23f8557a22', '756f9cd1370324eea5a67f9567dd587f15dac38e63a3a94a976a3bdd9a5b0cd4f9329ef82072a103', 0, '2024-08-27 11:13:06');
INSERT INTO `oauth_refresh_tokens` (`id`, `access_token_id`, `revoked`, `expires_at`) VALUES
('00d6712c435e903435bb14cfc02d1d72a118e7323d3340749800095de33d9a213c5d215fe995a4f3', 'b741d21e728e8f2694b5e6791b3164339efe1e77c42b8e64553cc717977032243679a73bb40f487e', 0, '2024-08-27 08:24:41');
INSERT INTO `oauth_refresh_tokens` (`id`, `access_token_id`, `revoked`, `expires_at`) VALUES
('01157a1a9743a5919e0066b94ce2db140947e4ac71fde81489d3a4efb32ed936cce687ceb39e2f33', 'b98d2ac5eaf757bd2b84523c814ba75c0d542e05dff7582a154e7fa527ab5cfe5acc1877dc8bedd7', 0, '2024-10-16 09:59:18');
INSERT INTO `oauth_refresh_tokens` (`id`, `access_token_id`, `revoked`, `expires_at`) VALUES
('0199c0d94b0beebcb4f36ed3b05ec6faa2d45d809646e2c984124bbefd9980b7713a793f671a7f73', '9c67add799f2f5222055d07fa7aae243c27005fec439d1c14436191a6f9374d3ece85b05c24d0537', 0, '2024-11-17 10:36:47'),
('01a733ffce0429ba7f2aefaaef0580b30c6ec231eaa51d4c7683355347e63aa3f2f62e767533cc5d', 'b0a23bdbd896515f4e2b5ab5b5737822c783aad85fddb9d6468f6eabe00229577c07af018588d076', 0, '2024-09-21 06:18:27'),
('01da7811c4f7b4b8cfa893846aa76f3ec9bfe7431e974b12df656a8ff34be8a298da7086b1ba751d', '544bf53a10b1bec832c539776ba3b373729c60ef3ee21b10616dfbf7daf90dfc263f0e8dcece72bc', 0, '2024-11-17 05:24:36'),
('01f9284ae30a4b904effd26a6271d2b39abe76f1c550cee2b7cdf0ebe7645e1c8f8356343ef033de', '2c59cb504e243f9eaf439461d1b36577dd9592c35803ed14a02a46706df1b05015eef37038b607ac', 0, '2024-08-27 08:39:22'),
('02786f62a5d8704c7ab6cf6477aaaaef25194d8a0236d1c7aa9123b50e07dc23758906a7a8d9f2c6', '23a84f924c26bd45725f9e3b467458dc0a1fe960e0f86b2783aca021591d03dc1b243ad4005bdc03', 0, '2024-11-26 09:08:52'),
('02ff3c0a65ad9e1fd6b4678b402bb27585facdc6ee1b73888ff1755a83b7117ec07ccf6530e7104f', '5fa083ba6354c0c7857b103631840b664155173d126cfc843b1cbb6682f20753bb253679d6fa2fb0', 0, '2024-08-27 11:01:38'),
('03df2f1fcdf98197b5b3cf4e0acaa6a2c1dac2fb16bfa66c07ce3168303c1a085f327341c7239496', '5f796da0afb6d6dbb5a4737857601be5538383a1b6b36e26c9e9b62190bda9e32717ef4acf14fa1e', 0, '2024-11-17 04:03:56'),
('04115f8747225d5cc293eddbca4f3748922498b8a04001999fa9278b698a1f7f32c14f4880e9ea24', 'f57fbe3a0e707a04cd7551eacab35a73b968d8d563cf2d14a66462d4ce652b3913fd51a56074ea24', 0, '2024-10-02 04:23:22'),
('045c4a08215a1d47b787b251e921fbde6299adf58719b18f328ba7049e1d3b50385814050d975a05', '93c9d22a595a05cad2ae186dc8b8e39f0de962b525c69eb1787d8a440f5f59b73b800bf45d31bcf2', 0, '2024-08-27 08:36:15'),
('046088b04abdc1d443d9247d8fa2291b1fd9377412a176dfcdca00ba347edaccd953c43c25bf7880', '1a735e9e899f082a6460ee35ac66d5966a63c4eec6c27c3e47000d4fb26d695d1cc2b1acfe3b3cb1', 0, '2024-11-12 06:18:35'),
('05605fb4ef7a8cdcf4567c28d374bd2cc8138fbc3ddc11217bd86fafa13ee2a0ac243b34c3083e66', '1598faf3eeece4bffe08cb006dc5c7988b92f5bf13ff2bae20a4400d083c016aa26687cbe357cbae', 0, '2024-10-15 04:31:21'),
('05b140dd755e2f36947d2954768ffefbe6f7bb49b45a410b7fad5eea29f30dadfdde80f4dc2e5b7f', '41c3575b1daee30765776c4ab3d5819bd60179b4235ddbf9da00d43b7d11b32cf2b6d7d6c8a3c93c', 0, '2024-08-28 08:25:18'),
('060a2e4341a73c6fb2e135ec482aafa0ca978d54a115fd0a228ce5775a7f5f59d34f46e8ba8a2c4f', 'c2f8e34bf28518918acb72b028b83678638f1b526153858df18a063f9bfb77c51f6ca95ff5e5b5b3', 0, '2024-11-06 03:51:43'),
('0628a28532bba417596f04b9ee393ef58550bddac82f5901259f889a6ab9cf6eb981008a298c5d3e', 'a0701853832c4de950f05c357a2467f3d89b42868e28628e610b9b54904f0817fb7973315146e4bb', 0, '2024-11-12 06:28:25'),
('069e49e066814e7c3dab9c8385eb17863fc1a4fb1d36950dc098be4c437b9f9fe732323d83c95e08', '971c2432c9a076e4e6d9a4d5dfd60d15e3e40a1f4db7db7e2665e6e2c3b86f1962f46c41d45f46bb', 0, '2024-11-18 07:55:09'),
('07c45afa2d9c890ddd4e696eb0a48808e3b6994b05bb112db5de8b3b97a7f3955c39fc8f836d455d', '885fd118b003c6d400f5880169f6f535c082fe5d01558a2e8de9a307f6ce82705914f1bc6773999b', 0, '2024-11-16 12:27:01'),
('0967df838c36e69bf6c51115aac10b4d8a26b93359d23ae9b7530c364559551567e0fcb623fa960c', '9176031eec76e2e356c841ad280bc34b0208d80f04c25b61af36bca934bd97f093b51d255736f76c', 0, '2024-09-21 04:21:46'),
('09c54daf20714e5cfad0576f00d79277e595678f4f9da0b52b457d48c8dc93425eb995defafdc2b6', 'af60dcdb9aa11a9a26244b32015a440f5369a56b0071658fddd30abdf6041ac47212dc365f091105', 0, '2024-10-15 06:27:54'),
('0a8e00dee23f4be29302baaac63bba14865f72ef8c6c4c0b3466be9d2f876c950800352db4c07248', '963c282e2e0e6caba862fafaaedb936ac9313f3f835de5c006ba9e7029c8ab7d862db9bef05fcfa9', 0, '2024-10-31 04:00:26'),
('0b33a792d5a2a7eecc1c16d73f7ce9f3146047c95ab3b9c5e0decb174563a19c6223d4a77aea6499', 'c3f6d19b9df714763f445bfc370ab8b4474093497cc8d322e8f8eb5d43486fb72b7adcab8b8f4bc6', 0, '2024-10-23 04:25:14'),
('0b9f4a911b78eb90a0ce5c33e0dfc88825ac5e06608b73303deaab0cdb57ba31d78f881f1bd1cb88', 'd4e2bc235a034d8d62aa600ed5b0e22ea8d5e524d576d4027f0409662f4b53dbbdd7151d8792cfd4', 0, '2024-11-22 11:00:08'),
('0c3c081446b18e50e1235ef58920d813e8155d7a13ebb8767aede50acb9c2e24c8494a75454caaba', '56bc9f85d6999d0575e5284a62f4106726caf861df9bb392dc8f23992387ace2de9ceb72eca2afd6', 0, '2024-11-17 09:07:37'),
('0c51e4d45a36454a6d77ac8487febbe1e7e8dc5ddd7c5fed953ca49be37c7c904e43a3448c706dc3', '8c33a2719f553188a3eae5cda9c02e3790b29884570cd23cf6f7db23739e874275c768c480c9e9c6', 0, '2024-10-31 07:26:10'),
('0c99793e4db8b9b38ab0b56418c9aadd0c70de52f414d8888061611864f838e32ac4823c5f6006eb', '74bd0a8687ba653e5e982a2a67943d023fe99ab761f02de0f332914cede4f456a37c055332289988', 0, '2024-10-19 07:05:45'),
('0cab1075514cc66b0d41b568d682874a289746ed03b5d0fb40c2e9b100d7120360bb02201d34236e', '8539c39a5f92ae534ae5c42ac61fe718b8d84de54f02f2da78cc1149d42a633aff3e69e874ea5362', 0, '2024-11-16 14:49:31'),
('0cdcc8f71c4c57d3ff2516730a8d0c0be6e9f029bdc9834423ea86a8c1e84b76006dcf71341ac694', '5349604f23dcd8906de0485229574eafb10f5920a74ea58c32a723dcc17677fe8686e961ab466435', 0, '2024-11-20 14:50:21'),
('0d0e11c24102e3429f9de567a5ff2b92e6108410d4b7e2e5144967c23e15165fae405630a564a5ab', 'fd8e5f124aedc61679ef4c1ac93f01b7c82ec8b238e3794f57d3bc80558916d942900cfb2e163357', 0, '2024-11-21 10:54:00'),
('0dec14c68c6de774f62275fc60b4f53744ee1c9bb609b1559d3da1167d857746dfb6a72aa5311538', 'a605acd2f4c851da1c52a151624737bf350578e5225ec6f03f2795efdaa53ed3727e7b1ceb5bf0f8', 0, '2024-11-12 05:02:08'),
('0e3a1574fc02ecf5793e7e9f66c5a89eda2b55d62feef3984db360b1a52d34a6e5470e5feae7337b', 'c7f536d6ceeafd65f22e4ebede4f806e0c803318651e78f2355b9c18f24923406c56cb75ab483e22', 0, '2024-10-12 07:12:59'),
('0e4c03a2a715b3a3420d5e30190dff64cc90ed95bf30cf8c3ce61663ed0068ee30fb4eb9b25005ca', 'aad16c59a38c810a8efcea460584294752e860c954bd0b0c44dab87554415679cee5db1dbe1cc14c', 0, '2024-10-11 03:53:20'),
('0e62633bf620ad42e57366b9617ccce1620afcefd7643ded1bdf1950451ff669e5e50fe3d68bf2dd', '6beb3fd96336770b5fdd35de7a86c6fd8897d339e5549cc03e9cf3cacfed68b7435da9887e773adc', 0, '2024-10-16 03:57:57'),
('0f270cc53c566cc722153dd9e6a480e8cd79d0af0a69c133ab50bb977635a715958a36f2e6280a0f', 'ba526facfeefedae809b3f94b413c9de3acd415e8967da34a6d8518fd963370622d56fe81067655c', 0, '2024-11-13 04:25:40'),
('102781e77c910fffc058e2e411e37d6cac5290daa470cf338f2e921544132d0ec4363b77960a3a39', '96e69cf04363bef22d304b5672ec0165398d152d414a1286f6875bedf8982bdc6a4706023dfd2fca', 0, '2024-10-16 09:17:37'),
('10516489af69692f2d4263c01d1c3d436b79d0292085ff3f825ceab89c19c47e274e7c1c0ea95cac', '9161a34509352d4173aa64f8c56e6e74738446e78982e096edb68e6479ab9e24ce1d407c2006073d', 0, '2024-10-15 06:37:11'),
('10799ad325ad27d35fa30155757ffc34be363c364fba1fb228e944d6f5846e50496ad393ef97b930', '0c30df8109f3df5d19d0e7a3d7e61f1845bac39497a20ec7267f4c630db2a83bf37c6dca465d599e', 0, '2024-11-17 04:23:56'),
('109fda129ef1cd090f0b3a2b8afe3b698cf5b1d296ad3eb2980e728ddc42c696c49c5ffbb3efea2b', 'aab42221e56620730b5e388042e9c6560638ddc61935949b78f6a354059499036ea5abdd85add3b4', 0, '2024-11-15 10:56:54'),
('10f2319ff34bcdafcea2558679bcfd4ee8f034ebb2afb308066f541e5caa30d448885e55370435d3', '0a31927be4d6d24cbc16296ff685c3f35e046def82ef45c0538fe73086d14e8d8d3189075c06a6b2', 0, '2024-11-15 10:52:14'),
('1169b8281943dcddbbcfaab1c0ee7e87747a89a731e0f4119e92d51ced5ca5af03273a4e4a3e5421', 'd57d09dba83dbe5de5946a766083895305de4ef175de6a296053ab38e04308c8fec6860cc801c7f3', 0, '2024-11-01 06:38:43'),
('1267768a7010cba3b198a91d8fa2e3aaebf411dc5d0471e7853b09e397117f713b75632a859d39c9', 'd758670fe699e4f8fdd467be5453a6465c37d2bc12bb50bd1ddb3bec19f622139cdefe7d3608dee8', 0, '2024-11-14 09:04:06'),
('12ac98d9b64dcdda023334b4664962eb95932a2a08374eb0695556ed3887a66057d30eec46b2d587', 'b836d76e23926712e82f072078dec7f923f20b74ab568a9dce6dc9020b7c00b2148a98ef68919a17', 0, '2024-11-15 11:49:18'),
('12ed0831a915e0d76bd20ec9c7338899e9d99a85203762b4723a3bdf5285d1c96711a883da46103b', '40a8feb56f11c29c9f7cf8ff2997c950fd0fb9c5327ecf0460c8f1a1cf445375e621696e002b3ecb', 0, '2024-10-22 04:09:01'),
('12fc60fa0e70ab3ed2baa15f6e7ac236dd1ad201946c0cb17d751e8d6e7d1808d1859bdefe8879d6', '22cb5aedad1a4f4e9deecfcc26396560e416457ec393370b1a0775bf0e2830d76f6edc3232d20ab1', 0, '2024-10-18 10:11:01'),
('13ceeee5ea0ae60a61430363eb4b2617c9fb972b8117c96247e20a2dd06043c82fa7452dfff34eab', '6bf135ef02551255d366434876a234690a377c4cc5e0786e26c65f97f9c245703bdc569775afe64d', 0, '2024-11-21 05:43:31'),
('1442cd2f4bdef7964577715b89f8b27cbb853e582997ddc9a233d731891140fe441f8d1968c79328', 'b21417c9abd5de2802ad65d2e568acc37fe1ebf70dd347e5ceda4c7f99709fe846e7b31b414820c1', 0, '2024-11-17 12:30:44'),
('1459ec079efe07795ea857f21f0fbc59f62eb9dd8b745fc962a0faf35616be39fa6548e4e2d52b5e', 'd3be419da0173e2b2dd7a70945cf82b759c33af046000437d8b48b01e15640922f7637ae5bd5b701', 0, '2024-10-18 10:28:32'),
('1460f9f9fa1ec0572a1128c288e0fc3af638bf13cbd2d4e300c7a0873df10727fb6954f6a4a31d19', '4f2608dd454f32bea26e374313addbe83f61e18015b4d02b2fbf467cb9691fa77c4583c4f1d9ece6', 0, '2024-11-16 08:43:13'),
('147c418e80158b02e9c10e89c71a59679d11f26a205e45b3635b0b900ca932250b5e81fc19acfb42', '42ac7364dfb0c6980b2fde544fecbd4b77431d996a5c2f16dce1e3774f795b669000c052a7be636a', 0, '2024-11-16 04:00:33'),
('14b2f8d7b4271dd2bf0a51fbb6331b98688b84ceec56416aab97646e4687580a11a634c98258160a', 'e738c8813f1c5a33ecff685c6c61b4675e8baef695a68f427ea890bca392675917f63c563ed2ef03', 0, '2024-11-16 04:44:45'),
('155e433c12085d77b674fb3d3e090f4b26a0c350cfb9400ed08aa44c52df52071fe3e121e658adb6', '51e698d0609224da0fec12c2d7adf43a17b36975617cf1073e1e60ba760deb1d2960418bcfb14988', 0, '2024-10-08 04:09:10'),
('161fa18b07253e7101105bec2bc7fcfc4ee17063328f575115e020a2c91f8aada77b25a8d632ed95', 'b90069d0b2e3881c21715f4fcc19f8acf3c50665fecbef1bac9c6bb47ceaee7b2a838efc3692dc8f', 0, '2024-11-12 04:28:50'),
('1628fd4b9f3f5f2a69501a4555294d4520daa475cfd6e59f87ac664b2bd786763350d247b81d750e', '1bc5febbdc477a59c74ce5c71ca2ae3c89c9e4288dcfe73f085aa8548c2b70f6eae3994542b2fa7a', 0, '2024-10-22 04:59:50'),
('16866aa2b21d83595fddc0aefdb3dbac617dbc698fd20a48d20bbb6af781ed97fef15ac8fd4e068c', 'e055736b993489f4e3760c44f19f2f9382fc21b9b22eeb73f61b9cf049b664310c2fb31172ccbcc6', 0, '2024-09-21 06:48:39'),
('16a18b3d15d0ec832d4ee40fdcb44fc2d108c0fe3f8fe35da6945cd6cc37f9b4eec9cdfb509f0dc4', '738d4a20e81485b5d7fc05bc8dbf7d5a58e8924b3e2d1ff39c8b2bd2354a1ac67bd6efe5db3da654', 0, '2024-10-19 06:55:12'),
('171191a9cacde8bd0864d684431ca307a37da52327b2c6fe2292e3534e69b5f388b282deab219ff4', 'c30eb69cb0614fce0ba6034c2d870f807bd660c9536969ead562a0e6a274ed156d186766635d3e93', 0, '2024-10-05 06:30:17'),
('175ea2274c061baca19f2cce355cba4e512a6b46f8cac2a54d927e938e590835f050f288fed09434', '9228ec7a54e5fee623cb8c82cfe226158a62c439bcc79aacb17246b44bc7347aadabb7db88268bf4', 0, '2024-11-09 04:27:19'),
('17c22ce8e3666708b1b0425d5ead1bc06cfd8c8d8cd9d0b08be6263a922756665714f8d6d11cc492', '4ac55791c03e6a0467dcf205de759702639b877da5be7b53f2179539f656df630e339efade9ca09b', 0, '2024-10-18 04:48:03'),
('17d7f802fefa5674fe808dd011e00baf20c3e1908a15d51e089563a41523568aa9037b5f4bd5b759', '45b70ca3458d882e8d541fe33a27c46a7923846e3effa09b71ae770d0a63ff2f159901c50c57913c', 0, '2024-11-12 06:34:22'),
('18b57e8252792db04539c9e864f1c48fc64a1d8a6e9f81c0063155d7a5e61454e6767eea7ff1094a', '9baaf4b5ab657b2438dcb230a92b81e9b84f06c8904f278bec06c813afce41f733a549d11d5c13b6', 0, '2024-11-20 14:58:14'),
('18ba587358dfe931ea1aa19b2320d7a341375368765730a90bdb0ff332574082fe8ee81daf0e44d0', 'a7236cfb316a365a3417c8e08fdbfa61b047324b0825132f76251b990e9a380b6b2eae50c8ecb654', 0, '2024-10-10 03:46:13'),
('1929f06e84d62def0945564f9ed5357e800a1db00cf993527318fd61d91c03af5f8a9bf3f3f6085a', '51a339b90c31fd366bc65b6a348c3b743451b347f8a2e8e1a6e6529752011207d3fe8767695e85c5', 0, '2024-10-15 06:03:49'),
('1948bda1f78a3a0a82a1c416d413477d1d7a19330b0cd6429920a7c8317de42774845cafbe558cb1', 'be76ea225cc507c0c1e0d18ca0f996570a21c9228a93e47c3f2c0fbc00664a7c590abe444c743cef', 0, '2024-10-09 09:23:59'),
('198f822a242c696272b840bd43214811537badabaf8bb76598f121283046bdb45a5e45501156c2e2', '2f0773c8b36d10655d161d538abf9741fdfcdfb7129845755e6c8ae971fef635e605572cfe46808e', 0, '2024-10-26 08:32:54'),
('19fce98e3cfd736cbb0bf1828bb089ad8dd912da32d97777fb9d0cee87be1cbd38a09f196f000af8', '063000eaabbe99610d164c19b3739577c4bc1526e85595d2f8981a71dbb34d36d013c14c8275f06f', 0, '2024-11-21 10:20:44'),
('1a0baf3f22634ab149b6549243e1c65022a6dcd7b008215cd722bf1c5f69eb91d40eb75567d63b23', '21055e206977c0e22f513802dc5164500397e398589122a7c8c7ca6b809924fe708c5f51ff2b3b63', 0, '2024-11-16 16:46:36'),
('1a780399d4b73eca4f83fea5956c150c82f9ed461547e19ae183a9fae868f585b033ddbaedf2e794', '8a0aac62afa4bfd3ed92505471fa2ac1997dd876323d8284f5c9cd4fd830d8bb260e45386005d1ee', 0, '2024-11-26 06:13:39'),
('1afbb2e2d1080f3a37514469853b3a9e9323f39c6b701f11e21d515b801a21290d237d136f498ed2', '8ef0cd48f7962ca2bf19335b46030846c4104827e373af42d6bf3bb835a76435db20ed9493b65663', 0, '2024-11-05 06:04:45'),
('1c0ab070b647c58106a3bb03d8debd4473461957d3fac22fdd92de7541259ff9d044743e88946e79', 'c167c00b94617c4d18760e8082d18ad5ac182be1f91b539a513e4e6b86e9e08ea777989054c2b49e', 0, '2024-11-21 05:36:02'),
('1c558f962b6cecd27ad004a705ee48fb6759dec2cf064a3b96ea80e1ee1a8ed71540f835c55de22d', '6abe27edf4ff43c8e3383d4a02241e8394c73a3ac1d5c8d6749975f9442e5413b2da23cf65153fcc', 0, '2024-10-16 06:28:18'),
('1c9afce9649bd7d37b04e92adb6e70e27060023e28edfaba21e64b90cb07edd2bdfb140d54ac12e3', '2203c8eed0e3c0b0196c54f6683b679ac69175a0e90aac947c87195298bf1452c166d9ceb20a1843', 0, '2024-09-17 08:31:51'),
('1cf684bc395326ec75d2d34d49cfc6662ee69d549303a0b940dd1dcb80343a6e9e1b2449d92741d6', 'bfdbba306f4e11ab640a36a060c8610b63898ae6878a93e06553c4c14f10abf01a701882c6fdf74f', 0, '2024-10-26 11:11:49'),
('1d35138e1fb797b94f26451c2c042feef9346d6e636353d7228bff1f5a54246521c0806207eacf9d', '63242fdd9a7cd716ffdb2ec706aa84a69ed5bab805b974ee3dd11816a5e2f070c662f8d690aa0e64', 0, '2024-11-06 04:20:52'),
('1d59a2ba1b2aeb39a1a3a9da13bd8e842a1f32dff01ca5267c007f91cbb7882cae4da35a2025e25f', 'be436a053a680f4c763e2c3d6139754dc9caf8e854f8453eb2bb4c4f1d3f01c6e625639233ed789f', 0, '2024-11-14 06:45:56'),
('1da4708d9c062af10a16a039617523476544a6873ba5ebdd686d37f2c9395183b5d18e473d3c4ec4', 'c043024ed4dab0467aaaa75ab56cc1c8eac3da6de410efd97f5c2f5f8e26e7b742df665fb8de94ae', 0, '2024-11-07 06:07:26'),
('1dcd4faa2fdc47a78f1df4021c9b5d2c5fbe7dafce09edc19525eae45b09e230814e4a4e199cd26a', '059e2cd23def5aaff8065f115f1607a45a6d3c5b359b647c789313a80600514f3b683900d117a681', 0, '2024-11-16 11:15:55'),
('1e3b0bf7853cba52d57fa2a3415d3aa3ac2aeb558796003d7d37025203b6de323a4c0be07a68df9a', 'e03b1c8fcf9f842b0a886b01073e58a8c0e24a1e52d487e114c5663c02e94e3db14179efb1abfbe2', 0, '2024-11-27 07:04:10'),
('1e6467c3ad3087268c3c0a4150848acb61e20e99957a1ddbdf356deb2bdfb4e7a0cad93687ac96ec', 'c19234e5c6c764e2dd0a478e87afc3bbf7648c069a28ebf67948f8217b3cdf0caa790b8075c9b4f7', 0, '2024-11-02 10:21:18'),
('1eea68a1a1fb8673b3357f78f1ac2a62f0e3dc78ae6875a26fff3d3d4de47c4f342a2b82403478b6', 'c8ee69b0dbcffa589f234e1a8319a947803218d1e361a58cd9939e5e6ba01d384953f47c6ec2fc64', 0, '2024-10-22 07:07:50'),
('1f93e6f29fd45015984d1e1c18d878ff3839bca4430ad9fcd2d96c043967973f3c71e64cf77151e0', '7ec2e00c4365d81d5feb3e0f4d2d94496d2ea8dbbee3f74947fde2cb75c299154f46fd85850e91ac', 0, '2024-08-27 12:10:35'),
('1fc8e5bbf6aea82dfa0c1f22bde0017e6aec4f945f76bbaf962acf79e07cf207ae1db0de72d4f720', '2dbd95cd4d85c9595b40eb7439f49aa41c6f754b4ac1127343a32ac527d31e323076dbc1530dc1d1', 0, '2024-08-28 06:55:50'),
('200d153b35fdc83961607d7a2ee3baddcb29a6bbdf6ac7d5cd70da8fe78b331ce33c4f7799956dc0', 'b1904cacace24dc5894f4915c33d3d4ac45045d2e3ea3590681b179c94db866f6a23936634b546b4', 0, '2024-08-27 10:57:09'),
('2094686208a2665922a31cc1881b840ec053fc314664a7dd9e360247958ed862dc8307897a83a943', '1410f248d2313e05940f1b0fb76a97d300d6542368ff6792679ed44d173dbdbc44cf39549bbbc74f', 0, '2024-10-01 08:23:18'),
('20d4ada3e528527dfcc0bb0a908a98f6db384812fb25211a0d7d4a5aff9cdd88e054121bb47ef787', '077a57ca610c794254f2de38291d2fb96c14e7730a6d5c462da571ec98302dd578db149d0cea9ddd', 0, '2024-11-16 05:24:11'),
('21f12c29e08b66b0a0bc27c368c924e6ba51219f9e4eb121692f8e1cec487fa4550fc6099372300d', '7971b6b7d2b851f1061d8fc67ce15a3edd627bcc645a84634df8b68d25bf5bbf178a43892d1ccb18', 0, '2024-10-29 06:15:57');
INSERT INTO `oauth_refresh_tokens` (`id`, `access_token_id`, `revoked`, `expires_at`) VALUES
('22a088ab0bb632008998e6c09d0ffa1e220a3113a64db061e5b7bcbf2ee84cfbcd3d6c68f2b87ca5', 'fd98bdc3f628bf0fec1f7d69758cd3dac0f0951ae03c380897a3f5d20cc1e063386036c0fd89b8fd', 0, '2024-10-25 04:09:07'),
('231b11a193a0b81e2b62f26ecf0583685d5780da045e5f572665fc16c8e21b78da66f19e862bba43', '684fb38dd92883c38dfce7bcd3bf5aea86cced2024740e0c3ca98e6eeb59f8bd86c7ff04aba9ce49', 0, '2024-11-01 06:45:10'),
('23eb5aa9fabd3f60364014673fb75efd9f76937f2a882a1c26e4b293b7666710643d73fbec9aaf6c', '04f1baab1b573e620a275c11a53b2b183f5e0de17705312c96d9dc4d8a187a480cc93b2309fe9319', 0, '2024-08-27 08:25:58'),
('2417ffdd4d1d2e92df7fd155e4f8a581e46d8fbb455bb401d096882c7a0b6ea1d627dba4e9638255', 'd750925e759979cf206890f9a84608586f7d3e8d1598ae2b47df41ab0e5a7fda8d085fdf4e3b80d9', 0, '2024-10-15 04:59:57'),
('244aa81cc243a58a6a59dec22f58445ade633a611dc63f88c47f1de307197f62e1101021afa6b8b2', 'b4df268cf3ce899d0fd49aefbbd5fa84b51aa39bc0d6def0e4c6b4bece1a3cdffa3524ca8ee5bf03', 0, '2024-11-17 11:03:45'),
('246134024cdad5d5bf7f33cf5d580ae4bad8aefdcfc7896c2631313d45fec814b659fe5437befdf3', '0e592f19b6b62ca6b8ef2cd10fb7219a56aeeb03f1269f478e27550b59c9a0ee27feace72c78a46a', 0, '2024-11-13 05:38:21'),
('24d37adbc6d8739276539950ba44d8d498eb4be84779311c20bd26b6504465df85336113ef7c737d', '4381c32e09e215590b24d87a1cb16f4967c9be62e281393e8431282a64a719ffa0881ccebabfe186', 0, '2024-10-18 04:16:04'),
('24d95d90989d01b713cd8a163e3461299dd69c42a2d937500df9d3068221a181d002d316eef320f0', '54ba0c84fd591cdcafdbdc1b9ea1c2c343163e686011f095dc86a39bce32fd855d95a5bac1ff9c9d', 0, '2024-10-12 09:09:28'),
('2593816b133cb886f3b40c92ebdc301de51e32577a382f90daf446487b33ef9a8ba3c6cf6af8f5b7', '0ef815641e82daece3b913744bc63582d5ace329b66e358461b2acf4407221d112e087244d7f91e5', 0, '2024-11-17 11:28:40'),
('263197233fde23c20f36839a6719650988b24c3508fed3afbc83f1a60137d337fb12802c9f065c6a', 'f27402b81efa5d935bc1dd1e7f3ece083caeedc1e3748d177648638cf8754b9684d4c39b1b5394a1', 0, '2024-10-05 05:43:41'),
('267a367a972469a41c8a36a082ada94f73f5014b3304c1bb6cfd0a21d8210ce1a5a82e8b1a4c756e', '7de3dff036f5a562337e1e053004ae88343ce10deb2f790fac29daed2eeffe2c793350c186c391ec', 0, '2024-11-19 11:00:49'),
('267e6ec1e2ac68d1c988934836e0477dca180ef23a7dc09d3add2091e13ae090eb62a73b08d598e1', 'f589b130e76e4980cdcfe6ac1fe15babe51a8953f1f502975cd2a7f7364bf46b7a6362d16c64db1f', 0, '2024-10-29 09:41:10'),
('26c18015a84c564ed90ee0d592ccb8f8ff6cfa8fa3fe311e2cf8c9f6ea689bcefc922d07eaa48e49', 'cc0874c1682ea1b53d9a74d820084c38043122204637d8ba53acb9cff61b77ab8557eafc05c859b5', 0, '2024-11-17 04:45:53'),
('28f71dea89584f6d51e506c43868fae4d5b2358a58cb6aeccd190ca7760c2328fa1086f88ec89b81', 'ead86ae26300456d8c72f1186f68c13817dd68b92919b1918b2fc5844c7d43580426e5568283eead', 0, '2024-08-27 08:44:24'),
('299c52f2b97651fc658ed6e364b777848ac033e4139f38fceba5f1faa6188659431539769eca43f2', '5cebb2c6f949f59b5355c75876a52cb1a5e52a5ae4bed1c7cdd9a40ab6361fd3b7cc425396b8de24', 0, '2024-11-27 10:13:47'),
('29bfdd846387a75aeb3fbd8da1f464fcd98fdf87b78597fe2b97ff4e6115bbed63af773109a588ce', '3a31aaa9dcf4d28513da58667bb9155f083ad56bc2df89af0372c966f72047ab58e59906dd50b93a', 0, '2024-10-16 04:21:21'),
('29c2eab35037362c03760c5804b31ddb00f69fd97c4f13f240762ff8f12ad3aa0c9242ea895c5215', '673923f71c7c44aa7bfb8b6547f4e274b5e2f5472b9f21166564cf57f068d207805ea4c4e27e33c6', 0, '2024-11-17 05:50:45'),
('29e267585f1724a7f364baadaf1180d53c32144f889f8f9299059255f3c03411042d71a5d05a8029', '250ad76053dc2b253bf7dd0533d3f369dc3d7b660ff19e64dcea04c33e1dda1fce40ca01dd419810', 0, '2024-09-17 09:02:23'),
('2a1ccdb9ca176073e8f14fd9f378d0d7f4d04f5b7dc327881735cb5b3ea667c9aaffc39b2538f852', 'f1bf24bd43695a9fe21925be80eee3d02f0fc3356318e0620b37e4e899f2fe25ff76e523104c3710', 0, '2024-10-02 08:27:16'),
('2acab1cf715cdf99f3eb54ebb640f798d25510b2e926c89fd61339e6fa4392070b7b63f6596ab3b2', '22ba563f2be8a588277f80920f49fe91bc585c7efb42129580951ffed67dc7c29b4608150fee5d90', 0, '2024-11-26 03:53:03'),
('2b191b640c38dafa63c5bfff3b04ce0e7af85d6e0200379fde9ea0abf8dd22a3d09e791cdcf2301a', '18ed873c3201ab581a9599bda2254a190c5ff7ffe71ac3ba22b4d6fff59c3de2ad790b25830f09cd', 0, '2024-11-14 05:52:41'),
('2b63fcbbd5d21def0e387774941aaa043a703db73263758a9c5dfec10a2734d2032f7644e9d64600', 'fbe069c07fbdd1eccfb1c6f3c379a37df82a5bd8487d5829ae428db347639802c533ff664a0926ee', 0, '2024-11-17 10:40:42'),
('2b7cdcee3fd6a12bdca86addfe3e4ff0db66419cf93eeb85a156286c356db5efe029a8ace54b6f70', '60f5bbe8d6ce26666f9c87e3a8e4e6e7a1874260ab759cd6571657c476c8b5f721247775329858d9', 0, '2024-10-02 08:52:18'),
('2c3522c9574bdf8cd561efc39e493c434fed1e0f35af215cde58ff6e41c1a4fd8de326fac87f0eae', '4f67dd48a7dfb81741ff1dee98755b81275e40fdfc6e13b4afcd1c557f82cd6b458b56fadc8d25f8', 0, '2024-11-05 04:50:42'),
('2c448f3f7342215da8565aba9ba4f2aaaae75afa6d0047c0795b7dbbdffd5e382924cd289e09d5eb', '06a91db30d58de2c76c2d11feee6f3ec1a20c3e9275a39caf0c3ff468c74120c80e0fb29210249e7', 0, '2024-10-31 06:50:06'),
('2c53fd43fba6bcc7865f69d31eaa3e81e97645b479c96d6409accbe00d1476519ebe6621f327dd06', '1c8e5dfd4db0acd1cfb8355eeb98696c72eae904455b97f45354409fa3f9943510d9042b9f470f72', 0, '2024-10-15 11:39:25'),
('2c6aa8db98b872af20b983e7ea4b75e549587e963c9a1f992702bcc45afc08baaf8e470b7a671679', '29c3e6d99a78ba54faeaaa5f554d00c287b66c2db7086392e2ad92b79ae44b0a1d75e1b972e9d727', 0, '2024-11-26 04:10:56'),
('2d0daa548541c3242bc96b9f768c21b04041816181070b40b688d75fbae7c20774bfc69c9d22cbe6', '404246b9a6d358c6995d428d83b66b86c076fce2aeab7aba777734d94cdbf9cbda737e9f936b13b5', 0, '2024-10-09 07:01:23'),
('2d15479a04c4a42d3a1fdeaf2007d94f27629e3e24bca7e34ae76f89280cbdf56a68ee23b42fed4a', '7eb4c8710e9a1c0f0eb25c7c26a628b8ba33fb2b101069ff3a9d71904c502a14da99347deb28fea0', 0, '2024-11-23 03:56:23'),
('2d525e88475ed0e0ec6bf2c9750617afa852e28b7d09486b625fadce7c983b046bd8b5564e746526', 'b53593f99f722174f8504b5373bcd8fdca9d922ff0472db742fe6e4121bafa2f230d7afee8025cbb', 0, '2024-10-18 04:13:52'),
('2de64ad2790cb11c09c0fbea1e863ba988895af9839eff87f11af076fc9730cfbed49dedec658bf8', 'fb2b471e8f5f1f37db35242e4f72403c5bec894d0e05e0f57c04bc4660ddf4d2bcaa3f0d6c450551', 0, '2024-11-16 05:37:34'),
('2defb1fff72ffaf05f37971374d4e60dcfc3992886051ba1eab10d4edb4f8795c9649b38e0641d6f', '1b1602b58be1338abbebd57b46599cde0241769cd106cc78e63f00faa599256ab08be050c187417d', 0, '2024-10-25 03:57:38'),
('2e83f483c238c5d33f709042967ca50552efbb75dca34faf6a102e1bf2461a4f2a848b519750061a', 'f4bee82b8e4b0b6e5adc895dfa8b04af1499b9ea0c8b271e83c52d4caaef3c01edbc90d62362f1d4', 0, '2024-10-15 04:57:26'),
('2e99da3f17ab9aece98681865485547ae210ad20ff7a52a216614c358b376f423a5b2991638026ae', 'a3da3ea9503ff494b63287c5880e0c13675f9aecd4e43e3f94cfc8b10b5bca89bfc722c02de26388', 0, '2024-10-30 06:44:15'),
('2f5f22d1fad04d0bb4083b40c38a757228ad23ecf3cc0939f7c602b6d62606de61e92df02ddd3825', '2eab9234a05d9ba90b222836af11852b7636bd31c553abe08e678664926e3952e14803bd5047dc33', 0, '2024-10-15 06:41:25'),
('2f84e35564cfa0e2363dc515a43bea903e2adba5bafe5be9569e17ee15af5dc98f625bff2aaf9576', '200b8302b142d2227bab213e944ff8736f83693f0d363b59b442ae21c1153287e6c65c66978da9b0', 0, '2024-11-16 11:45:21'),
('300d25d61379979e2779f40a3f9a4c782858d2ee8139be5541051d2a24efc1997ace4ab7b2945811', 'a3a9bfcbec7bcf245675176ecd59b6595f8cb32b7e15ed7a856777482f5cfac63653f1e4face761e', 0, '2024-10-04 04:22:19'),
('309eea2e9f3a3d94691ddd9253d13d1e5c77465052584085194f90e39a31449684b6fa049ec9218d', 'c4562d6d2153622dbd969fd9acb94daf76389aee703f9931a91df453fa38801e8a5ff1f7a687178d', 0, '2024-10-18 04:16:46'),
('3109f106ad14181074f9aa1af96be362ee1b4050ec46609de3812e5e91c072f1fac4d7eb68ca3b16', '68553460246a5dfd9974da46fdaf649f96a3fa466dd202a8648bff3a0b0721a9ce383129d361ecde', 0, '2024-11-02 10:20:55'),
('3119b188f87353c88f81c60b137f5393e49f20aa661bcca3b5e46b8ea8fa25f6cc05a71aaa5b67c7', '90f7a1927bc7f8cab4c782a0c58893808babd979ee7527677bb7c1768c8f4879cd48bde4c3fe62c0', 0, '2024-10-29 08:50:27'),
('31c894e0dea52dafc5c561ce3afdc13c7b09057aba4299bea7d9318a025e14dd93373d2a39bbc1a7', '5ac0504cac55f8f183caa06f6a1118ee3a4083a9373b89e0a89849fe9b287742ebe530557e050a18', 0, '2024-08-27 11:13:41'),
('321bd3a8e59e88a2d73a64cf5d9d2026f33938807d38da42d4f2ed99985c30b840484e5a6651b913', '3414e8760234878f277a380bf7eb5bc0d16d4aebb8653acf9368bba5e37eb19722b0ec95c0cec2a0', 0, '2024-11-05 09:46:46'),
('3273089e7db7b9d4397477d25de74004ada1c9eaa83f654e8e53810e02203d5061b736a1360ad1c2', '3b6a3831017aba6efcf92d7bfc102ba7be42899616be38bb0014de902a0f7a6a8c51baf5847adb2c', 0, '2024-11-05 04:06:06'),
('32e3ef698e56b53c254f6f07e6931c7eee547fad4df3aaa7ccf12db49a99881a3e9ebbe608601725', '0ae6e504ca389d609ce96295dd88d8f0b9c004a363d24208eb230163aae58c3181916ab3af4415a0', 0, '2024-10-03 04:33:29'),
('3378a8f6ddfc4643bdd240a58f28524fca18b3a677aeb9d1e5edbd08aa3ca622155e385082f780a2', '04e582155e801d090d8051982006be2e663961199cbbcae4581fb11f913c525cc5ca5a1b2de71223', 0, '2024-10-25 10:59:04'),
('34020aaced0b5a622e34903a9d47a089f078afbd922176e442aae930fd5db05bf8e5c3946d4ac195', 'f7c8f0fa671fc1fd5e64e4f73de50fb69171754f0b29739afd291ab3bde82c486f06b9f9e751e053', 0, '2024-09-26 06:46:34'),
('344c7a300e7d266e64434dd852bd47592befcec87c6c322e9e10e06f760da0a9667a8cbfa186ab53', '1f0d4f70cd13b834e1e2a6ee7f9638e164af8ebeb242b47f03003955b2cc8e51d7e54321ae645057', 0, '2024-10-09 09:04:02'),
('347abf14d734459fc1d463d5d1a1ccd4982be51b81465f5b5e5e80d941fdb8c6430bfd3212d9f8ec', '6e8437008ef19abe6db651a617840aa65f88a018c09124e4829eb93509f2791365c12e2390f6875f', 0, '2024-11-16 05:21:08'),
('3555eef49b8a98a7268a8c6b793378d999a2f0d8ab0d9871f7cc9d1e5cf1b66e7642b391c47c6ef1', 'd718f7d8b0f2e1adeb9d32b9612aeba4e21993ec219e50b0b7ecc885c77f893ac90a55a6991971d7', 0, '2024-11-07 09:55:39'),
('357c30ffee61dd1665abade7e93c3b3a658501ecb426aa41cc5df6aabd7690357015606a77983665', 'f5e25d47f3b960bf91c9a57db61e003b884d09aded462e7cb55d3b84e8a6963dde09cb05682e1684', 0, '2024-11-07 06:27:00'),
('360e87389eeec87f67b361f7b254637c9078d60b0681588eae132bc2c2fbef9e2ca5b93f3401e8a8', '5221f0473e147a08bd543b43c31ffbbf72a25c9cf8072e636ee9b9a96b3ed1ef71ba110257d5944e', 0, '2024-11-27 11:07:48'),
('36b0548d5f3b4277bcc8744b412225bae625cdf6a8cfdf2fd13776b46073dbf356e420d7ecbd09a9', '77663400abf5c8f6cf3f441bfbc1605b2e942f7816cdfdf49398c0d69ac4a2ddca5dceee912ccf4e', 0, '2024-11-15 04:06:32'),
('36e6e903bd99f767658cbaf2524109d67420b63293f3995e488f6da6dae0e8733550c6d5a8d4b918', '3a170f55db0793c8992b4f0f31897d968b1a3ce53ad7c6eba4459e3bc92eb3c8e62c928cc8ced9df', 0, '2024-11-13 10:05:22'),
('37089ae896dc85de21e50a6116ba68317f86b1da47a8f78955be73fe961a7fb728a67ee4cafe9fb9', 'e53f6448d8db2326ea64975ec67893e1eb2c2658c74928fa330debdfdbb2363cfcea6b1f404de993', 0, '2024-10-30 04:52:09'),
('373abf766f70602bb45b22f9216f7f0d79f54318775ab283c45c4fd5a8d1cd2b9f7111d5568e51c9', '1c551754a6d688909712dd6011c7a614d94dc0f84df5b8dc1a5706d4e589b683954d8d9af2f4962f', 0, '2024-11-20 09:43:24'),
('37ac74d333cb7db10b7747d59a7e45f346b9e89355c39fad2e1adca50b2b41bab473f61e15a6a5ad', '45038d9373d00d56eaee3cde6f99708fd3abc4799b2ac5385249f8cebaea659c0ba1e8ff786fed40', 0, '2024-11-05 10:49:41'),
('37dfe4d44c4eaae950871e47df851f63fa0c66e1ef33cb9f9943283c3abc15d398d9f72acc789eda', 'bd771ffbbf1ac4c6d537aed6dd33d59a8d92e75b2cf90a07be1c6584fd487e170a2ce9d80a9510c7', 0, '2024-10-11 07:07:52'),
('394574cdb89ebf7dbcab6d5b8d5678483bddd59e6385383e7d117c17949f7269f120de65bc5d49bd', '722751cd2474343f80a2b5c4e9ac7f1191875ecd5c9972e6fb49bcda4d55a5705773c5ff7a59a6ec', 0, '2024-11-06 11:28:55'),
('39baf49b4bbe003f17a3af2534c51fdcb0c96f4e3b25d24bb25c8c948560a9b9eff0a4549d523196', '8cc283116819bf9c3cbffda5fd7d36c0b6279e6c2da693aab10bea5ddacfc62df714c4273be0951a', 0, '2024-11-06 08:55:54'),
('3a96a21854c958cb1dcb4cc98c3a73fd3b12931492bcb2dbe69bf0faa20c1b6eb597d7e66857a2d2', '6d94e1c365629af9cc781e2daf94827d3027066f82f643d950425cca49f0065b8621eea4ab1ea445', 0, '2024-11-05 10:05:25'),
('3af2e8ce969cc5ed9a7e33ead3840e7249026dec028dfaac9afb3712ac26fa9278c83021cfead03c', 'fe7ba446d4c549b524e3d0a9195541fbd87f8edfedaf7a3142101f7faf39bc485d605c4ba45317d0', 0, '2024-10-18 04:18:31'),
('3b2ee5cb2d310be052eec16ba986067e5ba70f85e8d911807821e16afd8068ea37e2f075a5f1b84b', '02de74eaf720bb4f1b53e3cbaffbb4246a950ac5e1487030a99da23ba7f66a2f6aa8b1d79a9de06e', 0, '2024-11-17 09:59:19'),
('3b794fae36e305543161097cfd1957a51f75e258ec3400e4d1e95d71683b30f7a9811209608ebf0e', 'fa8e757a423c5920341dd396195fdcce958905f7b4734474a4a3b08a8d29e14eca9a91cfc8dc6412', 0, '2024-11-23 05:58:57'),
('3c0ec2777a88f6976387b4c83605ba04aca0264c56fb40c71e64dc958f4052638f0775f0ffe89cc6', '99965dff4a39f08bf80d5d27fcc85a36e176d47e2ec9b8fe7693d4a10c9ca66a343c8140e72ec01a', 0, '2024-10-25 03:54:23'),
('3c3480b25ff864b9058a82d747f066fede44c33be184731bea6c9b743de4c4126aeadd5d316fa05b', '619db5fea6a6b406ad886f714eb65e1cbae574d5feaac7b8f9fa2278d0cc8b72032e1d641874f2d7', 0, '2024-10-09 05:16:52'),
('3d03c287ecd507be116938f62fd39d22f878a75b2b45d0b612f4bfa021f4a650c9d4eab215a0e3c7', '2713da4f1e4c1283b0a8784e5ebea50b43f776e09ac4c01fbc92a11ae6d4dd71244a0a262bd9654f', 0, '2024-10-22 08:23:41'),
('3de020d43fd83b096b31e584ad22caaca4e479350b1de67907e682136f08fdfd5dd5b46b8c13d600', '2d744ec8d1ebf7e2e4b4395c1c56dbc24bd0e837f10235a60791f5a4e7e6b3e6f60fb9cd7fdadc28', 0, '2024-11-20 05:36:11'),
('3e520f4ee004d96506bf4077dd2670fc2d7afb798fe36b7a906725d55bff6129f72a52a3d779785d', '6d25e6fff5bcc580717118e1d94ba8c5234285aee6a0d483d3c1f7cfc12c8e2d186a1e7a6bf7ddf6', 0, '2024-11-16 05:02:33'),
('3e694809b20ef8f190700cce64e9648fa3c5dc6e03bc935a94c9596afb26fe683a0e31d8194720af', '98e90874150a80d3c96098781038ef3d51e773f48e6eb7a70927fc11442537e06f59badb9fa2af15', 0, '2024-10-18 06:19:13'),
('3f0e4db34dc8345fb65fac8de99d15a3d5b49a25ff9bcda7e35184620488374e4a3f4db2b9aa9885', '7dd7202923b30f014fc010a158fb7dcb6dfce7c7800356385168e03a61a971365a1d55bec22b7854', 0, '2024-08-27 08:28:06'),
('3f84e128a983b7fd45ef72be6a1087e8a870523cfbae24084220acf088979f89dbcf373b16dabc6f', '0d6d6d2956522fd7150df0b1b088f145e9c1e7038eca44c2454c74aab11a7e01f9d872aee970141f', 0, '2024-11-21 05:36:55'),
('3fb2fb261b2a803fd0c996b9db6b8ac4b5903b2e1f834c334038250e167ddd3801540b3740dc748a', 'd2818f43f797d9f5963dbd32c1cb166634dd6616e3e9f83501700a33993464c131c5975a8e876e15', 0, '2024-11-24 12:22:10'),
('3fbd5a74ec8203dfc330ce9d115cdccbf2e01dfca3f7c73431c4ce02845b7e0ee16a1772dfbcce25', '9d56f9a4ffb499583004de9143649506018c948e93f1c6c429934802c322899005ab268c423ba84d', 0, '2024-10-18 09:18:10'),
('3fc071e36a0787a7ac5ee9d4df0f8ef6d91773e08c2181ffc767f1271f9d4ee3bedeb818faa246ab', '8abc417f4107053da15524904f837444106d038cf35ca740a9a6847513d2bf335a6905a251ff832c', 0, '2024-10-30 11:45:36'),
('3ffe488dc3ed2344a5f799ff2aa7f1f748eb4ad3a2e054a04e3f20aeaaa48cd17e2ec745d39558c1', '5a871b064627b53a117ab8e7a79b240bd3f90757b9c3f55bd64793edddb9ee02236a59c731e84db3', 0, '2024-11-16 07:26:38'),
('4066ad0942da27c3dd665b2f31c2b4955b7417cbd664babf1a98babf564081de263f1a647a4c0544', '68d42853f97496383ad8ca10c7c7b14f3b7b6fbc6a174fbab014e829beacbb7081875178485d9e84', 0, '2024-10-11 08:40:31'),
('4137c7dc427dc427b7cce2ef3b351882b0f4d9cabe72f9b4e66b7e3c9952c5320fdb2d78e0b0abf4', '6435fbea9f7c14910230b4040844c8141442806d0a83c24ef943f2b09df3dd1e8456e789838ca02f', 0, '2024-11-05 10:26:57'),
('416942ba8341bbb41600632368fe7488e227ccd161fe79c531518e92f1eb4a30c01b37611043cd31', '1f0aa9276124d8a499f84e608f4a01d904b1a7fef38efa424c0c7a75dcf4611de731dc271b3cacbd', 0, '2024-10-08 04:24:26'),
('41fe3a6c81c0ba9bf862f292756ddd6dd4d50eeec734d66fdc05a9e8c28359b512b211d17a52f940', '03d8c74b21fefe51242d11f07166461b629358cb8a9b7fb6dd15323c5a0deab8ffab20c97b7fa13a', 0, '2024-11-05 10:50:40'),
('42176d52363d7ebd2353e544df8655843016564eb556693ecf1edaaa14e06a176bea6d7f4d3e69ff', '2386966acf4062db9f40b87f2ea5d9b426ce7081cb72fa85d2cb7ee9b824b436c473f53a16d5b694', 0, '2024-10-30 08:39:44'),
('4309cbe33abb8bec1a8bc9f9998c0e80d645704d17c75d4d2df8744ad65467f4f130581b9a11f486', '7ce4187bef6305004e85aabd71594a69855d45ce28b27cef534fcdd3f492ba955b50550310c57728', 0, '2024-11-05 04:52:39'),
('438d06af82cebf9dfbaad07bbea13821fe0c835e0b3990a6a22eb185e7049c2bf9fb9b8098a3f1c6', 'f240e50be686ad7d20cde584cd04c0d51c7e60beb31a094d0c9bc3f60e20069a5c0780166ffac034', 0, '2024-11-22 11:17:49'),
('439be1ac01ddb70a73186187fca0cfb7cd2abfb0ea0f6ed30bb3b0cf364231171dfe9e46beca8676', '822849aedc6920d2ec946f8a499091e735114772d6ea1f689680fce9efacb7f49583ee8008fe8297', 0, '2024-08-27 08:23:37'),
('444639cb7e8d7252d81222ad50b5e7db80b8de0792c210855c2081dfb76153805f68cbce919f15fa', 'e721af66a802061428de2cd8a3024939c6b5de64711da2d354f15030be2331a20db3083291b10022', 0, '2024-11-26 10:10:32'),
('44a53e42ca46120001fb5c7c5a57b2f024f07c498fa3d896e15e930be017a4bb909db834a1bd1e29', 'e74a34ff5b9d87c16e517b7c9b09d498322c4f26c5d347a3a3eed916b59808bc846dba2298788e64', 0, '2024-11-05 06:44:19'),
('44bdd68233ed31478d3cb4d3097e4a56c43aeba521d122b27094eb9d7e8ff2cdac1b34cfbfaafca9', '6d78815de0d7d423486cbc0a54cea0dc7531b4a069d10949240b1b1cfeaff57811a5b1b4acf06339', 0, '2024-11-21 05:22:16'),
('44f8257fbf23617c1b30962e8a93b24073daee6c7590d7307449c80a4542faf1360abbbf2b4aab5b', 'b5222705ee14af9cf7f706c659dbd8d3a6908d360a0197a2b45f3a8b5206dc49ae742eac458f9de0', 0, '2024-10-19 04:28:45');
INSERT INTO `oauth_refresh_tokens` (`id`, `access_token_id`, `revoked`, `expires_at`) VALUES
('44fbd629df2184e078f36f2d7a36bd0839db570faea96d8e691bb6c4ce2bdb2d6b3af9af77771f98', 'd0939c04b87be810d0dd3a063dc671d9e040d1d45ce3a3966b1fbee8060fa7c2c00f34c841cef0ba', 0, '2024-10-30 07:05:49');
INSERT INTO `oauth_refresh_tokens` (`id`, `access_token_id`, `revoked`, `expires_at`) VALUES
('454f7c2937b15cb6c116a788fd474248fb17a88bffe2daaa010dc73fba5665416bbe06733f64e4fe', '63e3910113e12b60cbb77a7a41905279fd7663c0378031759ec1a9a26fdfe7034e17ea3d61ed34e0', 0, '2024-10-26 09:40:43'),
('459a396c92a2d294eac49a6757ff332eb23859211f29f6ec0a39cb2cb97e694bbb40a9ec260a53e0', 'bf522c4810c5bce97ee32dc002b65231f11e1b7ac173fd79ab883bf0aca09156747f15190be34ee1', 0, '2024-10-11 08:41:13'),
('45a7310f3e01b672845620635b7aae47336bc53915f29f705b977c2e2bacd99bd7e10506c2a6ff0f', 'a18d6ce0d3d649096f0e7228d720775c338e8627fe2a572cb05c4cf794c2a2fa5c6a9f33087eedeb', 0, '2024-11-02 06:04:40'),
('464d5ffbe176ade9e944178afe6bce044d5007538d2a536f4aa874fc2b2d8eea12cfbf0eb69d6485', '4350d78d34ed45e1aa40e65eaec86108de9a17f649ca49b31c68a84075b22e7af04167e66a3af1a5', 0, '2024-08-27 08:26:23'),
('46cf186ee5dc601171a30dcafeecf1d0d7d735c825a1cb9a95eabceb91ef28f6bdc129d7112bd5e3', '29c624cb2b0fc949f30f39adac5a6cdd48f7e45186891f913985bcd8b10c4add8216faf8cdb162d3', 0, '2024-10-12 09:18:23'),
('46e2afd5b8b68cf337617dbd6a63cb841bab7458ae6cfb1e0383a69b3f9b1bf930ce1ce05e10b086', '9f8a9bbe7b173c7a8577b608396c980f008775681b15f7d7fd656321135b4549e5ca89c1aa5a7e6c', 0, '2024-11-06 10:53:24'),
('47231826034f8a99545204c680b995ece1181f549c829070ad39e4e02d534d6f67738c0f2b57edc5', '6961420386b7573b47302db23b8f3ffb1e4c89b99cb5edc861ca129817b45c31850b0e78f77d9042', 0, '2024-08-27 10:59:12'),
('47531345caac60617b69895f250f329316c0734a1a27ad25b14610a48b0641f442f803ac96c14765', '629de5042a9134611cc9ed390ce6d03364ab435840f6b9396e6206b8d5a2b8ce4688e93b9cafa6c9', 0, '2024-11-16 04:27:34'),
('479805fb333dd2a4321d14761bdfe7a5c979d61881e79b5f754cd44cff92138399e1d0bae9151efd', 'dc9e453cb2bf3a80740252d7da3fa573571a0f41021424427f33dbf391a1cb1017d473c8c17defc1', 0, '2024-11-19 11:41:29'),
('47b99eee92af384e493c4f23e92e2d2bf3630de992cd564a6ccdf20698500e57a889ab75230304e8', '8c83e7809782bc016674aa5c07e9a54de890147dd99ea844e1ea9a0f9782740ec207fec2669a2cd5', 0, '2024-11-06 05:37:48'),
('481fefa59224ed48b7d2c1310595e137ff567d731890d537869bbdda79d93ad43ff8aa0be20bed59', '4c4a1e25d3115b149037d1f1fc2db338bfd5a7eba05d719002ac0a13d88bc4d4179ea1f704a35bf8', 0, '2024-11-17 10:47:57'),
('483ad60f3dfd0a3bef9887490b4a6dba618d9cca192baea8d44776ce62f3133c766744026c12d75e', 'd1be9b603d356f6dadfc21e21c441f0fb063745c9937d4aa951991e7ab49eb0ddedd1c949c5139a6', 0, '2024-10-16 04:22:09'),
('4842f670c1828775b0f56d53f332fb01d49acc6523e8071d211b1843ceab7b4bd695b1d40405b1e4', '084d1e960d9d407864abd63f14f76588097c2a982c1b83f8240b24e9752487bb6a00e623fd062695', 0, '2024-11-20 12:00:01'),
('487fda693131e6019fb45f2a0ea4ef70c3a7902514b814944c7a9c92d49b50fb184c3b69bb6ca79a', '650abf2fa9f930037d967b6732a7291ff07a20a4ab6297d4de9fe64a2c81bd2e2cdde9cb93a4d8b8', 0, '2024-11-21 10:24:03'),
('489e696809de7950e41cd22577ab5e3b51ff1db2aaad959071af746d66186fc3207a944581b1928c', '838df99eef9b2383037a392ec6a5f8f770bb12624018b2cbc66fff09562424f556f08d91ad0ab40f', 0, '2024-10-19 04:08:27'),
('4925865b6e226454781efe53011b0c4f0434529abfdc2594a69eb82cfa77e4e2c1d6451dcca37b41', '278e7d5bb8bc28ca0f645c2486d464d56969bc1cc8bbf58af2a1125acbb78ed7197eeddaf4bba074', 0, '2024-10-31 11:50:59'),
('494f222ec32e78b43fa4c32ff0359ecbcbace24168e85ddffae7e4d171d62326ba266e2cf377b6c7', 'e7f1ef9ff70389e7dd1ac54339dd986b2a5b492b2a3926535dae6070dfc7b0b93403683a4c6e5eb5', 0, '2024-10-19 03:53:00'),
('49cb1fe3bc78d40db6f43a3de66af67d7338db600b7b9a10855c558a72293fe0cfcda466ffb59fc1', '3846c8180b67483dc013bdacddb4a72556581db41ba8f0da1d23b105ddb2d73dd64aeedc8f8af073', 0, '2024-09-17 04:48:35'),
('4a400fb747be1f8e99192137f9b008f0f2e14fabd83c053032fc87b6d03fbe60852f2848e4d234c2', 'e129fadccc1464acbc83dc4a8975e2b06afa1b6c573711f2c92bd2dc60fd617e1ed6109bc558ffe1', 0, '2024-11-17 04:49:31'),
('4a50ce0948969efe6a07046c391826f1879c3feec8c5e4a55f04d75c292a6b0298fecc700f24b96b', '882bbecf3014bade30bd0d2d1c9b166fb3feb7b3307729a1219221313b9b58784d694cdc2c850351', 0, '2024-10-01 09:42:10'),
('4ab71d4be6a7610d1176db5acceee88b585619eee61b20fd3b4a1499aa20d058ccbeedd9ae15ef4b', 'a917c250c118234aad2a799f703b7f48e1e60e6a13578bdd14f4bfa2878cd98d676706dea4923f8b', 0, '2024-10-23 04:21:00'),
('4b2108f38da4c12b36b2b13c1b40745c2ad23f2bcc70da66393e9d13520297f17f5c323c3a76d86f', '4a9d87570ce91cb2f1309c9e947da6d7bcfc9899efa0ffc7ea746f0d3c65836478ef1cd3bcd85a19', 0, '2024-11-17 04:33:19'),
('4b47403fc1d184e41172652f9cd5e709444df4e19458723498024ed7775e1de7deb8e144401a39e0', '99b4f83173a20274e0503d25633659767bd95f66d612f86e38a0446ca4c00a609927258c4df7c8dc', 0, '2024-10-18 10:34:23'),
('4b5dca145bf1a3fa79d62217ddd567ee93546b7627147f209eeba419081b59bd77d80cc74b9a9409', '8d09196d63d5aeab9283412eacf62e04a091929c2313e8623dd59244ef7784237592d409e7d251de', 0, '2024-11-15 10:01:43'),
('4b6d70bc863a99d2bb8a2903763de6a8e9d34e427ec3027245e11c2db5664e928b60866288c68d4e', 'a814a0f3796738463601e9bd35c7c7e032ea3053c24eccb5ab8bfdffa018700118a56a0f7ea08a59', 0, '2024-10-12 09:21:31'),
('4cc860f9a6d3249de7525e98a7921633327a8e56a5c8ebb02ecaca752a687efdb689ba03fd381fab', '871c15b7958d411b94a8225f56af2c28161bb4d244e425e57543f09fe6ecf6d386bf1397bdebddd3', 0, '2024-08-27 11:11:04'),
('4cfb7c9e66f6c486122873a45e53e29a4089e982f5c43daa6ecd5c83af84c44088b45fa02f0855d7', '05de34062668a1afc2fd1e705e8a25511ba483021d4cb261cd5893ee7a810ebabd0de83abe8ed693', 0, '2024-11-12 04:30:45'),
('4d31054858126d03460de3a4cb7aae42e0d06b5ea35b2993a53215f93c8ee5103b82b2bf74e905c8', '0f42436c5cbb57e1ac9c0d8296a2bd0334b94ccc5ecf7127f091bd9a8ad78bc9fce0eeacfddbb95d', 0, '2024-11-02 17:56:13'),
('4d93eac950887534284dc6235fd696ae23bd8f83fcc6b85adc8439d1210cf74618294d1b64b5243d', 'ec2387fecec028d3256ffc542f35a57d27482b80c4d8ab59255232bc0110290ec07b0282dd2c850f', 0, '2024-08-27 08:35:12'),
('4eb2e47c9494f02ec3a7d2956db1925e8044a120d1241c4b67ad6859a003179c47e79b2f6a784f06', '31098848bac704456ea8e6c2f8ae54cfb3102198590d39006f582f057af56d0943bc5dc4980bccc4', 0, '2024-10-30 09:33:53'),
('4ed58c7776c4f522379a2e17a968362e9e4966feaa7056cafecc21870fd1b81f85775a6c82245ca1', 'e52c02bcf58b5dcb97136db2e4ec6d836a56608b339eab4c328ec8d023e17fd207e4fc04e123e5da', 0, '2024-11-14 03:57:40'),
('4ed93455a145b2504e8836b9fc368e6fddfb763bb6d40431be1b541593580b3ad25920c01a774c0d', '2725c28357a3048ec6c7cf93accac53b212a4a59ad1396b59cc90aa0530634f715f8ea8cf646ff0a', 0, '2024-08-27 11:10:51'),
('4edad040e6f6935c5f6e25c77653d519d8d0a980a98a2e40ef53e6c18debcd69126da61974185292', '05aaa9fef7c7c375c974343c23c7816282199c2884b854bf2bf7948dca15303e59f054f867f85975', 0, '2024-10-08 04:27:12'),
('4fc6b2ca9f2730b3cc034e8602b2ab4f84f35b15f9706b20c3c6f8a30d59db2a610379e1e15f3aee', '48ac3285cc6ee1768438aac6ab9d791c67951a0e2f3d806fe5c7398c0a5c5f6e612e1cd0bc117020', 0, '2024-11-17 10:56:56'),
('4fdf03f798bb450264b139c1818db2d5a5de5504fc0c52f0aa5ddb1c00ca857597de3e5cd8b61dbd', '5f92fb08f9d68f3f00f0dc8a8c90dbd2170e07200743c91caa37694c767e5996c95c2c3e915b69ca', 0, '2024-11-17 09:08:04'),
('5024d5bbd9a60fa300c2952c01ceacc456d7901cedd3ee36d877efa2bedd64062cf8457104f75793', '508992277edd6f1fd6fa1a77877d75f64bd6fe5ee3aae2ff30f17a479cd65d767b362a6cd992a580', 0, '2024-11-02 12:07:35'),
('5108d9d5ebfa1d7712cfd88a06ab96f6995b4e237330b2d267ed3f34d652f848bc72fdf148833709', 'bb162ded4b18f3c05c685f58c0dfac1427a4f69c7a9d58f5861f8ba97c7f4388f738da911a3c9301', 0, '2024-11-26 06:13:15'),
('514f3ad04faf973d7e497f0b5f56128c79985104ef5241791052f11b65039f108483d0e4dad37a4c', '8940b35ef350392c8b075d581d2fae529ae91c4d8c601dd52e9cbfad4072662d45c2222526c32cd6', 0, '2024-11-27 04:00:50'),
('518171a87e7b5365ab0e831a0722ac8c4341e875f445e795da4077c46956f0970859318c21fd0de9', '8eba51228d7b05d1d7465a59e5819fc2c473ce6c00b83158ae90fb787e98772e8f901ee9c045ba09', 0, '2024-11-02 06:49:24'),
('51ebf9dfcf6860c9afb4d376a7a5d19f365a24af04175e7ba5f77494a0c9e91c869175d9b649c724', '8583b126cddeb96c89dd5590e937c040758d9c0c8c0fb070c7c1e0ebfa39b7688e4943078e031eb6', 0, '2024-10-16 08:22:05'),
('51fdd92e01e7145c94a0666436129965aab363fef1d82ed8aeb8d745e6b85b599fdba8c763428db8', 'd077e8eeb7e7cf3c22cd597656e5818da26c5a1dfde461729f6179a7d0a4cec3cf47fe9773e320c6', 0, '2024-10-23 06:13:29'),
('528f2f95623ac53efe78f9484067f1094c2b5964a0136156c9e9f9a91bd4f851d7129fa405ebed40', '48fa9976d5383ae06112d20bd11dc4aa6aa99e97d6627cf7667dd56af61461578e1efa534d9e0e86', 0, '2024-11-26 05:43:50'),
('551f66eb4ea0f761ec1bc50682416bbe5287f9cad7efb82e53254949a54a2d0c8c01b72529aaa25b', '5a52fcdaf7c57b13da1cc87b6a8785729413f70f3be69a4b32352ba75d9a3982810c3a214a193a42', 0, '2024-10-29 06:56:09'),
('560722f5bf0a8c461d823d8f2c04e1473d7c5669b24cf35e8b95439d90d1ee7a1864c6e508df6f26', '60e7ac5569fbf4805c25d6031929ca6d6c800f3ad3815525278c69a286644cfddbe05f7b2818554f', 0, '2024-10-01 08:46:35'),
('5625b71ae98b0524f83ff5e0da3b728cdd01c4df9b7635a2d8d31a38c48cd46fe34a352868fd2f99', '6769cb07edc3fa6c92c85e8268372311bbe4b3a2686ce4beb366a24a8644172ae86b7ca5caf2562e', 0, '2024-08-27 10:58:54'),
('56327ff4eb860625f7df46c973b8867c4d529a07700243c06e4402610ea438e47e050ee6ed8d767b', '7d251800ffb008a1bf07541fda6dbe186b675f9317415fd3a43f2d3d6ecb324da821f62f1cee11c5', 0, '2024-08-27 09:35:57'),
('5691b22eba2b1b4ff6eb73e9b5235cba04650f8b75737cc7d20fcf0c3bf364c9337e1655b4fd6abd', 'a405694efe8d47baab70bedc108b0de8a7414f10e88ee5aa932d9244e73f1fb1fbedeeba96db1afb', 0, '2024-11-07 04:03:05'),
('56a5b58042a7121e445669787fca876be69cd932e6ee1b3ebbafe615fe71a9e28405eab06aeaee0b', '8f1dde8c77a2e740203d394ab33573257c7f2ed29fc8f2688e9b97064fdb9dfdd51eb8684ab41e9b', 0, '2024-11-14 03:58:24'),
('57cec4e8656d9cb3c0c8d70783158d93b5e64aa8a8f93895a46d9c51543334394177ac7b231a9aa1', 'bd8a7d684373ecb521130a42d9140f3d1c08400076d9d80c53099167d198e1170c02b98ffda0a474', 0, '2024-11-20 14:40:19'),
('58006aa29ff48fd74d50808d2117e95af6835e6da6cee7ff38afef37985a18c20248a3be8b5fc360', '9fa622dc8ddfc7a2bf36a37384d476e1958c26975338b9301f692938febaa657e3e74da17a41a857', 0, '2024-10-15 04:07:31'),
('586d7eee345af776bd7c462612b374f752f6549360d356870768a814702c13584b9eaf7e6020e15e', '3f37eb2a480965068cccf9c90158dbaf92c5999ea8dbe03267176f9091a7d285ecd4fcafb3afa757', 0, '2024-11-16 09:31:03'),
('58d0559f2028957052a0dcae29fbaf0b751daa3bd27350750b74b1200c08f540658733dc51b57180', '47967fd659757676ead664a61f33e158f852eedff02086c2963d3a5dbf159a1d15c21c1fd21c683a', 0, '2024-11-16 04:05:29'),
('591ba9bd5bce36303734b5d0cc76dda7b69687789673c098f5cb49ba9dfa32ad97e92320bfc166b2', '2a28da637580d597f148f7960263cc171b23c03726215e74ff54b0546a56ca3f58e64906721ee791', 0, '2024-11-12 04:18:26'),
('595f7b5002c5caf50aff82fc39ab1982196140258885c5f1b8710bfd4b7c75b8f77c3f8cbd19573b', '39126b8f77733588012e1f5f405e9da93740e8e91275ff80d6fb5c9bb68436e8991647642a91d830', 0, '2024-10-15 07:14:12'),
('597737b57a9a38f34f06512dcf1f664d4e443a95716fc17105bc64201a8d1affaebd9c9ca3181a6d', 'b47e95f52889057aadf6fa89b8982f440859edcbfac2f83f18deb19a037565eaeeb683a8063bc062', 0, '2024-11-16 04:01:33'),
('59a33f43aaaeb236a94c90779a5158d2c3aa49297ffa07d17d211bb6373debf1ce053b2edc1e1698', 'd4cf8720940547ef446d48738db195c80e889db0b1577bc267ea8e0c746827bbd522cd78e1207d62', 0, '2024-11-16 12:09:49'),
('5ac36584568cd1435e38e278090bc481a281c19e625e26b78e3272078f7ffb3eec835097d976e98c', '6dee29a93358bf6123fab8bc6be839d9c1d201fa198f666b3dc46d658a3bc3d026a4499dec48f050', 0, '2024-10-15 04:12:56'),
('5af4521c128504212841bc79ff753443adecb970992e419bc2e7b058a6eed9d5869302d359548835', '5a5511aff5430b6f6d427e42153550000c457d52e704ec04416772f2664b26cde2df494ea2d84d01', 0, '2024-11-26 11:58:38'),
('5b1c0f55b450c0562ebd822b03347d355be5e553c363c6376161b973ad0893c79e4133d0ded538be', '2345ac77f55b436c38c704adb52471295ee8bb38ad74e64ab007448b0cad78d469d13c264e9f3a45', 0, '2024-10-31 08:41:50'),
('5bead9613af88903a79e53c15a1f314e4c51f5d598b617a8a7d35a6d773970eee16c03d300d7bd87', 'b086fb06fa9f6e65175890a2697c8f334eebd330d052975318797b17b1d53af2f8e3aad0a24cec24', 0, '2024-10-26 03:54:15'),
('5c40042c53aeb9864900bcf4a17b08b812f6684fee648fd16b04b816d23566f499db5afd40abe122', '8871960a922d6a9cd8a4aba4bb0fa7f306b8388e376cfe6ce7feaf2b1278694f7176df22f36c1192', 0, '2024-08-28 03:55:20'),
('5cb4b09b516ad99c4313ad24f2c04ee14edd5febb5d290ddc8c8ef242c156ce799c8d2db2ca374f2', 'c11eaff7b1a8d6b4f3580fc76bb3c1f1587e407d9ead8ff3611136f23a1a7e695ce1d6ce640c9ecf', 0, '2024-10-18 11:13:11'),
('5cc363ccc454f8f9078770048ef7869027da9272f59511b9a7f3749543063cf2fbee6c2d8fec57c1', '44381a5b9a7c63499d7fb0685e6025c71fd3ff967e758f262c054270cc2637589156fa447d1bcc66', 0, '2024-11-16 05:00:34'),
('5d18608108b95319d59b648e2678c928373a6f0d8bc1981baf566129dadd415734aa683abd47cad4', 'b8347d274363798824aafabd9c22f5cebc0c3beea2d5a279757c3e7ebcd6a0c6a2617568288f0190', 0, '2024-09-21 06:49:05'),
('5d6a0654545e5669691b5410adefcaed60342c387a54cf8c1ed824030f5d21397b935ea0fa54a8d6', '1ec497949cbf35e3b2c688b18862fbc7ecc2206a1828d23081ea42ca2ec31a64cca4c693ca32ab8a', 0, '2024-08-27 10:56:51'),
('5d8a5c7908cf5270ae6b09bacb7f1d63374c40da37215d0c538f7dce362b746085485fc8af4a4136', 'ebc855aa58725bc9409cbac369933e17a60e3638479eac1ef5df1b1277786fe8c4f917e4ef66cea8', 0, '2024-11-27 12:02:03'),
('5db27a89d8875c4c4f76788c2bf2fca7195d3a8144223f8af3702dfe3372be66ad928f7bc336e8c5', '171cb7ba77a93e8ac1c2cc47c7b4358db1a94f8a929c499e2c72ee699051bab5f70e3f1339e81c6c', 0, '2024-11-26 06:45:35'),
('5df041f3fe483a854a1f7f11a2f10705a82d16d7f1f4372fe1d38a57c111d9f5aa1c845a160dbb76', '64f4c93b2e3a70b6897da8ead464acdb7913d55599feafc07c5bea80b572f8e1bc3bede06afc6eca', 0, '2024-10-08 10:06:16'),
('5e2244855b5cc0047cc92e40b7f821dd2ed2ec2817d8e09ae9dda9e2d40486e0b1c099c399ca48b4', 'd1674e2decbde51732af6f4822e245ec589c5beb09fef7d94bf389abaa8b9ba6af010f866c4c316a', 0, '2024-11-14 04:21:14'),
('5e7e938c47e23c9f9d2c245ae8a3806a8b0fec9ab1f8b9ab95a2c850c2ed16abccfa6551832df863', '2fb7e11330e6ccf5a8742dc20748402942b0a43e92a2dab2ced1d08896e094129c9f6b8875362d03', 0, '2024-11-05 08:57:01'),
('5ec211ef58569aa6d705135b9a207c0185513eedd843abb63298979c1eaf51ca7bd2dca2d51e7bc2', 'b75f5dcca599ae5f4cf671661328f7769a0b40af8e7ba9402818a6eedde28e5c17ae9e35430fb595', 0, '2024-10-31 10:59:26'),
('5ec3d0e8dff40b0705880e683adeeb35481eda0eceeece73febb5f94a7231dfb94309f5412126c25', 'de0a570c55de8fe615fb7f1efde888ef9e13b509116eb106b481921847bc73e27ef947a788b57c59', 0, '2024-11-16 07:19:05'),
('5f133a71db8c441ec2e203b50d2444ba175d915698e8a86d867558069e4f90c5d1d9a3e1fd748463', '206ceb38a142fc7a5cbf03a8ae94fba99e80fe726714278ead71376c6313ac3497279b0e116e6e8f', 0, '2024-10-16 06:08:40'),
('5f1a2f37fda78682bcc9962d4fb401f4519cf42f67b2e46caa264972c700e3136dce7e7a95b19fd3', 'cba73614b49115aca4f729697e396886691942f698e35896268dda5ffa67c10d1adbd7bf21278c21', 0, '2024-08-27 10:58:19'),
('5f93195f8376c0035b00d0fd494a27508116f060b3a2f2afb0d0a2007e13c88146b2604cd758a412', '931f45dbba6013d04649119ee4646967a96c5a05b7025d230249ec1400ed05d617e8a4c7b635cf31', 0, '2024-11-16 04:23:04'),
('5fb504870fc00af9ba9c8608abe47fc4503623096a3c5deb3a3256bfcb40b122cc1ed9f3262dd751', '75cd21de7333be9396086dd0042df161f2d633865baed2fd888678dcbc781700d2c2f3c627169745', 0, '2024-10-17 04:22:42'),
('614b042aeb0ed909a3483d5512a69ab55077155fbfccae6485e7fca857746f66f0d69fe2ffae3d29', '60d43e5aba96f139e8a7ae88315bf85d1cfd35b3aa138cd79bb28ca362bed93f95d845ae8c1bc94b', 0, '2024-11-08 04:34:39'),
('61b6270e7759a613508dd212f60e2b7936f6a63271466701490fdad342e35880796cfd952f1c3276', '346dd944a99430418efffff5a59ef3445d0f1183d1fc381cf78aeef55c2d9c83ff0c04643275d2ea', 0, '2024-11-07 06:01:32'),
('61cf8ce3b0d19e36a4deb122619dcd1d58c1cbf30eb77aefd20a776645fad877e45c2a0f34834f7f', 'fa5b64c7697a556b6a657aa86339f50036797ed84861f7bb4bff146b4b63b3c7c39aa978317262b9', 0, '2024-11-21 05:55:04'),
('63800809206e014de991cadebad117853c5c59bb64c613d9b9a1a55f8876e8aa7b332f8014e398e7', 'e650f5fab163bbf73e77a7c2c9f9a08807033c628609b8b008d276853b6f75e5e6d62d7cda25e215', 0, '2024-10-12 06:14:26'),
('6383b99eecfd0b98c2e47dd2308301623a7b1f552daa4527a19fd7a7d0481781d73866dcd6c97d73', '05faf86b79e87daf2c2ff67f3042b5866ff5294a3838ebd3684c3ab2a53cc1b4f7efda1672cbf0a3', 0, '2024-10-11 06:25:51'),
('63aa578b8765465ad996cad70eb291292e5df0429b7bebc49587edac04d29c8608283faf743709a6', '2462b7de58b981f9c9d71d9658ac53b29f574e00451492fca150379c302a5c2894137dca7bfdc8b7', 0, '2024-11-07 03:53:11'),
('64993e7acab3d40ab3db6a0441e0d768e69659ec35851614fc83189e180760d97d6d0d6ca44f4c40', 'd7fd50ec1d783104c5f6ddc0fd70f6c9534f6161217488d08b9d02e2698d1ee097bce3d137f3aa17', 0, '2024-11-15 09:22:44'),
('64d9e4769d8a145e57de80fcf0472f06928d03e05309024d8e9f02fb30d7521abd98f4a1e0777c8f', '61b27f70f6ce942933abecaf4a03a9a521771ae5cd97568301855e499088c921f90ba3e079d2aa01', 0, '2024-11-20 10:36:33'),
('64e976da4a18c1711a538de00fc6fa519049f37ee734e0a70be20fcf2c8e3f13534b3e77fca96c05', 'cddb1c3ac9db55aa214b0851307cc8fbc16227109f4cb4549525d4439a08764cae03f315b8b68cac', 0, '2024-11-17 08:42:35'),
('6612b9e7fe0b34eb22ff2cd019109c4b59e15c5503b7dbec8e89855859d16e9a11454a35b0bdbd63', '4d1d731933d18e3f351d3082d1b37b7febed96b773deefdcc65c0b84319d684b8cb9295c93342eea', 0, '2024-10-25 06:52:14'),
('668877050ef0098d7e60364c0abc282cd015f44475ea47e8edf422b3806c6fdcfec7b4886d59bb49', '0874866b8349e0473d7b76fd97e4ca74dabfa5248117b156ec36301a207773b411e39c0f0cc04511', 0, '2024-11-22 11:55:04'),
('681994079b6b7d6ba13f9a7ac41e11fbaabe619e61d733c1f48784850b62b2f6900c76a571898294', '21d587b441c92a3a0b6a725810a1f112a7b9f8116db082b30bc5050d3abde38ade18072ad1376c13', 0, '2024-11-01 07:16:29'),
('68776ab0e991db22636e7252cd71a8cdcb610d4080f09851bec31520e70422142bac49ff0bb117f1', '7a997b4d220adb69ca5d1dddf07706f0bbc3468b8b8a277c17ad13f11b6edbd9f0b0b11f0e1969aa', 0, '2024-08-27 11:14:06'),
('6898eb45e819f487b2e8dbdca7d7b03625c6bf92f303ab6da738bcf4b532db1a5348ea57aa100c65', '6ae512dc323c1315e8939ef146afceba9d789a92f8cecb48ff5c3eafee01647cbd97cc85358a76ff', 0, '2024-11-09 03:58:18'),
('689db2676f9d8834670956bcb0d7092a59d7572fc99ccce4af05ea356fa6dad8f8f44f5b235722ee', '430d72760b5d04f85619d0f321c633a2c5646219decc82068e237f7f1da533b2cd16f395844bda91', 0, '2024-11-14 05:30:25'),
('68c22be186898ebbd0cf1ff90b6f77c5cdda55443585091a8cef287ea98b89d698088f719c1319e5', '1bfeb0985dbf12384305c08db37d1add35c05c64d911217557410e8750aa266c07549da1e991f965', 0, '2024-11-26 03:59:03'),
('6a47cb8e8ac3ef0044d1945a8506c3f9476a2a7009346313a5f41ababcc9f36ece54a1371c1a2057', '7184aa538ebe3db9b0368af213df93d18fad2035786e0301d8e9a54c9eeacb3f3d30a3d361fc95e6', 0, '2024-10-15 06:26:13'),
('6a5c3be7a039aa679854c4c8725c7421809c8060a6ae36be156c3183f8197cbe5938e74cfccdda31', '3431d6a801f24e9ae293ef1f3fde018ed2f4976f25aa1d7037c1605eab2484e89095acc05a56294d', 0, '2024-08-28 06:56:37'),
('6b432d23832b41025a9cd720053bc70b296c3fe5014913088ee9fe086819493d379f4128fca2a408', 'a9874753126ff505caaa681b2916ad519c4ed48c6179d615279fbb8f5deb2505de3e80887821affe', 0, '2024-10-16 06:26:29'),
('6bea7b8c55ecb508b8618258ca6811c9b152aad39cd12bc8b5b23beeb3584df39f694ed2579b4b07', '4cb3438fcc9dd1fe0188c03af892784df9df40cdc01db134ab5540b02e6bea7f4f2ab116128ac410', 0, '2024-08-28 06:41:52'),
('6c2d880449a2578d1e0631e9126137fa3f312bc0da6b981bd65f0117b25c1334dac975645df6cf35', 'eaf71888329baf3b443ae260bb57470c5b4f731f0512812df6296c6b51a9791ab152be5b47ff0702', 0, '2024-10-17 08:26:47'),
('6cc94cc4ec59a48c71abed36b7115f57e4ef0bfa97b47586bcf8b41a54ef32fabe3e072ffd52534c', 'f07c6a778a30656766ac9fbc8b0088154830591ccb0fd1a6acbd83ac9d2fe1aace53d1152280b290', 0, '2024-11-19 11:23:10'),
('6cd89bdc00e23680c76266e5f96790d37162a07476a50f615baa9f5d5af58d6ea352347be1244e5f', 'ce79d792fb528d9e32a3418c1ea4046680cabde5a20e6a6a1b2cab937c49f3c04c5bd60b1a043a2e', 0, '2024-11-20 05:00:27'),
('6ce25d58df114ec16b8722bfd3fb4abf5d3ead18c54a21d28ec2bafeec7fd3aa185f213e9d7a28d6', '716dd22452ffca4c4494742ec87a52632c1182138d8fa94d33e2597d75baba1f3996e75ca838bf4c', 0, '2024-10-18 09:07:36'),
('6ce806309125fdbe153d7f4744df590ab5baa58f7e4b1ac51182d09c1f36e5f0b272e576abe47e5f', 'ed67b8e46c23882b9fc4d0b7387ec2c736bccb163063294cea42b828a674b1a958ed6c8288acd32d', 0, '2024-10-31 09:58:04'),
('6d55157e0509778bc0b315e45e1d9f936b5f109743056b1abe9f7765a4e89d97dd80d844070f796e', '1d2fe25632e1a6a3023abb3b71a12001d5805ef049320db2ed0bdc525379b2632fde5575ad66ab34', 0, '2024-10-18 04:17:39'),
('6da6c91e8f972645d21c4b939cfc2c51d327c74fca8cedb71cc64825d241d4c84dfbc12d726354ac', 'd5982ebc4e006d6a4423efc4b6d4df5cb68ac2f1c8fc94ef1324b505c75bef9722ff8b785e5c5c33', 0, '2024-11-21 10:18:02'),
('6db4c64fe86e0d1a652d64ff202c28d103c27b3047748deba16aefe3736683ef07116cd51e26b550', '74951444615fe8054f391d2f921a2ed75ca7ca66cf9182d71919abbc4bf11c81bea360635e20d517', 0, '2024-10-16 03:49:59'),
('6dbd6af02d620af35da53568e6b1a365b2df22b4f3d8f7b4a897545419b08729eab1676fada90cde', '935d82c97f343523dae95a27dd999bb089fc1227445e6e05e2b6976fee2d8cc71b754d4ce81f6a49', 0, '2024-10-30 05:30:44'),
('6def0b8004ae9b9908100e8ba6bde54420baccee9ce77186fda1d44342d7cae4dd55b1b66e6a1886', '70d345962b98609fbfedf888781c5602265c24c7e8155fa4fd8ee79262f33aa236eb704fb5982fca', 0, '2024-11-23 11:57:51'),
('6ec0fccf327321236176675ec0793c17b44635bfbf15f4fcd664908e5ecd655035880ae55c79d304', '01ff961d9a209e9d43d01893298c85070db29169b40e4545ac75b14ec6c36e2352a8114a96984203', 0, '2024-10-31 12:00:27'),
('6eded4b23707e46c8142fdfc3908dafa74fca659d07fab39403660bf79fd0e0fed7faa3babbd2697', '601a0898d67f290875fc9a77279b12b721d55012233cf186069bd260f511ec2e70a17237bfbfe3cc', 0, '2024-10-01 04:28:00'),
('7067803e8495ebaaf7c37216111dee834192a8d972131fbbfa7b5253e9ca0aa3cf22561c80a622b9', 'd6599f46683a9b82389d30f50aea74b0d1e2f1910e677f31db6e7a53ca4e7bf1783bbf75d86766e0', 0, '2024-10-31 11:04:48'),
('707deb35ea64665fbaa1e3b749be72ba77cff1f21cdc9d0f2c304329044a00ce255793f773b3efde', 'b4a4a7ef982d05abbce82a9f49159aae1cf911e810647dd708ec882034e6ab9bf90dbcbaf4e5195a', 0, '2024-11-20 14:47:41'),
('70b0753c1fe7a5bfdacb3c3210c4a3895dbeabff69e93f1d738765cbb2ffc085029d2f5b21a3552e', 'b73218a9cebec1b51f4de0a3f05795ecf3dd7590b37561f2d48fb51088ee8d806b926e0bd46fd55f', 0, '2024-11-17 08:50:08'),
('712c7527520f6d0bcdd09c7d1a36773979a857ccb96cc31349347485dae002bb901117d43ec7f447', 'c8faaad324c0c7ee5b1c2b7240b4da478735eb97fe64da679b606795ae4bf73795361b8f383ca46f', 0, '2024-08-28 06:36:49'),
('71a4aeeae7d858be21f41ffb578d0148103d1b0d174372b3e4d457cb0332d615d9dcd174128cb1c0', '811652c98662243c214f0e4c57787f4768ec069b6d0d85c5d9c427938595509a21db29068a3bf120', 0, '2024-11-09 06:14:20'),
('71f6aeacc2ed4bb73ffcd0460d111ff5b2f7da18575cad0e94db4348fae596ead7270c61d0bc4c14', '855d3eae422f041060a353deb6abe2ba6b1420e796093036f3153da5040f3bacfc395dea51d61145', 0, '2024-10-12 07:08:58'),
('721799296077a76b315df9887dbf51109681b42637f5a970e1a8a9230f141053efd7b6021b16a5e2', 'ec0436e9e5614736d11a35cd7a45e909ccdd8ab1fe9f525f6f4df165abd02022e8c37e0be9bab1d9', 0, '2024-11-21 05:09:55'),
('7235fab506a7faec5ee970e942a187ba590457b258565dd0daab44ff01e2af663122926caef74d34', '992a3ae510c6755aa9f737e47d5556683e06f272a5dddaf42da2b331d13b1ebc77ff2ba305d858c8', 0, '2024-09-21 06:10:04'),
('724372a307515a3c400d265ce13168d7a6d60a0bf452c6b13853bec5d903bf4a277a22aeb4acd4c1', '186ea4db834b2aedbe7901123d9b9b6949a280cb402da0329d8bfb5a6f85535b5afeee2321e20e13', 0, '2024-11-01 06:41:50'),
('727c87f51cd02544fd36f350cd8d143190c1e9505c4bbdcb283144cf144da44082e47c1c0cac24ec', '088f38e84fe69733690294a0794d516412f035c7cf11298cf0f813535a85ab6f27224650b199bdf9', 0, '2024-10-23 05:54:19'),
('72b87a153ba0fde208d6d82097d82a6d3cf447785098fd7545cdfd4440a50c52394fa5cc1dbd3dc6', '9ba71e0a5be2e3648f11a89063de622bdf55a3d0b6f9ad30660f02205ef911392b18fc8dc7b1893d', 0, '2024-10-01 06:02:34'),
('7325aebe9c901e4700866755554bc824683a7ab971969f71506b19006ef76d5a03ba1f109a024690', 'd3a2b0b30f8ac866c995ffbcc5c8651616c8ae05aa08dcf63cf6802198531bbac912d5beddb58536', 0, '2024-10-10 03:51:05'),
('732ed38c87da0f7b9299fe45bb70e9f22a29050e131f3619ad12935f0b10c01354d167526eb98508', '2b489844cdf359e7274234d2e310a02ad2187a3ae3d72faa23134c58845b1446ae4ae8df1579f1c1', 0, '2024-11-16 04:15:08'),
('7403ae69e8c33cf7ed80db47e292ef74f6b619870fc0e775467bb115a14d9daeed88149cbcb86259', 'bd85a1e786dd3d562a5386f1028088ae9dd3c9d7dea843a3f4de78892d73059a6404931936501c53', 0, '2024-11-20 09:13:29'),
('74e4ef912e0444633140a439137c71b37ee83aaa82709ca7083d10e26873939b4b34c254e44a3ea8', '2147ccd105b35bcc7f6827c98a7b19fbe85384fe23daa4c424f385e8f2a92edfb02742ec6ad1158a', 0, '2024-10-29 03:59:05'),
('74eab535878f7ae95c3aee5a38571ea808c2b11803dc4b870c2e419135dfced5414d01b55db004c2', '91807820b6146b71c4f164905acfeec6283f905b93a042506092c964ff9e12f831e7df8feb3b945f', 0, '2024-11-01 04:19:08'),
('751597febc42d9eaafe6ae5991a94e19b77707dc57c6070b5ba7c46937b51bd81cb5131277fabeb1', '52541d82eabd966776463496977ee2437dd4439362228e9370356eb356e587e1362431ac6b9ae5f7', 0, '2024-11-22 06:41:13'),
('75e12a429d32797d2ad79dd059e6128144a1868a016c994722ea1949d312f61e87331c9ae7b09d91', '98d1cb66b471589200148165198d3c411b412fb0a1011958c0b0ef59d57b4b7ac917a7d0017f61ea', 0, '2024-11-16 07:24:44'),
('7646a91f1789e7bf596dc7cf783fa45890806866e15dff757db6efb251e5fbf90927e11d53828d31', '7909bad423e07531ba87683ace94de21fc12271b58659a5afa894b45e661e4d66ee1c3cb969dc868', 0, '2024-10-31 06:18:44'),
('764cf3db904cf6f44694b3f110e582c449c7167c97206d8e66fd5d604e7e02863dc5591da2021622', '46425a61ab4765e19554f4d79a90d1419cd03e5b3354d61073f28c4f483a467259ca3100b59f8bf6', 0, '2024-11-17 06:21:00'),
('76ad93ca09adfa3c696e90a6dd9950d0496c4b69e6f650480697d01e833884deb0431855f791a6cd', '2a8a47a9bc0eab9ebb3d6c788afa05272380227f7a56ec0561ad80bcf719fc06d14b8d405156ca40', 0, '2024-10-30 04:05:16'),
('773668cce70ecda751fad0b374eaf0b8bc5a534d018e306ed1c041ecf06ba6a959ddfd5d413fb6dc', '94bf0bb9463853038bcf9fc9808ea9b474e0a80ce58dbee9cd77dd57a8edeba8c04a29834b314b6a', 0, '2024-10-30 10:12:35'),
('77393d36562089bc3872581e0bb79294c3d6c9f1f6146cdaf6087d8b84784ca744c6d4cde192e3d5', '850ee538d62bf1cf4f2929ca8c3ddb330422186f30a1354b6536effd169f687a2204501787a8b7a5', 0, '2024-09-24 04:41:54'),
('774426a60e15053858ddf601845aff9235ec64dedac41843a8e95601fb42b6418667769d591cbfcd', '27ae13ae2ff3657ac54f796274ce51172ad15d50896fdf09c561e401bc389c59e4a175463d51f34d', 0, '2024-11-16 11:42:32'),
('78a0247035f280735188e7395583ff165616dc5914b7be7bc66ce6320e6b30d1b6f02947813caaa7', '0e256a393468ff5b82860c4f5eb65bdc01a34203dee8c6fb6e439c7c6d5f11c3f1c42784a9daaa80', 0, '2024-10-30 09:53:17'),
('79c3cbc46b4101df1de44e45e80ffb68197ec2f73ad3519ac05592be82a9727b5fe8d51e02129fc1', 'fe5506b164351907c80fc93c58ce406226d40da72986908ba1e699e5484ce9d4c7c767e7ae814a7a', 0, '2024-11-22 11:12:48'),
('7ac7d762df03499557544044302e108a8b4db43394b1d933245c966596176572822c24b107107220', 'cd136133cfa00fbbb9ea0b57fa7ea102f5bbc76996013cf7703be0f4b151e496db7bc34355d58221', 0, '2024-11-07 04:37:50'),
('7b52f55502f4db25d825baf9d842bbd77ae76d41755931cff55e268c568393f53cb68eee4cd83c3a', 'dd3fb9e8ff42bd9961a999dd3456502c9703d93154c76cf411a93bac3fe86a23ec78af5bba26e6ab', 0, '2024-11-20 14:50:18'),
('7c21203c4248566f93f5335318ad0f0ab94f7ad3bd3ec634bf6ca6e7cb573ff127bd7b421c2fc4d0', 'a155eee2c960595932166eb35c95b7b92090e7b749de3df21f77d29664f07cf683bb4af45b004515', 0, '2024-11-05 06:31:24'),
('7c5c247c5ebb212f7515c525c067fce4e23b8c844fac660f3529defebb965dab5d93c322cd0b02a6', '0cfc3b32b55c9366a6c0cc97d63d1b0b378800261129f9292c9ae67066ad52d9cf91a912ae4df3e0', 0, '2024-08-27 11:13:20'),
('7ca0f654fa6a09625bf0a38e30197246bb55c8d6a1d3d5f17b2000ddf8312b3d8b2a02ac04df1895', '18e8600006233136b576bd73c99114004fa7b87c0ad9953600aa239f9fbc2ef9161fbf4314fd394e', 0, '2024-09-17 04:48:21'),
('7d481499f1e2db728385643be23fb342f855cdff8aa9bb821a27807499d17ce1792783d3a68eaa89', 'b90c2bb6937a8bd7d3921ac22811008c661c3ab8258b34e998d7f0b5ebff5110f5f7974f272a44e1', 0, '2024-10-15 06:29:19'),
('7db5123a20a57ca64fbcd2dd9e0ef220efc5f0c1c5efe5e57c65c798f6228a4d2f9d387cfe46353c', '6903caae3849d95712786e38cf3f0dd686de48f9417be51b07d00af8039e0b5f292433e862e6986a', 0, '2024-11-27 04:00:40'),
('7dbbb132ee9e86d0cef5dbd2a50e44bcbcb0971f0d52405a749280a4c7d7643cdf2702f2fc24507d', 'd4126670b28455ab04f8f5bb0d2fa51fb96d58567c4fca49c6fe11d3fd96a271f81e4e28ba1389da', 0, '2024-10-22 06:30:40'),
('7dcee990387ca7597a63bf8a1ee5e0d59f68a11ce144d2a8b4c598ed5a4bab6caf75b33d3a9bf3b5', 'ea0166e1ea5c416f2d514525bbfd9a62544d5f8ce5787a510d2db3632b4a8a319561e0d2572e20a9', 0, '2024-11-20 15:04:39'),
('7dd616d0d598d50a1842b53b9fdeba2e345d88e84674f6d65cfaa2cef7f5d34f5dd4354556f6cb0f', '2a7edcac981bcfb617aca03dbf8e18172cc6defa125af64aacf74a84985346441720525d1ae883b6', 0, '2024-11-17 05:18:10'),
('7f059c5803edd850f50c5357cd16a66ea207b64c9c18377a76a623af6e25d2860a3857a9b3afbad0', 'c95937805cbd8ff3e0460fbaee8c7179cbf516d044cb49cad29a1115626eed2ae5ca314168e18f27', 0, '2024-11-20 14:54:04'),
('7f4d175cff47afdb9f499e02868713da66b84f6c612ce7ebabef48f4932b2df140d08492c2501504', '315cd9274417db1d0a7a40d264208d1e9bedb194c2c23d53cb8da508506077814fb45334a175a35b', 0, '2024-10-12 09:24:00'),
('7fb241bab753ae38e72ab6378b886acf60b7f790e5fe73e02adfd3c54db2daf40941599b6a6353fc', 'a6d65354ce289c8e495208a17d232cc715db2ef76eb6f527c27671092febb663d017dc18086e9260', 0, '2024-10-29 07:16:50'),
('7fd7747e811b91626123466a6fcfdbc0fb80aa90c5ae3310fc777a2d44dae7afaca905bdce3f0568', '9b2d6b59ccd237f5001ccc54b13c4cb20c8838c4a4c518364ecf45a88824b14ddf217e0f01d3aaab', 0, '2024-11-20 15:01:13'),
('803582031ce7ba7697e4440ae1c65dd3435513127ab5e8c70f699cf76fad4a624c27276060da8e0d', '188070b6c08c0b177a6188b291c8f36408f791aeb10e2cea6293a3c272340717ab8793e98fc2082a', 0, '2024-10-12 09:18:04'),
('80870609c3c3ed89fce9dd618f84621cbd89c53f15127628f9cb78ca89fa8a2198f890ff45a751a4', '4f0ebad4cb3e3d6542b8155f26b35ed4eaa468f5cef97fb860682ead330137334b1f808b4ffc097c', 0, '2024-11-17 09:30:26'),
('80cee2b4cc243cba7122a5a593b8af82737e2acf8eb089fb54951b023bfb25e5818af0f6c1b69d6e', '6dc8ba018e850045fa2e50e09565162f229758065d78aa4a9829ef4cf584f8d873586127c8df14aa', 0, '2024-11-16 08:45:22'),
('82af27d4062381f88a53aebc8f0d580b58a2135008fc87cbc6d165dbedac5dfc12ed148983d7a19c', '30bfe1f023bf3c4b3b1fdc55bd375477f9a6141ffecdac098ffa4afa2b6e8ee7209edaec0e9e2ced', 0, '2024-11-27 06:02:31'),
('82bdb7f5f748184e08c174e73112f66f3c7b497542815c1c5f0ac6198ca9d1688235685cbf25cf79', '32051402b4d593499278147dd119c077235b2cac0f09c063255e97305023b2e0770d9f2450f7cced', 0, '2024-11-16 08:54:45'),
('82efde5e9b472d4855a0d1bca420cdab2d57314fa6deecffa3c1f77d5ff0ffef1b3fc935fed1067c', '8c3dee4eedd318a89a31d694c52ff0dd851096c1ab2423cb307fbd79553023ab7893a6db6994fd2d', 0, '2024-10-09 09:25:33'),
('830f517063ad80bcb1b56fd300ab352bc2b8ced9563e51f2f5a81678a26800bb77a5442a564f494f', 'e0366fc9b195e701e39591eb49f43992ffc6faecf21a2e8cc65ed1b396e735f3b9ff4a3992b9828d', 0, '2024-10-17 04:27:27'),
('8437751656bff929f9b5db15e1e6dc00817606ba6ab1a8c8cc84ad0c7869883771ead24c8de3a4fe', '7eb7f19bbeda193ff47ee42774f457f31584cfd89fe8e96202af2e8e11f480d1a0ea8de0fd5ed8d1', 0, '2024-11-13 04:21:48'),
('843a93af24a6c8645a0cb7f0a0bc2c00115941a846db7843f9e58735410895aadba7fbe7740f2721', 'b87ee5087732253ebea0944b143e23de70a89f4fe4d2fcce300e0b826566ad16df2763c16aeb491d', 0, '2024-08-28 06:34:26'),
('848ae1092665ba5092c43579cdb8133985896e36638eb799e549a159c48548612f52098371c638b7', 'fcb700fb3a5ccfa9f70b07d33f07e036879883123600c2ce4371f9bfd3c6ced40558e2ee0ab017ea', 0, '2024-10-02 08:27:38'),
('84b0f4e7a9ed4e264c7a6424a98fb4edecbb39d1f4bd13bf07d26b8a449a211e6e3e6d1d0242ea48', 'b870b17ecaa83e9b4cec579a2eb7ad4521507ef0c4c7e23a881619a82b2e4c2e14e88d87d148de23', 0, '2024-10-26 03:52:27'),
('84c9a99229a25ce09f5d35f9705736805359ce8e2967e61feabd4a003a83c6f6556fde17ca2b6144', '4f141a1e319bea48269438cb3bc6fd35f37d3ee3e1a13f884870b93d2f67078fc115e630f160bcb3', 0, '2024-10-08 10:37:17'),
('84e260e3c6f69534809ddd38bb00ce0b960ca5c5710c9fec2053395e80fd445a8e65996a0275f392', 'e418be765788b5a08d6234ab68d6bc0020ea64e2cd8220552a37214da3e553881a0e751813c0454c', 0, '2024-10-29 06:19:16'),
('8565d02adb369df1acb81db395713689322ebad740f643500275ab5d520c36d4c2cfd780b957f9ea', '519f33a46936b26f9a29b90e54ec9f874f055898fd31b54774355cd322dfc141d1dc7eca66bbe93a', 0, '2024-11-14 08:13:49'),
('8577ef95575cec6e5b8a13b4219bbff326bfe113c26d8a6abf8032d84614b99ca36559945bfbe38f', 'e6d4f0e3c7fb29b89a9388f96422d933dcaf6fb6facf29a49f58703f9fbb60d40bfc7d48cccdef1f', 0, '2024-11-06 04:17:23'),
('85a4fd588bbb60e1b8f9a1f487080d26f0e40fbd2f32b4c354c852d593bd5fbb5508852dc8c1d0d5', '0ec041c9177485973ba0c04a4e90d0bb67dfbef20533771b4712b35aad2b9607fbd4afd62378a85d', 0, '2024-11-16 05:29:05'),
('85dd8edb786adba41e0f0a3c1d3c8af4e62cdf2e89b463a925792d7d7e7e571414f78f9b59eeafb8', 'a2d8b87d22383e1780476bcecbcfb1d06b07484b50531dda0c7091c3c0f9a3eeda38f1f64e2ae3ea', 0, '2024-11-22 08:40:22'),
('876e0be6ddeeeeea89be8a8b4bc652b2b7cf4f2102093eb1d753d06d9c480a249eebdf9b92ed81a8', '28b93173480eac899135c5a60c3c7582d8624a5755f712aa059397144e069369c3dad40ddeccc79e', 0, '2024-11-20 11:11:40');
INSERT INTO `oauth_refresh_tokens` (`id`, `access_token_id`, `revoked`, `expires_at`) VALUES
('87ae1df97661460dd753229e8ceab62f95edef9a7d137b541868cda81be521c8575443c0e8b015f0', '76c57cc7da0250fa0514fce634ac3bfedd7f87a2433573faf5b3905d440d8c3506d6b995d2d33b1d', 0, '2024-10-15 05:28:59'),
('87b4c17aa1f89998124c1e975c55d9e062e0c8242115fe1369d4b95b80aa0703b479fea3b2114330', 'fdc13049d7e6f12686264dec45dc2f2ddf9ec57791d58c2038345cbe744a43affefd185db5f0b344', 0, '2024-11-16 11:19:45'),
('8814051bd7d03641503c145239321ccf07cb3e22f51ca451c56317859cd492d9b84ba034131492d1', 'c79ab2f59580394cb6e47288a257f40d546dfa1d6b76716328dff1011fdbb549999acee43b8974ba', 0, '2024-10-16 06:17:42'),
('887016b7332404df670a89ca2c55bd1d2b2d4eaeff7d96ab789bb91366120d9850d3c20fb073f237', '91c8ce61f73a81b13275badfddb9badb077782fe222bc2e9640c243f662629065c64661b5c587d6e', 0, '2024-10-08 09:37:24'),
('89e38ba1be021e95a95ae531e6eddac0c80b41e8cd3dba04a9a824dcf538b01b11e5eb34ca6c230b', '776f34a2d0af20e08783bf99ccf5105c32dc5479d8004a73f0827b01e699ee1c117b69558cf9537d', 0, '2024-11-16 08:56:54'),
('8a438522efd67dc449f3fbad1ebb56bbc59ab77b6c1a94a1ee2005785f60cf0293f3cc6f79380333', '45d446fbc018ffcc23e482651061cdf3f75442236605edd8749221ffca1035abfb6c4efbcb246624', 0, '2024-11-17 11:21:33'),
('8a85fe8d76092a5025bd5a06bdc76bb0684ad2adf731248a9c1b2244dbfd5d3084dccea16d674ffd', 'ff8457c82291478f7120d21f0358312bfa7deb757b21e22c051979c739276fd4887fb87b00575354', 0, '2024-08-28 06:01:55'),
('8b31d4459fb9860edb0211742745502f9c24bdeda04f8ece4ee894f411ebd927485a1e3899b349fd', '7de9a531476acaed4a88dddd27aaa3728eb7f5d0ffffc83f2a5beb346b3bd05f570c9bf8f41f8434', 0, '2024-11-27 09:31:43'),
('8b661ef288a17405ea621a612e4ca918c25040f350e36c237559c7a3548619ab594d69b3055b5069', '9d98d319dc3fdc8aff8ed04b1c36ff5304ba6ff83748042cccf6ca689373977ac70d1c7926b49598', 0, '2024-11-05 09:07:15'),
('8be367a7c01b31d2106fb7e7581d5f9d6e25def61c1426d288219708fcef8e8601e67c7273c30b67', 'cba9a118e718616811ad523ba10fa99f09ff8602fc6063c720104aa8793dac4614a4e46eb6af06ee', 0, '2024-08-27 10:17:18'),
('8c094a6940841a11217a35a993c9a5f8240a82ef5baa1fb409f68c37f3890b9833ba46d67270aea2', 'c5d0b38e985e3e16a79014f325660e43b87f16d4d0828cfbe3aa263f2e494c83f4655a3db149472d', 0, '2024-10-16 04:28:34'),
('8c93b7b3c7d0b671051c03be86e9e01733398aac2e81df9d46acfb001450e7ac66f88c166feefa2d', '761be8a671cdbf56395de5e005fd80dcce14137a73fc5a601e54c0004ff01ef05e5c301c663e3770', 0, '2024-08-28 06:48:39'),
('8cf565d05f6dda3c03f7033221cfc5b6617a550c79ad493b97e3cd0ffdfbc8224e4811e0c5407b50', '3dbd3ee5ae0f2ce474d5cdf50df5d176f1858efbfd556f129930eafa24faf169c06dc43008a6a9b7', 0, '2024-10-26 11:36:58'),
('8d3b3d1228f66cb4b01302374c07eeeba13dc664d9ca82289993b4cbdf98897201756b5b985e1e58', '9d99794103a1b164770ca345017e61e4ac7d112eb4b34715e6d3d2149ade44e4b10463e1f6df6e3a', 0, '2024-11-17 09:10:44'),
('8daaf03e830fc5c35029656cfc42806080f91f9764f4be923f9a4a7ef57a61c69f9d2718f83f1a4e', 'bbc0f49d2fcf710fdaebba258513259c03c62601703ac09c1b2dfa572a9475fedd81bc9cc3db821f', 0, '2024-11-06 04:16:53'),
('8de58602dcd5c5f77c3736449e0224875d391a44bb8fa5a6243601457313eea33488a3cb63372cb8', '22ac9373ae5485f9273b9a43556d0a558110af0e616dbb4f35fbb72600718a866778ec04bf6138d4', 0, '2024-11-15 11:56:11'),
('8dfe830ec0f7409d2ac4f71b43be2b073e8fc0ce2edaf4a22a79a782ced30db8b2af919f536ba151', '4cb717d6a495044607bf63de89308354119f9ea7bfedbb16e2b8ab3b516d6df43ee2c881df5f4348', 0, '2024-11-16 04:28:11'),
('8e0319304739e55f9e7bd826a52af94ca0ae0f2a8d8a59e1bb0acf59ddbf126d1877779cea849251', '9e9c003d55741f0b0617b77211df2b6b40d1de93adfa8f0001b072e23816768093763c101639002d', 0, '2024-08-27 08:24:04'),
('8e32d122e435455f436e4cee83c27a5c0219bdf7b439fb8933a07ffa3045a232852e41a8d45eec81', 'bc1bff305c07e434ef93155a43abad44f9372b6a4b97811fa72138d42be5607de960d2d974b13748', 0, '2024-08-28 05:29:06'),
('8ee9e9de232253b259846b25193e9270d886d24683247d5bdc1817d0678963db5f90dc7ba4436714', '0d4c46a2d43329f98e81d2a73e4ec35c30a08a9905104630dcdc14735c98133ce094b163c8d6e42b', 0, '2024-10-08 04:45:05'),
('8ffed049b88a5ed933b4f6b0deaf8f91f438cf0eeaee43e6e6bb93daf02ecb2f0772e1b37a90910f', '17ed1752b28c972a08d9a350d5e7c1dea03245e7eb5ca2dc45c82cc72f84fac15ded6db98fd8b77d', 0, '2024-11-05 10:09:05'),
('911227092e8c109c05930ff75e6ab0cace3096282e01026ae2c87cb12ac26f19e633a1ec2e8fc43e', '36dfcd19933430424cf984d01aeeee3db56dfcf551597c3519e269bf0356ea990efcfc3297678ca6', 0, '2024-10-15 11:08:23'),
('9113813eed2196b3db0e9d619bf5627062d509ff61766ed10263e6e1e2f887fc1653d405ecfe5cc1', '09db43c28995eced273d77615497a55d519000baaf8deb52dea5381f09d66fb75f0c5ed497aa822d', 0, '2024-10-16 08:51:20'),
('91cbbd4ab68029340490eab8afdce192eb6e3054b0d46082c713af9403711f5d09ccb58cd4a14551', '0faf5ff4d7182a6daf0e0b5aea18b2d1e5841d08bf917f75919fb2c69fd498bc283ce0611630fed0', 0, '2024-10-04 05:35:02'),
('91dd84301d6bd335fbba0719a17c596eeffbad2e54dea90ec5684e4f90329c6940025acd9e75c2a6', 'de5c27ad79149c6d2044317d75833d8ce229e646557c141971d053752d40539d8cc559aebeca02d6', 0, '2024-11-20 09:34:07'),
('91f5194b7404fe1b71450cb1d7bf20e6e21b636fef5723ca2d7d6477816bc1010d45cf2a9abed73e', 'cc955a1b41731aea9853b5e161987a9dd3f96fdacf5290bfc006429e3ff77fe8275b8619db07da2a', 0, '2024-10-12 08:19:27'),
('9235b6e0376ca735705ed5400c6cb9efd364d6b5f4579650dd69290d1090af66adb385b4fdde6a61', '602d0e0bf25693800fc1681d6d433fb3b6d80fb947060e2d9f9336a0303d70fbcaf73432f51f988c', 0, '2024-11-16 08:41:21'),
('92f1f2ebd25e0f339c97db2b5172c0d68627ed98ba64f6628b5c079b79e8b115ba6bf41d21086ce1', 'ff366ebf3a7d8a857cde1174c499e3b583237675ead81842f3da1d66664c91201baf25e8782d21a3', 0, '2024-08-28 03:56:38'),
('9309c6abeb14f6d8d535fdbe3dec1a34378f836d10a46942b9d8f001692943b3f4ff958a63028e6c', '282fccbf0546e23666148fc2d09966a7d7bf23da516aed973bee078e8856faa95b3895b013ce82c7', 0, '2024-11-13 09:46:22'),
('93687bd36e756a3346f00a6291c27fa632dc1ef259a89e44c1fa5d5f41b3ec3c0bca82bd27bed322', '1722436a375442b166824799937770b7abf7cec94e08587ee208faf3ef7d36ad214b2c60f0aaa197', 0, '2024-11-17 10:10:35'),
('948102a67d7c5b101aaf35e662dab693cc0a22ffc74208e2e13c4c037656f47fc9385ee04b7ae7af', 'a79bf79b6e948476e65ed5683e5807d649ef20af2ab16ccb0e81f005e4ef1e6e97d55240627882f3', 0, '2024-08-28 11:18:19'),
('94959b17571f776b32f0f16d243c93e368cb25a598c28cefc0ffc091f3061d0428bdb738583a7ae0', '723cf36bca6e3ed48ed7eb5453e9874ddf06d6604c6b382b6ac93f6e1d32b243f0179b0a7acda6e8', 0, '2024-11-16 12:06:38'),
('94985832db6987e0651b0a0b51e0e442a4ee28f79ef26ae14365c613bf1d6f8cad260ac855a2071f', 'e69d29a176d1408bc05783623eddf1cac2393e59345d38d18dc48c40bd020ae9c988d6fba5cfb13e', 0, '2024-10-11 07:12:08'),
('94b3e7131021c07ab89d4ed4c05c8dfd59758ffc0acae74ea3818ce323109a5effa55dec6cd9c71f', 'cee1bf6a089098e996eaf48b19f19eed350a26ccbac78c382d754c331af7419a38ac070bc5e3b4b9', 0, '2024-11-05 10:17:09'),
('952a5387d9bfc0981005f26e01c45e9a08cc0f3c631cccd60ea7c0a09a4473884105a3e95ead1534', '213efcfa5c1b16cd2a4292a2151c89f8e605b58071998923f44d03a183e73d79dc07db2245576b8c', 0, '2024-11-05 10:11:39'),
('955d485e386626588ff95e88e29eb3db3ed04c5b1478c3a185a6b2ddd1cc7cfc9422df206f34a4cf', '4ca9de4c903c66eca461f9211b96ec733984114ceea6f586efea83e777784d2decba944efe6efdaa', 0, '2024-11-16 07:34:25'),
('966d355145632e30cda3f490e8146e84b1864dd59eeac22ce2774873e2854644e7f41279e1ce51b8', '1791d7d66ac9a7bdddeb11aba0b2d5c5b0d3a707d32a2d7e8138523f8533011c2ac2140f315ebcec', 0, '2024-11-27 03:51:57'),
('96785554736b8280d89e28bd11f68a9c5b55a31565bb59a88e641aac4f9c1d52e4846f3031847a7e', 'ab6bb1b4447fd7b667c1bfbb5892ffa9f19907d4b60506f93f4791f042dd4ebb39449efbb8c091a0', 0, '2024-11-21 06:25:28'),
('9700bd115fd063c13a9db639276cb479dec3f4e0e230769016034adff418fecf446d2b6230f8e686', '03fd007e51f02ade1217276f72c287fcd8ee1f179c7679c02834bd05db744c0c111a7343ad415995', 0, '2024-10-18 09:31:08'),
('974c447e7eb413ce7968c357964ea2e1c75ef0be508ebe6519b5221aa7ff96c2f8991f7686a8f862', '2c57a2a214e0617fc23d76feb01a49856f23f5ce022fd68832ad7f9370da184c56b4d9e7c73375f7', 0, '2024-10-29 06:14:10'),
('97ca0a719b18a4f7b867acf6d6c00149ae903472b6748a05fdd8d8ecf42da36af9f2db974905eecc', '103896eac242cf8e8979d8715bbc64aa01bbc90e4fb6cc8e95d6005769616b2f8000e3fc2a208442', 0, '2024-11-14 08:09:30'),
('97e8bf0b2301c39efd54505a0e55507d70bb1dc7bada365784651bd44389885822784ebea188292b', 'bc91fc3845f6573c85bde14ba3d94b7cbab6a4d275b45e2485d035a8eafc8d6ae7559f5489c42e82', 0, '2024-11-16 18:27:23'),
('98363bd62fc7c7e1a9882d22376a26f5ddae10acc923a93278af9a0bc7eb8bf7b70974ece7212a75', '406f54bea613f883e76bc700f159c1181ad54f80ac7c0b0372177e4ff6f3368037ff96ecd455ce4f', 0, '2024-11-16 05:16:59'),
('989dca970524ecac14d8bd2cc33b48573fcfc9eb6ff555ceb558923c842173872cfc6d06f89d7bb1', '0f7e93218ed603524386b3669d306cd1d0287db2065e8237fb3aef3c75b4ceb516bdc92006dd7665', 0, '2024-10-09 05:20:12'),
('98a21ed56ac7bf7ed948d82324d83408c26ce162f5666c42872869d7f882a1a79da31f2bd558baa3', '2fded3d99ab44f6aa1c39254f9e812ffd5b5851b13c0ff23ff68117c0783b3cb742b91a815060ff7', 0, '2024-11-15 06:14:59'),
('9a1a9c3c62594ecc6055c21223f84ad907f77cf218bd8594fc73601eeea07a1995225e18b4f5e31c', '4b11468f77732ba3db582c63a5d0c48734a982a9adc7fa1d9cbb53d459379aeb8052c219a4a72c14', 0, '2024-10-15 07:10:33'),
('9a64894c86b6bd55981fcbf77b34daa62deead049f8b72c4bbf79b3b624b7c10435076eb6b3129d8', 'e457159c29374d4af0f2e5f3c2edab1c94cd6e76b7b50afc05260c7088a521aba5b2f0d165c5b9db', 0, '2024-11-17 05:36:49'),
('9b37fb4bd037e4ef69796a0e4e70e8ca60da20b36cc47b9875c9ac29b22f5ea7d821f2467668a642', '288b6af101d62207f985a28919bbc0b8fb51431f0bf355c4c99c41dda51e2b88d4b84d7c5ea5089f', 0, '2024-11-13 06:20:06'),
('9bd0608b2a0a9f49b7f2b5fd0528efce9c2caea2166449f6b9f07d0746fbb02146ef702e4f873e2b', '05a098c743301e2d35b45dba304970ae38cdac27c2b2d9633e6e9741a8b10022996b84bac532aea9', 0, '2024-08-28 04:12:20'),
('9bd7e644f5df8bf2b8311f86ea5d18405726249d5329ef7ef85010104955083b19c90f807be88114', 'dc754c54c1513f7d0e5010b3f876eb7b0f2dc283060155312b0984457c1c163ca8b6cba15aa83736', 0, '2024-11-17 09:27:45'),
('9c7aea3a2b75a79ca1a56809349251a35e179b01c74e937262f0d924bb74cbbcd8ab4832d1e5c887', 'd9516e6d87fbe365e1b57e0170428239fa57df13cde631a14d8b53eb2d17d12512511d7cb36d8d39', 0, '2024-11-12 06:30:42'),
('9ccc6c4fad25e81018e396e3c8a1eff29d7e7a9b38c8a44b590a103429a480e5c1dd1013219ab397', '566a534767a5533bfe4dfc23963748be853239dee0a326321c4f75fc85826944720f4d7001f0e458', 0, '2024-11-07 10:39:38'),
('9d34e58cf668fb8ab4b222dc05afe9598a5057029d1fa831a5831ea0316da261874a88285a29b5b2', '0f73408b0cf45dec24f7a3864b802a5b1831ea903ab72789f3e87625e335d0299b98b6df5d7c274f', 0, '2024-11-04 15:35:09'),
('9e0280c892602b3f94ab1af4021bec367623d1ff7fa5a10c61ae9f553682222becf97e0c1923a06b', '7d6383bbc1c4b2a9efbe573c3e0f669220a4f2d3875285b2be058e456cd42d2f4bbab22607e63921', 0, '2024-10-22 05:40:50'),
('9e2165ff50ea2656444d0f94cc19ec02caf21d7fb9a10e7e1c71871c3d2d03197944db302178f01d', '9338fde3e004a80820a43c9873a279a27f83eaa642cdd0b74d30881466841af774d3a13e817c3ae0', 0, '2024-11-16 06:52:30'),
('9e4fdff1d0c516028fc2abfaf711af7c112ec28517f5a5e74674823a4b31c3b7e06d8c97d4b967d3', '41f6d34a88101caecae4cbed0079689dbde275ddf6194925b5d3198cc90aeebe3a14c24f7e1b823b', 0, '2024-10-19 06:49:51'),
('9e74a33bd6327ea11e48456dedfd236fb0c608a6eb346dde76c57156de8099c0f683e6cf41ab839b', '2c6c7ba4173081178e92f314cf1423ec0e501a174f667732f089f10cb83a8bbfc18fafa98e0b57f8', 0, '2024-10-02 08:26:38'),
('9e87dc5ead6e38752d46ca80cada720260bbf84e15bdc5b4e85967b766e971729cdac5cd246248c4', '5e3b32cfec18a04fc4a69c825fcbaaa8f2c779e425be376e4136772ebfd13e01acbf58a9f99de044', 0, '2024-11-06 08:36:45'),
('9ef824effc4c92d698540b6b870c20eb515738053e29e68a7820568d0376d5c3d3714ca68faa5005', 'b244b3efecbe5adfaa29765c9111934314db0a4c9d9f58ec3c187d8f72067733ae9bf280ee364255', 0, '2024-10-12 09:24:22'),
('9f5aeb1ebee3e7b625903ec203c6387a3dd4c0288d2175b18db579f9f118f5e477c54cf8b0f10354', 'c7277314e9b2c3d17e4d426e37caff9d573ce2f3d87fa204d31a60fcd1b48a149570c4595f15f7d8', 0, '2024-11-02 04:10:16'),
('9f9d65c513741f7e9d48f2d04e4e921c825453ad0766603625d4a8a6c52907612bb3cb4aa7a1984e', '75aea3534b51c21380a71398a233ee505680e9f037e1b0e7e0e0fb68130e71904cf0d436d1e85129', 0, '2024-10-12 09:23:38'),
('9fc52d88206704e6eaa163a4ce195f5c5d4c73d0d0c65381d92c97d902b44969b73c57fe0c600bba', 'e5325fd4d2d92d9c971a44c6ac085d5ecc1f60c5003e8b0001df316a66c87ec5cae302399ec9599b', 0, '2024-10-19 08:47:12'),
('9fef238ae58e619a766b985a1657687ee8661ad269b5298630339f4ca28ca3d324b8e64cc3aff9bd', '31db9805721d9a6af47a1c51bfc7b90166c973c39b78d2a7163f6b332b04a7cc7c873b61002ea27c', 0, '2024-10-30 08:54:48'),
('9ff8a775bade987fba41ad9ae80f00ac198249ef5c07bc486dc35e5bbf72489ef294da0043b66084', '8a065b19c0db1fe71e7f6e94bbd9d7928890679f544b93c4e4883e12810bb54824d0d8129e4b84aa', 0, '2024-10-10 11:11:42'),
('a0a96bb3ec73997744d1b8220eca48a179d5e92be70220af542602434f75c098a518ea11a53de3a0', '6ef9c7f2b7ac646ac44ac2b59eae8a38c420b286316c0217aaf9bb8e325a55894d7c3fd99cc76833', 0, '2024-10-18 04:15:48'),
('a0b7c29b43c3065fcedbdd4cb5e07f4fb43a0fee797cc93e34193e29acc1ff8f6a11e924093bbcfd', '146b2ae057d7cb272f6b69c7ca6330bbadd312116fa022395d986ea87707bb31003ef45f0276303e', 0, '2024-11-05 11:48:06'),
('a14d3ce88cb94081d9ef8a71eb1473f4203324779b9956d8b487299aac711163aea4fa89af8d4509', '72fde0908841e837ee0d0c5c9bf3dfb985861ad40428c5b14c9754b6fe6e505d3f41fcfb1e34c0df', 0, '2024-11-27 07:31:51'),
('a160c221d80b3665d00047dc04e73d7e70ef51cccc95cac323934174f7f00533df6f933c92f4a49e', '5c836f4eb76049e82000305e4b99543ad1a80c5007b9411b0ae10a18c0ae4cb3e2ab97c04b3353cb', 0, '2024-10-16 06:31:22'),
('a2b7756b7e806aea54b97584a49f9d826a244b79ed32fdb2e67bdce4d93dbc18b61b46186b4d5ac9', '18b1219b28007739374f530c0628f48fb9dbad1d49ac2a2bb0d332ee3a24dace276685ef2fe62708', 0, '2024-11-17 08:53:45'),
('a315f4d960a9dddbf4a1e29195d4cad3e33690b4c79ef8ac213e536b66b1d198d6eb29d610ec0189', '90a6819aac4d8bca7be20a1c3b9d45282e4712c59a75a9160b65346949ee17e3cae7d333dc864b01', 0, '2024-10-30 10:20:11'),
('a3d18627ee46cb71f6f58c8939b15f8b5ad69cee841d30d86bba80b191836ec18e88ab895d07ef94', 'ba86db8e9b62528542e7887c5a646b4ea0dcefcef2e866b9ac1872397c6d98dc6509478ab1d8e15b', 0, '2024-10-29 06:12:54'),
('a4267569be0de062a83741883eb6756197f14dda216581ea0c300eb9f36d512710382e13ef578e4b', '21fa32306e86377bc0c3d4c13eb782e2ebcae6a75e87dad302c2961f535ce04062dc33f1d885158f', 0, '2024-11-20 09:29:26'),
('a48c8455f1bcdbf6ad22a07a9192e3bbcc5bd24ab96f47b611225c16bb8c3158dce23ae5b84dae5e', '2bbb8bbfb762c0d52b4f101a5047293f7b0744ec28627080106203569e7a6269a34033d15570a18a', 0, '2024-11-19 11:23:43'),
('a59afcbf5f65e547611915bdf3d8ddb451dc0a340ac1bd8eaf8fb5e9daacf514ea168cf0bfd87d04', '291168b9407f2ef6466b78739cdb947c09009045ac83e90315521d4cd62ffd732d0ff700ab05e425', 0, '2024-11-16 10:15:23'),
('a59e195871df91da336c858e6e34e13309ac9efb16f0361cb5f6008cc48f2de5a65651d1a0e99fb3', 'ff559a89064e924b0a882f33075bb5114e19b881d7eb19638725786deb291d96fd3d957b562b140c', 0, '2024-10-18 09:18:55'),
('a5a2662ccd26bc3a2326a0a974f7d4c4788ac4f90abe0990c34f9dc88203f7234e70ec60def3ae4e', '1204d561f4000aff71d6d2af51729549bd059ce65153b810ca8f0a4eee447856c1528ab1ef21ba96', 0, '2024-10-15 04:06:48'),
('a5f55fdfad8d10b9d548a8a2272f8ad23036fc0fcb3ba33e33bc0cef98642178842d1cc6c974dc52', 'a2051c8311af4d19de9e09672daf1bf0bd4acd440fcbf6b5e763c663665d30a5e2eef1b55da2729a', 0, '2024-11-16 05:18:49'),
('a6dd0f0d606111f7270b05b208ea4e3810e7f01cfbad88e98fbc20fa4d847fd22aad026228852d43', 'b6d290ab6a563dd0e7bc2a5f24e4a698052f8bd3858bb66af26e0eeaf698a5cfa2a270436edee701', 0, '2024-08-27 10:28:14'),
('a6f7bfe5cf848b90a8d428a12fb5ea103aa610d8b16c92a36c81db2a09085d52fb801b1f4d92bc30', 'ddf97f1202af6acc226fb183d1e4eb4255af96a888055689fca8d78651f4ceeb61c83ec184751a27', 0, '2024-11-05 09:47:13'),
('a713aae5b8abd553685ae5ca5cf2a58cdc97ace1caaec905201d4664702e5e91b01c19a500e6b9f1', 'a432a1a3c5b04db0d067274ff57dfe40a242472c0df1038d6b490beebaec909eb171e5e8ded88e9f', 0, '2024-11-16 05:06:01'),
('a724deeb9922df2dcab808ae43f58109255b5b9d505e4c0a1f594b6db30e35daf579363791bb9fb1', '0ecb02b29ea754384641271a0b9a465316c0bf742fdf85ec14ca5e4126a80d745890df9b3f9c92b7', 0, '2024-11-06 04:17:16'),
('a7416cc28a5e7662f6974d29c41565dcc3de5b495e1512d9dee8169cb48ef1fd3f4445589449f1dc', 'feeb90a7b1b4e63cc0364612e76a2db4ed292646a0c64baa570ba9c4bb2f1cb816050c79f63ac1f2', 0, '2024-11-20 08:48:53'),
('a74cbea865a223112b9860b59f78f8d01aeacaa6054e70e8d678f7e60ea218d7a1b3ac95c42585e7', '1edfbbbe72ae9b376e55852338286bee4d1669ee34854daeed390574b16df32ac7579a2a838177cf', 0, '2024-11-24 15:35:02'),
('a7ceacd6bd489de90ea9b93341a87bb8bc44886f780d2913047a59a949e7f141057c19a0d9989d8b', '079b3555f3f177dce18430d40595f964e22556e8b743a5acc707b748266bd1652d8af734ef94fc8f', 0, '2024-11-19 11:57:21'),
('a7d487f2f3f4bedae344a50613592be603ae0f2571af9c1d7043a7c3d5cd53d9c8cbbe97d9a0c282', 'b778adf7cd56a364e782edaa86000068bf2ae4e51dc5e4b969c0127c142b09ee70d3d1300b6a2873', 0, '2024-10-23 06:13:55'),
('a7d981c4e4f36df064ec4010ef9224e7fbd7875e4192da796ed1723c01370ad389bfa2970b1b7532', '8b036efe4045694c7616009a39340b2b7c5095045836982ddc20da314133d870211c93882a8f2cfe', 0, '2024-11-16 05:23:12'),
('a8aa9b9b03363f4ce52ffea5384f84dfb8be3a8e2999d25d5ff44101fa27e938e34d4a5a5292ca8a', '3e7fcf5b0ad9aef7c5fe9a0764842e131b07cdf07658dd9e7f99eaaaae5a511613701a10f54ab4af', 0, '2024-10-25 04:11:39'),
('a8ea3f81d16b1552e97f9b7183c267df002fb5c109b53346b32296016074bb78a16f38f8662d3eae', 'ce0088406eedc02418ee5487277d7f2f0d1c49de92791f56ee7084ccc6366f940b9517f175bbd928', 0, '2024-10-15 04:59:12'),
('a93857517e3d494fc5a92f280de499ec5ef493158181b4422dc07ffa286423e1f1b102c0e8449ae9', 'f3d968c86f41af0e184e7fe08fc078683e9f59748bf685e4207dc31b67784e322b6ae6b04789fb58', 0, '2024-11-23 03:50:48'),
('a94d418a4ccf88bcef454125812f67ff291f4a4e3124c37a37959392a835a9f3b4ac3a9e75e979dc', '10b4545202718048d68c87467d88154a07e6b6f05a5db5d953a37b54cf68046796632477ec2cab76', 0, '2024-10-31 03:55:45'),
('a964c906ccd0bf4fe59e50df070fb5efd424f35147d3b26fc0720cbb9477b43e65207b74adf50eba', '042f0c248b928ae6e916b4b3d2cbf4d22fb0c5d913f9d0e14e9f6fda3e61f710a5173ce119f18799', 0, '2024-11-02 05:55:35'),
('a9bc0205a22c4d4a8dc9766164b5d202c80721ce5099d77bd6e2705bc9056cc83e3b4a3b94eeb80e', '13201020cd1c08dd59eeddb394cdb4c26d1fe9902749841cafad8d8e11f1b986b0511ea353250254', 0, '2024-11-17 13:14:43'),
('aa2ca67ce8b3b0b09a17d983531bd9f7f603d41f5cedfee522ad02fa9e5f3597f63bf3fa3c05c80b', 'f0a4918fff965c1f10a2c817ac20fc7854d0ecbc7bc987969b66cf1b1e8999db2f7ec424d57d6740', 0, '2024-10-16 03:53:03'),
('ac024a0704a1767fb8919531940b4773fc8de75b1e65b791a51c1990e904c79d2ecf9f1b0d05bd85', '7d0a15f4f7618775524975c737844be05288d297699af18dac1576007b95d1bd1b7dc95022e156d8', 0, '2024-11-02 06:52:15'),
('ac29cbd2f7d11d3d1ea8bda153260a03893e12303e048fc7165b8b0a07e522420285d749fae91bef', 'bf7e139780e6e0dfe44011b300a409c8e6e167a05287c42b0d4662b9909fe2afc5ec0f7821767d6a', 0, '2024-11-15 11:12:57'),
('ad81e7611bbd2e5cb8e7842c8cadaf090f74ef6c8797aa7b743da4d8f640cbd0b7d1fb88b22dedd2', '5a56b914230bf5cd878d4d30141c3bffe2094dcbe8b480f563646133fb3b17f1cce8d0aac11cd641', 0, '2024-11-22 11:53:51'),
('ade458aad4082e8d7fe243988e4c6912d1ee3ddbd66f3b16dd4d781c7930dceef8d85428fa85c1c5', 'f6ad57b362df786cb99c29d584f055ca4147d3100f6138a4f43981288ad6e2cbaff98447f5bac0f7', 0, '2024-11-16 05:22:28'),
('ae12411ab7512ef153d3ad69f3f54db765cc52a788e37ed97e50567023139152506799a1b767f0d1', 'f3bb0fc43a5d08aa0a5d64e6bb2e0e97cbe8dfb21cb326f2cf9d57ab9ab9e34dbca067b5b6c7ec07', 0, '2024-11-02 10:49:34'),
('ae874c9505d2b7a988fa59fe3a5d83dbeaf3b3f6cf5b427e2d88e44d82a93559121cc9d1a680858b', '49f101cb69ad75b1dacdbeb52c0a1d7379b6d1a9f929ad44ddabeb66d9c9efb94beac9238f5f43a0', 0, '2024-11-05 10:05:15'),
('af274795e13f39e243b4b69d826ae5994aff787005ded6f41565a995bfc45097e7739ca8aa12cd4f', '6f4018d843c13f06bb45a6f53f92e8c82e99adbb70cf4ef55086d22d8fb52c2c4d466ce92b49eafd', 0, '2024-10-15 06:32:18'),
('af6e7d931859ab72ac4ae8f3170db18c61aedf0db653eb73601474c0e32c985383a532d373e2ba7a', '15538c32c11b6988efc76048750766842c082b214e971dbc1f1e6c1e379d90f4175d53e300b28bd6', 0, '2024-11-16 04:02:34'),
('af9940679fdb539d770226f5eb5833e3a828d094a4e924aefa1c01b650e25557189bb0e97d27209f', '99f240e867a429bd1c3d142d8c45cdf70554dc343bf6b1cfd3b650f7a7269540968c42e5b6ef0840', 0, '2024-10-17 06:44:09'),
('b02460ead81584bc69b8f547646f0d96bdd6eec9b54e7b53db6c0f7f2911c8c4cb05022fc6f9141c', '8dd8e5d14940ca2370a6f701372f037091701f7216667bb5095e0706c29668f4bd4253df8b261816', 0, '2024-11-16 05:01:18'),
('b08858faf32bceced70bbaf4d972a6bc59f8fec95811dcca93d73bd1aae56054845cbd5a695e567a', '566d372e2b7e2ca8ba5c1d75eb0f5e708e87569dcd53fa00215abc3fb63678581215427975a0961d', 0, '2024-11-12 04:12:57'),
('b0d3689548650e14dcd816c7b55d6e2451f42b8ce1dd5a0f4a67acd1e824ba55c42ba684e2fad0eb', '1559c1daff1fbf3b6f6f509a53f73b51a38115dfcd32b4b3f6ac70822b69127888a7c78494227f66', 0, '2024-10-11 06:24:05'),
('b12100964fc3171100c0d2891185fcbbc47b3357a6f64510cafc177b363020c64f2d6a790be20db7', 'f9ae47a078bc122a5363d6995af675b8ab64ae659cf99277d5d9dad77eae23968f991d2ca39979f9', 0, '2024-11-05 10:53:06'),
('b1be0bd18acc3c7cddb08ebebb55680399560f309e406dbead549b55f7b42dbb7e9984cc5134f718', 'ea11c40377539a4eddbde695ab44490a121413e5cc5fedd0a565ffdf95012e0ba6da6b45e8b8eaf8', 0, '2024-11-16 07:12:37'),
('b1e12c12311e3913d0ea5414f39463cf063e8ccf40000ed61abc7a84aa4e46b2be0adb64c339b986', 'ca6f6a91ac6f7dba9ab31fd62d523c8103759314ef35b87fad9ef00e2c11aec7f813250aa33fe7e4', 0, '2024-11-17 15:54:29'),
('b243497d7e0569cd162ba88494cbad7c9798dbc3d8392854938e20be981d58ece0e7220397577ceb', '66a2678b21e65849cde25ccda78424bab1d621e7fbe06467ea19ef258719240a9dea315cd85a542f', 0, '2024-11-05 06:44:51'),
('b391016128e15f4fe0f9319ba433d4646eed977d15c4ed320b07a9d1e82b22a2542a158af1e1a2a7', 'c1586f104c5d5a0305a4eb57e917f9bead4088bd3a1aa3f9a99dfa48a617f6c36b389e4803aa60af', 0, '2024-08-27 09:01:42'),
('b496b4abe202444f9109af69e091235c5506e1acc97017e6f103b957269c0b229156011e7670fab7', '0c889237762f9981b0337d79048c2231154658f7fc9de6f6a52b05b6296f9b70ed6e9f3211486faa', 0, '2024-10-22 05:44:19'),
('b6196df6457193d3beef33a31bc33c3505f918d483be864ca2de32f69270618564dd776023ebd7de', 'b29ea445e197eb170c3277120ed6edacc5de38f966ac9fd5b169382714b81ec6ecfaec728ba8ed14', 0, '2024-11-16 05:20:22'),
('b64aa1872b62410f2ad96f9d340e50b627c09e7920301d49fd40a0667901adfb75d6d6e6224c860a', '508732920dc777fc26d1c282e959bdbd2333d204b1404f6f5bb7bc2f5c1355e153354fa8911b66ca', 0, '2024-11-16 10:14:58'),
('b64e4f45648fa72c903e356b132571dc90fb406599f5a99ee957f716b9ec688a2e8bc92e4754bc2f', '413b0c227c6056820229c544ae3d7ad3b2d7b5ae05d6dcc1e68567a3bb33200f0133d83d02179d1b', 0, '2024-11-12 04:08:09'),
('b68f11f51dc9182b733e2a9fb3d8917a0dcf432b2323c3b25593bdd3a73eb5b6f2abf44cb959c0fb', '7453c6e9eb75e69d10f5a3a298a4b5cf743c2a1914509018430a7d61d74126abf0b2c50e919d751a', 0, '2024-08-27 09:02:03'),
('b7035fae0465815c520cadf2958442998183eb282370a203691cf19c002bca92fdbdbef7f305d9cf', '6982b1c90c3f3be7c6b444582ffa62c537f62d33b50de168fad48df850b8d4d13c37de456b4f3896', 0, '2024-10-22 04:02:24'),
('b7b4287199b6aff0fcbce30488d43bb210c50345f724eae610b4bd4acecf191e53b71fc602bbcf85', '169774d2079d00b77cd39f8dd14a7f181bc64e0c0a6be6581e1810bca6a00dd4dd5b7d29308d8917', 0, '2024-09-27 05:11:33'),
('b8b0a0d3e0dccbbbfb5d0b3875b1cdd068c0884d19bdf79b9f02ce8974201e3130183bca2bd7ab4f', 'fb83f84f17709337ee6f7e2aa9ec8ed420dd519720fe776f0db1971bd2466eb14450a9e213f14398', 0, '2024-11-15 11:12:16'),
('b8ee6d7cc773c3c7fb7d6b2b7df129d2420615b72d3180ef78a7567caa90ebe7b95db0440c3ed0f9', '1799f8c3f3454ff4a62e4aae09de8b93d2515402baabff4f0667864ce0e0e6677563edb8b255c6e0', 0, '2024-11-16 05:05:02'),
('b9b3f5536c4134ef4223400453b656b37b7d3e5860b9a5f4a62658e429b3d1b9d5838231039968d7', '45bf862420aa9829b0f7858f366df58c2581aa438e11de5dec787db23fabcba774fd0c352fc29525', 0, '2024-10-16 10:23:50'),
('bae3b7abc3291b6a116ab2b10a9d5adb781d8238a7ce283cd49d69432dc2f0ac7c0b351b0eafbfcc', '44bb15944f6c9cf64f6d07cdb5c7a05084b7b32f89f94453efa5c242f369827e2b2f31e0d01f2213', 0, '2024-11-17 05:40:27'),
('bb8d2f6eab03dc4c1283e1c781ea74007df46c3d9db07a23b67205cfbc3e5626534761969a8cc89d', '671c5537ded9117ca546c52bf115e753a272eb69954ae55e224e8e5162beac0c8d4bf6dbd637c29c', 0, '2024-10-09 08:54:18'),
('bbdd6abc1c6a1e9e7b197c624403e5c22a0394b928aa21a487667ff36e8003a3412b6729ec702376', '1f6df73ee58114094a2fbf4a3d62ad003a23aa6450e6a58b879b69369c68b9ebe24b3a21e411dff7', 0, '2024-10-30 04:31:19'),
('bbf0e14ab11db74efabb356909ec4c47beea173b718b8e2bc286a062f68a26b28e337f55ef8a584e', 'f893ecb89e670585c8b1070606eed52290ebaf377aa633fd7216ed605340648d68d1accf97cfb3e8', 0, '2024-11-15 05:42:10'),
('bc6082e6298e09312a1d4340baccb3673f1afca69a8bac14f7c5ff2efa703ac90caf17a284d5df2e', 'da699b75a27fea295fed1a1353f2f9b5c6158c41c6f5fa351b5af73985dc9dc23cdc1f23bb9a3274', 0, '2024-11-05 10:35:29'),
('bc9cf3ea9d1c58eb2ac3242a114956fb743bbe77fb0a47d2ef6153fa146f47d1a668d251f6c7f2e6', 'edf051f3955c6ac408a2ed0717242f6f4699050d464d96e641c4a8dedd0fc82abaad5f82e9a5f07a', 0, '2024-10-17 03:52:53'),
('bdb56ec3c79c0d95d2ae421cd60729099eca0eecfcbe855801503f577920edcc9b30c34acd6db68a', '3cd1975c0ea26a7008f8035f1a61bb7eec635663575b29eef94fcbe234a28a3be4f0ee1cff8f8c02', 0, '2024-10-16 10:18:59'),
('bdd75525cec395b0ff37213c06a8db27cddfbd820f10964cbd1010b5c2dce5b3751c54d45d2d152a', '6e8839abffb3a9e2024063e6a12b6956a747efd927c0a48958cc0f0af50b13157ac3be5390c458b2', 0, '2024-11-15 10:56:39'),
('be41f28b9cde9548fe864d94752680268a640838ca4ee32ccb293c6bda7851a21bcd6906bc6db680', 'e09f6f1d4aa3c770cba1969c821548af3c836a27607c27c78b872e91f85c526b8eedafd318caec51', 0, '2024-11-01 04:18:38'),
('bf72527681a08ba02d39a2a3be3a787c43ea661d3c046197067eaf85c242c11f512d06b01b82ad8f', '8685004c81bb68795bbf0cc539ac9e4c47263d80185cbf4a3203f8e31b06b566b5be6a5954a62465', 0, '2024-11-05 09:51:18'),
('c0eec23073baf393652754c64dcb8560779cb6c2f3edc9b023d9df5b4041a69c87e2ed42f7cc6c31', 'f3b0af3fc1d70fcfef3779aab351a6b0d1cc34a20a4851b1bd3b00c677df3fbd52d532b1528770ad', 0, '2024-10-08 04:08:53'),
('c268c0868b63eb9bb902c1bb8ccae9ef678b1d451b4812f722ebf3d17fa595abc1280fe466276bcc', '87dde0a08973fe02e71eed1d5ecf19cc52d78d2212984c8326abfb0d564a9104567274458d7c28fc', 0, '2024-11-20 05:38:21'),
('c2b94f64cadaf19d13ad2349cac0759004d3154b2d08069cc2e5b59c81cd068a26369d2d5cefaa8a', '228a792f4e2609a5238b1b3fa1da77a9d31b1c8c04edc11bd99430c03224b3af5ae03c028d246a17', 0, '2024-10-19 06:53:33'),
('c343154f657d0658f0afc426c9be711982abc47fca2d43c2d959a9191f43f7224ed81e83daef0568', '6a2f6bcd18cd5eae873f393f3e2a4bed3bd9b19315f98b82ade8c26c694e8a7fb28cc81e2188b9c4', 0, '2024-09-21 06:51:26'),
('c35585ab4e0a0251d7546f0910b5106a10f5f6a24f93382a42dce4de1009dfecd3a70910a21ba2a2', '61dd5442eca44fab7b01ca27ecf48318302fc5d49b35be806a10b9f62f903f770a56c8635a3aa0c7', 0, '2024-11-19 04:22:11'),
('c4fac31e4b5e34892835b01f2708d2173194815045d736833c9d95444d9b7ce80bf356e7ae3e5da8', '6e314c0c6da01dbdee2e705df3986a1262be2756ae1dc1e5dd0ce7b4da119a078964a417d3854528', 0, '2024-10-25 06:15:22'),
('c52ec528185a78d48ae8af34cf070f1c1c4e2f1a83fad5ebb2c1f62d287be71d17dff0ae62d83db0', 'd14998264b7eef858966d9a437ef549101ccef5884e233f21ad2d77219e6b86d35b952c149f04f29', 0, '2024-10-25 10:38:38'),
('c56a73475e31160ef9a7a8b1f52e4dd727f58a1ec78af182042b9c955fe6a9f76b887d1526bc379b', '819a4187f373df9ec50bb97dccee04b555f09a35ea48adcf9dbcdd61206d62c8ffa5edd782d0c652', 0, '2024-11-05 09:53:05'),
('c5bf5c92661a96f624f659e31b721b3519f753de15f3bc3757496a8c0677cd74a1ae09b1934a3701', '124972e91f63e7c4f031336ae0b1c1c971caea8304af0dea79c923336e8705b6af57ae48cfd469d6', 0, '2024-11-12 04:29:34'),
('c5ff6f3ffbb6c69eff33b3b9096958b583b3d45999a73dbd5b3a364fe67357d0024175a2266d7ff7', '4e8d239d1b1a035c5ca0b52f7e734b0041efec8d4a807945eeac1da27891eff9cd97f691a8078353', 0, '2024-10-16 08:22:21'),
('c64fb652851c0a8e2ee1197485a65e835ef0f2c346198d37819466bf9b4b28fbb6bcfe8ab616bd44', '6e827636a07be4a447adc6131e374a225c4a36bae979721bbc8f1a55daaaa132201ee60af7a56142', 0, '2024-11-09 04:41:22'),
('c6cada9c61f483d2ac720cf16583df50a10fcb1639dd1c7b5d144d89f0e16406e5dcac1a78c328ec', '4e416dd60bbd3f3bb89ff4e1d51fdf0947638abce9c39b1a1b03104e6c1c6c1265b8157928831087', 0, '2024-11-19 11:24:08'),
('c7fc2243ba5216e54cdda5adefebcfbbf453303f98f42f73ed57848b4e49c77fe9c654672ccdd5b5', 'b0aebc76650d362c1fee9ea449ebb517600c836204f0832622d0950cd554f90daf7773a409820984', 0, '2024-11-16 12:45:44'),
('c8da66b5d63d4ff4b2f52871041cc36dbb4cb1684c8cef3f4308a9869b7967b172bae9a31e8a628f', '264c8bc14a109287465159966cc1f0ec347901b53ba5ce9816d1562acb34ab461697734668419624', 0, '2024-11-08 08:33:27'),
('c9595c87b1776f0aa76fdaddcb70f8374f8c5972a25dccbe15e3962510ff2c17a6c2b9fac444adcf', 'f7ba4aedf1383687bde2808893494d2af50572a3db8dc7ecc459f6a50e17becaced92affb650cdef', 0, '2024-11-05 09:51:53'),
('ca71bcec1840896a3acb69d87ee110473a45dce7a74183c01e65e8c3a11da15c35920fecaf35aab6', 'ff3f6f1662db63777f7a47a105ec2716a70bf6344abf5711c3f2927658901165aa8b803a6ddf74b3', 0, '2024-10-01 04:16:15'),
('caa9590638ab237050ae0022edcbbfc6027887bf56e2f0747bcf7723d197c92d5440dd03f9a5327c', '9765d5a2914854a703d25a82d2caf78e1c30c71eb2a1ec650595a771268f44d3c6290858db071eba', 0, '2024-08-27 11:13:30'),
('cb1c6d65ff3b41ebca19cb42709a6b682ce41b7c66d53e6508dc4061327d45f8fcd7953292840fcb', 'd793ddcd07637af8045b8467cf45cc8b905fee07f4fcbb6551d91cacadbc10419771578f7311b1dd', 0, '2024-11-19 07:11:53'),
('cba64af0dd4891d529ce27d4871a025720e4acbdaa1a8fabb27b8f4094d6262d584de76a201f2464', 'c9c781ea4db62403bb47be07ae7b08d4c7f1900766984dd122bf8cc3fe45f928fb03d8bbbb394717', 0, '2024-11-18 07:36:35'),
('cbb6f266ff5ce1f519e0f876a364ca30224704abc20a9c71905dc8e5a1c096c3bfe1a39932df3d7d', '27dfed4be011c09cf5ff96d81979b71e1fd1b844e3e2cc9d96c5ee6091e04600c7ca45783f016b0a', 0, '2024-11-05 10:13:24'),
('cbe4679b30911ed61efa94956da369e3349d8d8523f67de1fa8a5cb584e0315ee891d104259a9ec5', '15342d20b0c6ff7cc6ca89d61ed61520a3d0a1177a86296ce5439ac8e2a0b9b479a7ba5228a6237e', 0, '2024-10-17 06:19:34'),
('cc035feede4a4a0757591e21f2c6ca2ce4c5fdc1af330e4e2cbd5ebf96c10024f5f65169990dfa64', '2d8f0460cee990f0faf8c8df8041bd86257f389d50bc824f8df3181cae66efdda7be2c9cb00279bb', 0, '2024-08-27 11:10:29'),
('cceb6f855f0998d91d2da20ee448dddc15763721f259179240420a852df9ad8a60599aaad1e88b0c', '55b20954837b2b97e14baf7f25f79ae905286e8e11605f9216868338964837f7655ca1d80ba637a9', 0, '2024-11-19 11:22:39'),
('cdc504bfe4e5c1183ede079c60228ce4679152ebf1e89421d5bc39fa192660589775d642a7c1451a', '70595e54c30aa6b66471b4f2851d6b507f4c41818caece4f575149afb4a10d3bfd72d7f7c6b7075a', 0, '2024-10-29 05:51:29'),
('cdc58110af7d387a6a18f21494133e5472a47ad96bb5280be485f26591e36cff705dc406f302464d', '1d8ba6b7e99bdd4a9527455db2f9fe93e84404758e1421cb0f12bc2bffc52d646115edf4932c6fb3', 0, '2024-10-22 05:03:58'),
('ced28379bc858c9061b9ed3dfbcebcf7f54bd2b45dac88f525e4a8ce7cde017cc13cd0dbeb1a39d7', 'd52f09a0494bbd6f8dccc20865bef6961cf9c2e2a26fc8fd10c517efb3113bb384ce23d7e514e694', 0, '2024-11-15 03:54:59'),
('cf185d2984f2908750812c53e06be38a2a1c41fdb77e5c91ada2a6e40fbb1104778507999f2d58ee', '70f93a92bf716c448b36a0f0fb8013c374c9b37c0a82f1fbb0234980457eac40e0b75ef8c016f246', 0, '2024-10-30 10:55:03'),
('cf8e03cc043a934c2f4b203acdd2ba7d107065e13a7598b177fb54b6146de79abe81e74a87cd08d6', 'f2e94c7665c6cabf8607f0dd310ccddcad4d99f1bf7ffb17abb55aeb144bbe6cc2d6de9dbf31e83b', 0, '2024-11-27 04:25:49'),
('cfc67128c9190852fd99fee2a26af69d51cb8ed05fa5f5e6a9891cf133c8124c9ef9f902da096be4', '9f2a7fac571c9f6d130a3e803abb9ea2588b6d95ef588de5f8538c4b898f3191c0675c0249c56918', 0, '2024-08-27 08:45:10'),
('cff38d4211be8c223e05e8d9431d3109977265054a8ee89a003cf4b642b3f3a448ce287f665a061b', 'b3e4b6e8a0eb77dd45145394ea25895bcaa86b19a9a74cfe738ca14aaf7b3f524c4568af8bcc870c', 0, '2024-11-05 09:54:46'),
('d026733ec99c7721755659be4c6021dfab4fd90bbd270cb2ba46f754820fe8ea1dcc9cb11bdc407f', '274265deee61cd93c9eb0e23ca1c5eedc89a74eab6f61f3ac75b04371ae7420a4f4553244d4eff67', 0, '2024-11-12 05:44:31'),
('d14f3935a8cd0108618418cf36831726f515bff177e5d14e13c24e132830b7d770586d919476321d', '6acdb3a1135906b18afda29851388c1fe10de99101e5106dbaa933b7b9191e99779a0220d56b3034', 0, '2024-11-15 08:44:49'),
('d1578bdd141c733e052d333fb392d7fa267d8255d27671c37bf6b8dea80e28ad71d9d1d179ec34f4', '44c91b6b9423e9a2fdb2947f77fce0f94920fae17c3a588501510cf3bf60cedfcaa8b46b0e9b0f52', 0, '2024-11-01 17:56:38'),
('d17bb9259f215201bbf3754ad9ba9c61a15fc362e08ce1e815cb36005f1e0943d1676aa4af90c83e', '20091ced4ec9edeb6044d5071b4bc4b990f5fb70a3d0a71fe63131e78b8415787ecc721f862d0a46', 0, '2024-11-22 11:19:57'),
('d189908cea1a67f0fe380472e93bac757d50be781bd76cb1f41f1da918cf172a8b89a921befb086f', 'cb48092b629e4332e08c4830a58accb7bf4efe139d47af505235c4e876e7a104d6e54ac007b6293a', 0, '2024-10-16 06:36:32'),
('d25348e0c962a0ddc4974aec87884dab10a2a49be69d673dc629facf132c926db8fae416d6016437', 'a4aa0b409b5cd86c30f83a068c0e638a245bc5af9c2b8cf2d33cee6c6b9beb6a25d722b81c5f981a', 0, '2024-11-06 06:23:00'),
('d2ddf4cb9ac790db91b746a43e580c4a4d574be306db61c158c97b93e00261532fed77b723163a61', 'b9b5be5566057a4663c47a8c95142be24a94cbac40b5aa1b0419a3b1210ef518171335a05102a92b', 0, '2024-11-01 06:55:25'),
('d2e8b6978f1b3cc62105348a2bca27d54d612c20ecdccc86519c762314879eb38ba10a4a573c344f', '8ce1fae48fc6eaf62b0eeb3c6040190932d6902989a83057f4baf3bd8a9f0917d7834e8f04733fa2', 0, '2024-10-26 04:12:58'),
('d2e960c1e8ea129d0ae39ac1fea60d97f2ad65d742827c92372c3fa85b7a36582f8fdf23aefcb1d0', 'c19eb09daf7674182044fdad314d9f9626c0c584dc4db05bd4a2954bc5148eb84444cbfe6ac934ba', 0, '2024-11-16 12:21:16'),
('d449ac63ca7b9e5a5c19e8aac2d8bfbe003d526f59c87768bfeefdab5179b04a75e42f204908403d', '5a64b6fb8a53ea66e5b0531035103ab5b3955189806ac8cba97205315898546eaa633fd029936c79', 0, '2024-10-26 09:45:56'),
('d46061dcf487b2d661292f76f0267e6e72e181c53f6aff9a90b83b18e78e8f34042043115bbb33cb', '5469e0b754d0164d41e96b92616e89a8a0535d5cfff385640a82db94622bf9d60c81520c252554a2', 0, '2024-11-06 04:53:29'),
('d4eacbe9a5bb87c3f1b66233923d11137e393936a2d461812d2e1611625a5df1376d720f9b39d757', '68f8548b6d51b3fd6f6b9e0bb11b5a9c0d8cd5c70eafb44cd61f76083f14685f80c60ec0884cfaa5', 0, '2024-11-17 09:11:39'),
('d4f75ec17bb54bc7c169735ab9e7ab380bb6bdd2b437ffe043bc8aea59171278b198ebb07626d7f9', '4c62d89ac193a441139b5bc65b36cc9e4a4dfc1fc05702cce5480e919495a6df48140880e6e27a50', 0, '2024-10-18 10:41:31'),
('d50d2044eb434d55dad6635e36ac917940072a0852ae4cb309a890d1bef6ad59126aff962b56b4bb', '2d070d47166d4c7dc6e015f310301dc9b057207e7d3082885ef977afe64d43916bfc9cf8da170d9d', 0, '2024-10-25 06:24:06'),
('d525c61f6898a91db653a8a151d6862f8c4c928880153919f24ebeb2f67d08c7ffa28312ff9e7b63', '4d9ae9fa67b81139b1f6350ea48724ccd76b99c3c028baab7386d0a7ba5a7d11afa17f99186ea9f4', 0, '2024-08-27 10:43:37'),
('d5320a4a091fe4fcfac18ecb8476c8c803323b11d3342c7682eea2d520e3bdfacdafbe6e206fc93d', 'f69ef625715165b590f9dea4c0df36f941178af6a74030804e6b0f66e14a3f8c0a46832680cdca26', 0, '2024-10-18 04:47:28'),
('d58df6ebb4feec2e0afa030f7c58bfe21907b8cb0098e911ffbc16f46b188fd43c5ee42404be7507', 'b74b1659aab2a859e835809a5117130ef884d65971849bbe64f197abbb58b9cfab804fac5b3657b3', 0, '2024-10-10 06:27:37'),
('d652cb33e77312181e07b7c7e182a42e1e5668fea2f50991ef846159db886091ab6118e5311a5031', 'fc4b08bc3cd33cbfc20213bbaa879c63035bb8832995cd444022ed75ecb8e33698342b1063f00a1a', 0, '2024-08-27 10:55:48'),
('d6f717f57a51821bd268399ba11ddb8e20f5624223067403eb5023fba653bf13900a02f9f2749463', '49865777eb5b7bd01bbb8182bd81e41e897a7d1beb3c3d5d0134f32923e7c86aaeb521564cfda2d3', 0, '2024-10-23 08:49:59'),
('d79c3b4b577ae29bf6681f1200471df12ed8fdb724763bc5367469b2fb15f0501471b9e1a8ce95b6', '3e5791b265d4274ec906b735acc363a24e1044aefaef48b2635706dd274063114049df2695eea029', 0, '2024-10-01 09:40:29'),
('d7b179f003060f8934409cc7aac4194ef59d0e0f751e7122b1df9a06afbf8f5f3c967ea0bf6eb9d3', 'a60d990adee90d8577ecd626a551fadaf39a8f952360232933d8ff7d2007e7d03713c60de16c7ee1', 0, '2024-10-15 06:23:54'),
('d7d533d36447ce1213faeaad9f3f4f6e5ef73d4336d577c7531346fd6c4a4bed453f2d08e72b96c6', 'ec97f2721a6efbc8ce3e0b11e4c8af7c96f6896d0bf309d20d0014f6807a60d3b4c5b6ee86abaa46', 0, '2024-10-16 04:04:58'),
('d84b1fdf06beada113bcb80c485e326e1c588573184092ea05c8952d3fdc54acda80b04cba2f0287', '349a24f2228abf211b36487af2a758250352efd36e1074b78eace456299b6d0500536a4fd35091e9', 0, '2024-11-03 18:59:36'),
('d85684da346071afe4384b6641388a5f6a560b06a13041f0553d9f2840cf7a1e36c89e6b423066b4', '03ebd39faf7ed460c1364e1364c94a93034e2b717ade297b08811174e226776cc9e22b458b4ab5a4', 0, '2024-10-30 04:39:58'),
('d902462f4caff61d45bb78517661cee922f7cf9b52774cba335592649c02a8be906a5b60a25bd955', 'c9bd8141db42e1d4a2a30fac2259172412fc1bb40d8b4e6365d462c669173cc0ff9da62e16392658', 0, '2024-11-27 05:59:27'),
('d91d28f92b9e3cf3fdc1af42ad7929a38a3f7ee88a4af0093f4b9e8115c9f2ca4d776d3a1adff0d3', '3242a5128f0d475508e77a477e4644834abb16e2bc10ec2dbdb9369164a1f76ca1a30b167743af7b', 0, '2024-08-27 10:58:27'),
('d934b4e926bf022b408052d508cda26fcfd4cd0e5487bd8a449eebf2c2b00855015235c90e26f947', '4a342f31c4b656f14e8bbd32d80c4e7c3cdf18fd9921fe387178c5ee72f483cce2f28f35b14ccd11', 0, '2024-11-01 06:55:31'),
('d9ab65631379bf16daef051c06c0dd92333d47e3de561b2e6f49d2b923593be61d5131e18a0c042a', '30567df0008dc96f6698b82debcb462502ab64b21c994ca5f4d8158e7e269d909ba88bd9dc349cf8', 0, '2024-11-05 08:57:32'),
('da385430df29639fe818448233eea13509a29d517af821b8154d4f83e19a427226cc7ab9fe538995', '21b44da266abbf5e8197f84c4076fb0885868496762e6965ef773bb2460198a121a9720595295424', 0, '2024-10-26 03:54:53'),
('da44d57001d2e3b1bbbad3a0c13dd6c287e1c87b122f1e80eeb7107867d76f5f3f9c783dc1500a3f', '1870a58225e9487ac17e61de83c7c6886fcd87a9fe5c8318af2cb0e61e046219b7ec902ec1c79577', 0, '2024-11-12 06:11:19'),
('daa4a38f0487ac042472b48275af0871245b02513a0070299b02188b52184d832dec41af8f351c13', 'ec0692f6037ff96a6b9708314548add7a4d73c8e0a98f8ebffbc079571959c4d0372c18b1ac2ad48', 0, '2024-11-22 08:42:20'),
('dad005fa694963f2c756331ca68a2b7a82414ed4ff427633ae0b8084c0661c1add056eea8a8d701b', 'b113a6b15cf4f70fa923d173bcbfed46669adc2f0285a9a3bda22f979aa124927f821b610c6de015', 0, '2024-10-31 06:05:25'),
('db2401b098f3443e0b3378783d077a0e611d8c9075a72c1e82cd9b658597ef0464b0ac04a7c835bc', 'e83d60c7199ede7c2e3236fc96d984fe9e9968abd2a60fd82b2affb202f95b013f2ec7ca66c83106', 0, '2024-11-19 11:22:16'),
('db50924aef7f3486e2f6ee648d1b4147d58324e0734c7a8172bc5e60de8e6b15272e07d7cbea0909', 'cc4c9e14f3fc10cb5f29b9d0a4ce841d13ac27f778306a3328460d4f02b1abe79c00501f9f744e8b', 0, '2024-11-16 05:25:27'),
('dc1d6ba643cd4936613662bbda57c595f4ba56b398dd552a79f944050470afbea116a09916768fb6', '508c8e4907ea43e6f8d8e807c427cc5009c3fd15f8bb36f9f5e8ca6ded3a3eaf034ac95ac1ebf561', 0, '2024-10-08 04:20:21'),
('dcac64facf923e6bac5d3e86d983221211c8dfe52887a0110ce24ebe510349b29255bbe2146d1b22', '498ba01a49d252a5dc414353fb63ef21fb198097aaf3faa154c590b25886b3a42a91124c865ad071', 0, '2024-08-27 10:58:40'),
('dcc12369211041b7a4c55a43f0a78d66d06ff5cdd8866d9a8eb8196f14a431bc2c20b3b0311ff08a', 'b982e023a68599863e9b00220f5a6d3f89acf60189cebcf24963254e12ec4c147fe6a07de2486911', 0, '2024-10-12 08:18:32'),
('dd1460d13888833e812c7cdec6661849d7549ba63fd1691b6e672837006f93a37c0425eee148de25', 'e141b791147887f5db8543832450defc538ed574e75581d81321320eca816b079e628ec241fa1fd5', 0, '2024-11-01 05:47:58'),
('dd7ef77839b01ae9b85be88ac948a66bfcd5c8e826879c8c4cf94981226b313c50b7601ab7a783bc', '1cb59cb3bee2711c21422508dff89185ec7a94e2d1e3e9b595001714bf67d09f214aed5b1808834a', 0, '2024-11-13 03:57:52'),
('dd87c20ac832fb108e7e91190524272711d45d16dcfeb4680e69a927e10809140fff8150704cd546', 'e97d1c19e053f30f1fd0ede5d521dd5f760c5a2800bee284be3b4dcacd5c00bfb6cf47abece0ebd5', 0, '2024-11-17 11:46:03'),
('dd8b46c3c855168c4fd06aaa53a45a7f7950b7ae00bd1a17b41cb483702189a66c1a2c28f199334d', '98649c88c16e4d2d8adaa088952d6ef6fe49f7069357bbf12206ecf4d01c1c5a8ab19722bd0f4ab7', 0, '2024-11-17 11:28:26'),
('ddba6bce2b661c9b43ba719634ab48f9c19e3ba180101d825362a9ff3e7132c6f2ad9aa4695f4113', 'f79e909b8ab24ffc233ec84f69f0974f58108c6487c47790b25875913c28d87dace6df05d362fc94', 0, '2024-10-01 05:57:30'),
('ddc13f2a5b4ad1d844e3b01ebcf7efc1cf71de4c536427dd633bcffa64afa85509037422f364584c', '65d7aff335a75cb9948ccc5d0451a85a0610a8cfe1544d3d67398b5292247f743f142e2759de66cf', 0, '2024-11-15 11:06:30'),
('de2e9e8f524874a533d1d6e1c69b0c3bbd2f41073c9e1d6b27ac62e45ef60aebfcdb89dac5ec0149', '6ff48c4bd6ae395f0062990f76665a3e3cd1fed9d5c9fd433856ba557003854a2a1754802c8a8877', 0, '2024-11-15 11:24:02'),
('de7c7e77b7afb41d40d4f10443a659affc7a0055eced93619dd059184f07d2f80af461fdd3d7e812', '1cefb9488fd542a145adfdda8df548ae4584f2248d9dcfd6c1981d7527f7723ae1aca4eb3f409aa6', 0, '2024-10-29 07:07:01'),
('dfb4642cf6e05cd2c52546d21d352e38c965342a855a364dfca2c85ef37717769b152195aa0fc597', '1dcf1aebd418466e46929ed0a31e71e6c2090b53a5542e0a8e12178f6f8206858d3ecdf917146f32', 0, '2024-11-05 10:51:29'),
('e062c9fa1aa57bb6be5420b5066fbb96fb70b0bd9106ea64964467924ad0a4dde05e5993396373e4', '9ae71355281a0d3762e6db6dd7ce388af11df0d671376c13cbdaedf6e2fe69ec131c41786caae7aa', 0, '2024-10-11 06:56:32'),
('e071fb48a17c16871a3f0c861085384fbb8e4adce32fa4daab25045368348f4fa4d7c397ae56e9fe', '22fac8764cdcef7b811125150aab3598dd68e81d9e55c7a27ea3822b90c8530f260b2c17740f48da', 0, '2024-11-16 05:16:56'),
('e07cd266134fc6095689a11e8e9e29e655f2079a58369d9b8a2a69ec3d75162e3c371d44495387ff', '4a49255eb5ea330996c6e02fed83e939f183bad4e7f7c6fd7178416f980cfa171acf5ad9a78f94f1', 0, '2024-11-16 11:45:42'),
('e0ca614e4fb69b9f60556501ddbee5534873ffffd0ee4c12ac3f7f4abe43a58bfeda2982cfe125b0', '266d0be8a0a56cbafe9de164b9139eeddc58f964ed4d19e11d97255afb294fb230c4148451d43fd5', 0, '2024-09-24 06:30:40'),
('e0e4a60e8f7b68eb8aa0526b3f695eca7a9fb4687cb42f9c572e1a435b7a6038025c98d3416b4539', '2c4db0398ef3ad5eef88282b6cc115f3537336a6c6e76f4d24b621e0b82603a86143ac7271451f35', 0, '2024-08-27 10:55:35'),
('e0f2b8092acbf4c4f1c9e5653dff8e1459278f77b2b6051000f6a8caa884120ab2ddda0ac72e63d0', 'dbaaee0f57e3dd643b0f1fc46eb553900c7e1475defeff082804f587b334bfa27db0fdfc7367ddee', 0, '2024-11-27 07:27:54'),
('e0fa790c737590674f8c4f364bc2f95ddcc384286604552d78c19b34f1295d22d99a16b91a9485d7', 'fb3357a39fa01c26c11dfa3636acab16e9d64cf0fd5371aefb35ed88e722713ba49243989fe95f74', 0, '2024-11-17 03:43:54'),
('e0fe8c55fbd97fd4652c0626796f07285a3b7a507999afe234489ebcbdd3dd725541b2107d7f42a5', 'fcb24eac4fc7065f0c4a07336546e41485e9f57a352d95b877e43b35269c26bfbd78c4fa5881ab20', 0, '2024-11-14 04:23:39'),
('e1685f0d0d3ab2d4ac2535bcc4505ff3b05e96da4e1579267d0f63fbd716d71bfefc308807dd7205', '7b0bb73a159a68b477691f0ceb194aeaa9290038c7e140c151ff4c6a72b8ec800f5498353b123cc9', 0, '2024-10-15 04:53:41'),
('e35c291348834e91e07f667ed1d74b903635dbd554982664c491178bd158ef9840c234a30808874e', '611466eb894a7e2c411d1a5922f91e9f14e151372f6210afd787c1bb9625393251ab4c7460227163', 0, '2024-09-17 05:54:31'),
('e3d22caf14ad286edae089ae19ba34eec1e3b33f4baa1e2c2cd33089defd958a72d42a080113cdf4', '6d41e401105c38bc14f13de9efc35a484c3aedac1f8f843cd5566fef62ed71e0dda1fe5ca19e422f', 0, '2024-10-16 10:23:31'),
('e44c1438585ca26735e7a501b7963618b7a37ff41f7f6b3c9b15c0492f2829738702f5e2cb730163', 'f37f32e6e4821c1306b13830b16960d883ceb35234a4e37ce3894ece301af71fbbce10114f5c481e', 0, '2024-11-05 09:52:14'),
('e505bf9cf82a7854770ca8e887888d771eacfadcaef19128e1c7f70c1f7093a630f03526690808d6', '011f788d873f4dfed599e1a86d34be11036bc163707f7768957019c4c2124c615d79fee20ba5b9c2', 0, '2024-08-27 08:40:55'),
('e6d3ce4e7f0dcf952bf3cf9b6b4bc4500f45cbaf86c9acdc842b2a0a51c36a2dd08f016bc1d4333e', 'da3d4258c9fc94d882c2a231913e544623612809b35c05e5d83e8956772278116ff483ad65ada914', 0, '2024-11-26 04:08:10'),
('e7310d0d0a779250475cd01b34f237e7357d4271f308a16a3cf69327e895762642ef4e9f95a21721', '2c218aaca55bafce239e5a18fc771947591bf90ec84ed4607c9f028bf698ac87ac93e87eeb12a9b8', 0, '2024-10-22 04:02:34'),
('e7aea88029adee05859a389246ef22092fff1bb107aab72b8251351bd55c9f87a10503cd74060b34', '4adf8f7137003400b0cd3d48cd1fc4442b42e277ce8d2c9f9d85759f354c857b0fb23e425551a752', 0, '2024-10-08 04:18:09'),
('e846954b56dc2a3c289d183415c8bcf6a8e41e83ea5204c3a5a13adee2b340b046ed084895745708', '4a7a01469ee5c123c7c76cc470d0c61559a0322226c4f0fd0ff6287acc977ca7c4466be12f41ecbd', 0, '2024-11-17 10:28:47'),
('e87ed541a91205c75d834945773291fd53b7fc3267f49ddbe23a8f3f148b8aa4e2943bb7e02abeb6', '0f7e1ce7bc8d0e38c7b8c0234210d6b68fae2c7db1840e92a45b0ad99881f8551a52d54f0e0ff7c6', 0, '2024-11-27 08:31:29'),
('e90a3de44f0fd7279bee44d4c03ce13b96c5b287dad295f62d530fe4ae7e86dc78dd2a25be59a632', '21118a7f48ce8b1835c482c11149d48e4d0446997f89ee4e72bd3e59c39ca362df8f68fb16e18091', 0, '2024-10-29 08:39:27'),
('ea651fa4142e2f6b6669fad0dc5264b17890539d092a0e60afc19efd8a850f35f871512fbfa687eb', '398def3fddf2a38ad5a53a671ddc006151b14c58217f445ab283fd4a641f9ba053b604a262e10240', 0, '2024-10-15 06:01:57'),
('eb171b12197306ad6c12e6dc4e6563a111b69e4d7800648c9f12bb9deefcd2b52b87e8f1fda32a71', 'b1bf72b199207f3e5b67d30061ffcb7dc40a4543d2fe77323381d26bcbe0c33e14a4af1912a84976', 0, '2024-11-20 08:55:48'),
('eb9386c95be2d40bf4643f3775c9c062c9134bcb2e925e6f1b188fb080a79d0d5186fd5fc079560f', 'b00aefc08e3a9b4f3d3ac0cc090d2c0c011ad28403d472f43e9e11e80456e5108f75446448db7723', 0, '2024-11-17 05:02:40'),
('ebf66ca0ddac97eb17b40dfbf6b0e87bde5ebd9d52bbf6525eaa8de58eae2314906759f5e9c2450d', 'a5750e01d83c3537566d87bc00986d0192021d4b03c7bd7a845da60795260c3367fa69c7d3df658d', 0, '2024-11-17 12:34:15'),
('ec14c3df1e84c6bd7d977a4363a5dd15c7d2c0d9a6e3837dca5942aa64dc10e23b15a670b7b90773', 'fbd633c8e22f31981d0e176ed4726083eeaa4577030b5ff48b72d9b0c9bb62e47be411f1ac5a33f2', 0, '2024-11-20 08:59:46'),
('ec72cd23c89bf17ec541228664f91fa8ecb2b2c1ea7de260a5e422ee5f903818f15f140a30241f20', 'd28afdfa9f365872b90fe8d08c8c69543c6bd1c813f9ca86d65e4ef2e8451ac8dbe58609dc0924aa', 0, '2024-10-31 09:57:31'),
('ecb2df637ae59798c50d4e4d94994482db6f4687e8c533ffa78b31956998a31441e4c33b68428fba', '484135d0acc07c4724d82796ab0534a2bc579de10837e5a269a80c4de5ee64b9555ff41c2d92d699', 0, '2024-10-10 06:14:26'),
('ed2ed77046bc6758b51aa3b0a0f43a3aeb57c31d273a987eaa219ab2df176a05f820b9b2eaf66109', '6b133ed43decbfd73e9890df5030695b52c86a98addeda0beba3aee2366e78580aedc3142fc4b5d2', 0, '2024-11-26 03:58:06'),
('ed39da6bafdb7059fac36f8918a9a54eac8bd67fa756ab48bb7d6df51916883e5b4f7db91ad7f9a9', 'cbe7ebc6cb3b3d22a61f2c03248d879a06086da7629d089484d3daface9cff90d27c8643aa513137', 0, '2024-10-26 04:23:50'),
('edd36eecb837ac36cae388fffa4b9c5d0f6dd0d93e740d2b7ec1c21f8efe36eb12d7dd486174aa66', '80297f0072b525ece7e5d45a0347315393129fbfb3ecfb0387c26c307e83914ab773067bd1697d09', 0, '2024-11-20 14:39:21'),
('ee2c51530f2ea702deca2f81c6bd3107bbfc9c85568bdfb85f25a38420c15fe7ca98ac59317785c8', 'a97ec651f5dab7b6c6765fbf77d3865b4320cd5d08845d3462bd9cd0cfec70a76dccac9af4af7f67', 0, '2024-11-16 04:08:23'),
('ee854e7b5b181ba92ce0f4a8698b646aa4a10dabb832ee38cce17da252fa83871dc73f653fbda1d6', '391e70f158b5c622f2d1af1d4a89fb56f74c98c91b173314bc7343e89263d673b823c53b3c3da09a', 0, '2024-11-18 07:58:17'),
('eea5a6f2fa78512fb7644297f0d8bb1dfcdb9f7b3b4acf451bd1720db5404e28aeed80340a443f05', 'd7c4717135b66c5b6d45e26cca1e933e1a0217805a6240dcd88208e2017ffccf08ddd586e99580c2', 0, '2024-11-16 10:57:20'),
('eed229db75ce29e88a4c04cefadfcb895f7fdd6c4512167120a547ca49ff6303920843e8de8bf0a1', '8a300f835f9c6e53fa82e995ff0e0c7df4e135a57c3fd60b9392d5d4267abcc39ca5374b3278f45e', 0, '2024-11-09 05:13:07'),
('eedbe6a5c2f3cbdad7c0a9c9abad74f8f645a2d8128ff5b56babe974b1dab154afe1ac688501c8c9', 'f9816c316c275df94875ee0453ad26d427f60b5eccd9db8f78ca6ca8fdb3850fd63976686093ed86', 0, '2024-11-17 10:40:55'),
('effa8dbd362f51d6e5765e68238b7a4a48af096152c790bac8ceda1c3f0faf210c94da0cf85780a7', 'f6b845100ec64c1d67153335d66231843ea3ec9a3095b6e5b160b119e5120c8c8d2c61598be1e3dc', 0, '2024-10-10 03:44:04'),
('f034ab43e44f4beb36160df59b6d6759e16d1731743589ac79e45b12015fdb29b87cfff4a8a5c025', '95b31cbe34e6ffeaa8d01bab91db262ca5e2ce8baded9360742623ca56cf89c36f7c4c5116dfe0c4', 0, '2024-08-27 11:56:49'),
('f18df161298735db15e1a65cee778e32fe48a1cf7b117b8a259aa523bad9475562fafa001280ec4c', '681c70181f682971ee7dd5cc48c448fbbc47e23d7e0ff561edbf24ba8abbb0bd5c0dc3e1baf6a4af', 0, '2024-11-16 18:02:58'),
('f2de3eb5f4fcd4ef74e5be30f227b05e37657bf45879116afb5b0ec7b96aa2f74629bc2aa75a321f', '8d44c6eb34af237f958bc72a9b9f34d596131ad722921be1d71392ceef6fbfddba72019b998fb10c', 0, '2024-11-17 13:42:04'),
('f38d76f0593c53adbe548828020f85b9950258767f55fa51dfb94c902c29f36b8c70b1bc0105b05c', '2b0a31ee0478c2f1400b763e1ae3c21a39228e365741ab424078f4578071d74346bedaef80a13a96', 0, '2024-11-27 10:09:06'),
('f3aea8a699ca7fa0344065284eeebc08381a7c5ffdd9bc8304f0da047059841a59c32b807f333f94', 'ae359a0cccbacb4965864187fd0e9b54fda1bb805e206f1a5f85b02a15f28008663ab0088340aa4e', 0, '2024-08-28 03:55:58'),
('f406e2aec22128381eb00f4c852bdb35608db05b089df873ab6b6e5bd93f85a3bcc7b17c723663ea', '77adcee3b0fd6f343638696429bbeea1c44c85707885ce5b5228b051d6dc7f0df1cbe2abf2826c86', 0, '2024-11-04 17:25:16'),
('f42d2c9aad848c4a421344827247aab49bc0938dca69a9c7d983611126fd3b0098123fc96c1ce3a1', 'a4fefd4086a3e105589f443eed43158199e3081e027ea41848bb8fd7788047187a9903fe1b24a22e', 0, '2024-10-19 03:53:10'),
('f532511f31338cf6693b43c0ac63ebbb263becccf07e26560f5535d924fdcdd0b3a4f02626346c49', '131503d829a953c4cb1fd4a193e85033846e8763db9de91c3725b1e640fd08da407ff2cc62d8b87f', 0, '2024-11-17 11:20:55'),
('f54a8f68d1286935e7f2527f6fb7cc097dc6e62ca8362d6a1c0e9ee349f0385a429a445b7a06c5c1', '0a37fd471b2cbf82e33c355bfe26576641ccc9c4f6dc62d78b7f2b45f20edd95c655f2859249cd41', 0, '2024-11-17 10:11:53'),
('f596f8cf913082a02aa6910e08623abe3e8e27cdcb3a5ff043a3d4a4302c5d750527a881ea6e0b98', 'e11fbedc6b410bdd0b5c8e82bb345cd511be1e3a58c9839c82a2d3d886ed015512d8ea5cbab8cd15', 0, '2024-10-29 06:21:41'),
('f662143ac4001200b774fb7251e59d89c4e729b358db37a464e062e3ba43ca5038fab614f0dddd1e', 'ef2e65b150dbb283b08ff20281b7067f9ade4ee6593075d89473680661a36c0750ad8245e63ec6f3', 0, '2024-11-17 13:25:15'),
('f681d4770ffc0bff903c091762aff16118168656c70aebf6359019c6245d20f84d7a4943c5fd3623', 'd30551f26ff9e3124bd6abb34dd76b2cf38bdffbebbbb45019b8236b1fcd4560a32233c564545755', 0, '2024-10-17 06:08:49'),
('f7a523300d903ad1ce7f17ecedb8614f81cd75a805e72aedc6a4560b3748220be27d4dfdd206ec5a', 'fab2decb10ef3ff77e511897c114b27bce879ab7dc525e143a46b9ca4c1a719cb1734f58e85f9b24', 0, '2024-11-14 05:33:01'),
('f7ca8731511dce15587f22b1ad647c78437d7aaaa4205ceb7ba01082378bfea5db3043f64124160d', '573f4b0665182835968d8bdd7c779feadfc8d6b4ba2756cb3253f1892665e4a5b22f829df74dac9a', 0, '2024-08-27 08:40:51'),
('f8cd78d5f0dffa97d244906bd59a1c75d734277fefbbaf53d4f27329a84049fd0614c0addbe0c562', 'b4b3d24a2d90af5aba8e91b3b466f3b48655bc710debbc918897b6f8766d51dfd2ba00c90516a9ab', 0, '2024-11-15 11:50:40'),
('f95d3b1777c63dcf850ac5bba095923fb369f8613fa600d89b794c052826d39bf565c8d499345333', 'eaaebdcc392ade16b9dd2cbaf55e4531fa617bb9eba2ae3abbf7f02081d7da7269e4f3476b8dfaa8', 0, '2024-10-02 08:10:34'),
('f96b543dc6890f539cf43b4ecf8b685db9a9cae1dfe20791657a82da69720f0bcb5ac306d7828038', '397d6fdc1ca3e7937896feca35ebea1025cc3a9ec5216c5b44e056ca82cd69169cef833668af0c57', 0, '2024-11-12 05:04:52'),
('f9cdcf589dfc274f6e76cbc33a8b61b0091fc67011a2db682ab7ff35d8416d402b38babad7f441ac', '40e66c01490acbd0953cdc3468ea1faf712f4374c8553d1e4af88aa915729bc219a508bd0c0a2a83', 0, '2024-10-04 04:05:10'),
('fa17794e01951995883317272bae0f0e46283dd0a7f34ce9b0197dcbc5b767f3536a7b39c2507376', '7b06d8656038c3eff2b95d4388ee87e43f4064f34bab1caad08406ac36da5656bd2ef9a4e9162d24', 0, '2024-10-25 04:17:33'),
('fa81f81436efaaa8f6bc55a1e63a74cebc510269a92b290898320f379a84f68b1563c6138831c481', '32e584e320464fbfdcb77815f3cec7c2d34ff391907943c794a1a40b71a55f5134b1821c8ae424b1', 0, '2024-08-27 09:39:57'),
('fa8c638a2e78f4ed3a78265c93c54c6b9c0f4de26397b413d1390ca1ae2b6197dfb68b12c1624466', '3d9db8147fd0bced70d5004a5f05c6e45b160606ea24665e7fee039c501fe02d7db3c601364e1534', 0, '2024-11-06 05:10:33'),
('faab7c46d1f935e75510104062d34c83c4c4a1ad835afdefdaa485c353aa4827663d36f4c456ab07', '7b9d273073d18d7dd112ffb7b59daf1a8b016a01c80add74ab9ffea908e45e85ecfec90dc283f756', 0, '2024-11-27 11:13:40'),
('fb67dc4d504130702807a697af3de754a21b63c8a22dc7d9484d3a6514d9f1a125324d26235ddcbe', '12b5334d9cb395e56305af2873c40fab43dbbdc6f71af6692e45fefdbe764b79c28af0da996f7166', 0, '2024-11-17 05:35:13'),
('fcb735a1252133a03ed99bebdc7b7ce017d6f7135c44e18c66e7199ec26895348d60507ecf6c8028', '46ed7ccb81fa42dc84001f8903ff1a7831f441398b4db74f1ee5dd366386280a84b4d5d01767ca42', 0, '2024-11-27 10:07:47'),
('fd2507361960c2146be18ae44d3ab999b3d2d988404b091297543226ce4659d7ba9954b9adcf6bbb', 'c893ba7826a43d2fe90312f97dce84666d4ffbe3e8fb2337d0f96fea565ac4827635a6549d106bbe', 0, '2024-10-10 05:41:38'),
('febba6b9a76c174fe7a791612bc577d7e43b261fec713f16eb979d18c58664689a6beb4e92328542', 'd079e3fb50d870ed880dfca78ab1e2fffc13bef1685e9c0995c9078a09985bdc52150b85285287bd', 0, '2024-11-05 09:54:15'),
('ff20b74b01ded0af98142a20fa77fc64f0f8c5ed4f88407bd268571fc6ce555e4a84833d4355d752', 'b2d90a32e80f8158151b2137dfb3844a4aaf88981505a9a8c078774205d801279aab661550542f68', 0, '2024-08-28 07:34:55'),
('ff8dfbfc7f43dece9317f114d33483014e76df5cd5bfa40bdac47d5f597dd5224b5476b23a666dce', 'e4230fc0ecaddfbec68ec683742ef850a7f4072450bf3fc3f0b410eeab085d4e036a40fb11d4fb9f', 0, '2024-11-07 10:20:37'),
('ffbbb25ccf5cd4febac424c6d090750376c0b36f0e585fea9d6c53714c257abe13264efd08fe57a0', '76cca4d6fe3642b6c5d974fab5defd76cf5a44ceb60af64220336beddb76b875e79aa622a22dfbca', 0, '2024-11-20 09:30:27');

INSERT INTO `ops_bulk_noon_report_cargo_tanks` (`id`, `ops_bulk_noon_report_id`, `cargo_tanks`, `liq_level`, `pressure`, `vapor_temp`, `liq_temp`, `quantity_mt`, `created_at`, `updated_at`) VALUES
(9, 5, NULL, '45', '54', '54', '54', 4.00, '2023-11-27 05:21:19', '2023-11-27 05:21:19');
INSERT INTO `ops_bulk_noon_report_cargo_tanks` (`id`, `ops_bulk_noon_report_id`, `cargo_tanks`, `liq_level`, `pressure`, `vapor_temp`, `liq_temp`, `quantity_mt`, `created_at`, `updated_at`) VALUES
(10, 5, NULL, '54', '54', '54', '454', 4.00, '2023-11-27 05:21:19', '2023-11-27 05:21:19');


INSERT INTO `ops_bulk_noon_report_consumption_heads` (`id`, `ops_bulk_noon_report_consumption_id`, `type`, `amount`, `created_at`, `updated_at`) VALUES
(5, 3, 'ME', 35.00, '2023-11-27 05:21:19', '2023-11-27 05:21:19');
INSERT INTO `ops_bulk_noon_report_consumption_heads` (`id`, `ops_bulk_noon_report_consumption_id`, `type`, `amount`, `created_at`, `updated_at`) VALUES
(6, 3, 'GE', 55.00, '2023-11-27 05:21:19', '2023-11-27 05:21:19');
INSERT INTO `ops_bulk_noon_report_consumption_heads` (`id`, `ops_bulk_noon_report_consumption_id`, `type`, `amount`, `created_at`, `updated_at`) VALUES
(7, 4, 'Blr', 33.00, '2023-11-27 05:21:19', '2023-11-27 05:21:19');
INSERT INTO `ops_bulk_noon_report_consumption_heads` (`id`, `ops_bulk_noon_report_consumption_id`, `type`, `amount`, `created_at`, `updated_at`) VALUES
(8, 4, 'IG', 33.00, '2023-11-27 05:21:19', '2023-11-27 05:21:19');

INSERT INTO `ops_bulk_noon_report_consumptions` (`id`, `ops_bulk_noon_report_id`, `ops_bunker_id`, `scm_material_id`, `type`, `consumption`, `previous_rob`, `received`, `rob`, `created_at`, `updated_at`) VALUES
(3, 5, NULL, 1, NULL, NULL, '5', '54', '44', '2023-11-27 05:21:19', '2023-11-27 05:21:19');
INSERT INTO `ops_bulk_noon_report_consumptions` (`id`, `ops_bulk_noon_report_id`, `ops_bunker_id`, `scm_material_id`, `type`, `consumption`, `previous_rob`, `received`, `rob`, `created_at`, `updated_at`) VALUES
(4, 5, NULL, 2, NULL, NULL, '54', '454', '54', '2023-11-27 05:21:19', '2023-11-27 05:21:19');


INSERT INTO `ops_bulk_noon_report_distances` (`id`, `ops_bulk_noon_report_id`, `cp_ordered_speed`, `reported_speed`, `observed_distance`, `engine_distance`, `main_engine_revs`, `slip_percent`, `salinity`, `ballast`, `average_rpm`, `fwd_draft`, `mild_draft`, `aft_draft`, `heading`, `steaming_hours`, `s_dwt`, `s_displacement`, `status`, `business_unit`, `created_at`, `updated_at`) VALUES
(2, 5, '45', '45', 4.00, 4.00, '45', '4', '45', '544', 455.00, '455', '54', '54', '54', '00:00:22', '45', '45', NULL, NULL, '2023-11-27 05:21:19', '2023-11-27 05:21:19');


INSERT INTO `ops_bulk_noon_report_engine_inputs` (`id`, `ops_bulk_noon_report_id`, `type`, `engine_unit`, `pco`, `rack`, `exh_temp`, `business_unit`, `created_at`, `updated_at`) VALUES
(3, 5, 'ME TC Exh. In', NULL, NULL, '34', '33', NULL, '2023-11-27 05:21:19', '2023-11-27 05:21:19');
INSERT INTO `ops_bulk_noon_report_engine_inputs` (`id`, `ops_bulk_noon_report_id`, `type`, `engine_unit`, `pco`, `rack`, `exh_temp`, `business_unit`, `created_at`, `updated_at`) VALUES
(4, 5, 'ME TC Exh. Out', NULL, NULL, '33', '34', NULL, '2023-11-27 05:21:19', '2023-11-27 05:21:19');


INSERT INTO `ops_bulk_noon_report_ports` (`id`, `ops_bulk_noon_report_id`, `last_port`, `next_port`, `eta`, `distance_run`, `dtg`, `remarks`, `created_at`, `updated_at`) VALUES
(5, 5, NULL, NULL, '2023-11-27T04:04', '45', '45', NULL, '2023-11-27 05:21:19', '2023-11-27 05:21:19');


INSERT INTO `ops_bulk_noon_reports` (`id`, `ops_vessel_id`, `ops_voyage_id`, `ship_master`, `chief_engineer`, `wind_condition`, `type`, `date_time`, `gmt_time`, `location`, `latitude`, `longitude`, `fuel_figures_from`, `fw_last_day_noon_rob`, `fw_production`, `fw_consumption`, `fw_today_noon_rob`, `remarks`, `status`, `business_unit`, `sea_condition`, `created_at`, `updated_at`) VALUES
(5, 7, 6, NULL, NULL, NULL, 'Noon Report', '2023-11-27T04:55', NULL, 'fsdf', '4535', '5445', '35234', '4', '5', '54', '5', 'er', NULL, 'PSML', 'erewr', '2023-11-27 05:21:18', '2023-11-27 05:21:18');








INSERT INTO `ops_bunkers` (`id`, `bunkerable_type`, `bunkerable_id`, `scm_vendor_id`, `scm_material_id`, `unit`, `quantity`, `requested_quantity`, `exchange_rate_bdt`, `exchange_rate_usd`, `rate`, `amount`, `opening_balance`, `amount_usd`, `amount_bdt`, `fuel_con_24h`, `fuel_con_voyage`, `fuel_stock_l`, `bunkering`, `currency`, `status`, `business_unit`, `created_at`, `updated_at`) VALUES
(24, 'Modules\\Operations\\Entities\\OpsVessel', 8, NULL, 1, 'Liter', NULL, NULL, NULL, NULL, NULL, NULL, 1234.00, NULL, NULL, NULL, NULL, NULL, NULL, NULL, NULL, NULL, '2023-10-29 04:29:35', '2023-10-29 04:29:35');
INSERT INTO `ops_bunkers` (`id`, `bunkerable_type`, `bunkerable_id`, `scm_vendor_id`, `scm_material_id`, `unit`, `quantity`, `requested_quantity`, `exchange_rate_bdt`, `exchange_rate_usd`, `rate`, `amount`, `opening_balance`, `amount_usd`, `amount_bdt`, `fuel_con_24h`, `fuel_con_voyage`, `fuel_stock_l`, `bunkering`, `currency`, `status`, `business_unit`, `created_at`, `updated_at`) VALUES
(25, 'Modules\\Operations\\Entities\\OpsVessel', 8, NULL, 3, 'Liter', NULL, NULL, NULL, NULL, NULL, NULL, 1234.00, NULL, NULL, NULL, NULL, NULL, NULL, NULL, NULL, NULL, '2023-10-29 04:29:35', '2023-10-29 04:29:35');
INSERT INTO `ops_bunkers` (`id`, `bunkerable_type`, `bunkerable_id`, `scm_vendor_id`, `scm_material_id`, `unit`, `quantity`, `requested_quantity`, `exchange_rate_bdt`, `exchange_rate_usd`, `rate`, `amount`, `opening_balance`, `amount_usd`, `amount_bdt`, `fuel_con_24h`, `fuel_con_voyage`, `fuel_stock_l`, `bunkering`, `currency`, `status`, `business_unit`, `created_at`, `updated_at`) VALUES
(42, 'Modules\\Operations\\Entities\\OpsVoyage', 6, NULL, 1, 'Liter', NULL, NULL, NULL, NULL, NULL, NULL, 2323.00, NULL, NULL, NULL, NULL, NULL, NULL, NULL, NULL, NULL, '2023-10-31 10:24:01', '2023-10-31 10:24:01');
INSERT INTO `ops_bunkers` (`id`, `bunkerable_type`, `bunkerable_id`, `scm_vendor_id`, `scm_material_id`, `unit`, `quantity`, `requested_quantity`, `exchange_rate_bdt`, `exchange_rate_usd`, `rate`, `amount`, `opening_balance`, `amount_usd`, `amount_bdt`, `fuel_con_24h`, `fuel_con_voyage`, `fuel_stock_l`, `bunkering`, `currency`, `status`, `business_unit`, `created_at`, `updated_at`) VALUES
(43, 'Modules\\Operations\\Entities\\OpsVoyage', 6, NULL, 2, 'Liter', NULL, NULL, NULL, NULL, NULL, NULL, 1233.00, NULL, NULL, NULL, NULL, NULL, NULL, NULL, NULL, NULL, '2023-10-31 10:24:02', '2023-10-31 10:24:02'),
(55, 'Modules\\Operations\\Entities\\OpsLighterNoonReport', 1, NULL, 2, 'Liter', NULL, NULL, NULL, NULL, NULL, NULL, 5672.00, NULL, NULL, NULL, 9090.00, NULL, NULL, NULL, NULL, NULL, '2023-11-09 10:22:13', '2023-11-09 10:22:13'),
(56, 'Modules\\Operations\\Entities\\OpsLighterNoonReport', 2, NULL, 2, 'Liter', NULL, NULL, NULL, NULL, NULL, NULL, 5672.00, NULL, NULL, NULL, 9090.00, NULL, NULL, NULL, NULL, NULL, '2023-11-09 10:22:17', '2023-11-09 10:22:17'),
(58, 'Modules\\Operations\\Entities\\OpsLighterNoonReport', 3, NULL, 2, 'Liter', NULL, NULL, NULL, NULL, NULL, NULL, 5672.00, NULL, NULL, NULL, NULL, NULL, NULL, NULL, NULL, NULL, '2023-11-13 06:24:31', '2023-11-13 06:24:31'),
(59, 'Modules\\Operations\\Entities\\OpsLighterNoonReport', 4, NULL, 2, 'Liter', NULL, NULL, NULL, NULL, NULL, NULL, 5672.00, NULL, NULL, NULL, NULL, NULL, NULL, NULL, NULL, NULL, '2023-11-13 06:35:04', '2023-11-13 06:35:04'),
(80, 'Modules\\Operations\\Entities\\OpsVessel', 6, NULL, 3, 'Liter', NULL, NULL, NULL, NULL, NULL, NULL, 5672.00, NULL, NULL, NULL, NULL, NULL, NULL, NULL, NULL, NULL, '2023-11-14 04:36:28', '2023-11-14 04:36:28'),
(137, 'Modules\\Operations\\Entities\\OpsVessel', 1, NULL, 2, 'Liter', NULL, NULL, NULL, NULL, NULL, NULL, 3434.00, NULL, NULL, NULL, NULL, NULL, NULL, NULL, NULL, NULL, '2023-11-19 04:02:44', '2023-11-19 04:02:44'),
(154, 'Modules\\Operations\\Entities\\OpsVessel', 22, NULL, 1, 'Liter', NULL, NULL, NULL, NULL, NULL, NULL, 234.00, NULL, NULL, NULL, NULL, NULL, NULL, NULL, NULL, NULL, '2023-11-22 05:55:05', '2023-11-22 05:55:05'),
(155, 'Modules\\Operations\\Entities\\OpsVessel', 22, NULL, 2, 'Liter', NULL, NULL, NULL, NULL, NULL, NULL, 345.00, NULL, NULL, NULL, NULL, NULL, NULL, NULL, NULL, NULL, '2023-11-22 05:55:05', '2023-11-22 05:55:05'),
(156, 'Modules\\Operations\\Entities\\OpsHandoverTakeover', 7, NULL, 1, 'Liter', 500.00, NULL, NULL, NULL, 10.00, NULL, 2323.00, 5000.00, 575000.00, NULL, NULL, NULL, NULL, NULL, NULL, NULL, '2023-11-26 09:19:58', '2023-11-26 09:19:58'),
(157, 'Modules\\Operations\\Entities\\OpsHandoverTakeover', 7, NULL, 2, 'Liter', 250.00, NULL, NULL, NULL, 10.00, NULL, 1233.00, 2500.00, 287500.00, NULL, NULL, NULL, NULL, NULL, NULL, NULL, '2023-11-26 09:19:58', '2023-11-26 09:19:58'),
(158, 'Modules\\Operations\\Entities\\OpsVessel', 7, NULL, 1, 'Liter', 500.00, NULL, NULL, NULL, 10.00, NULL, 2323.00, 5000.00, 575000.00, NULL, NULL, NULL, NULL, NULL, NULL, NULL, '2023-11-26 09:19:58', '2023-11-26 09:19:58'),
(159, 'Modules\\Operations\\Entities\\OpsVessel', 7, NULL, 2, 'Liter', 250.00, NULL, NULL, NULL, 10.00, NULL, 1233.00, 2500.00, 287500.00, NULL, NULL, NULL, NULL, NULL, NULL, NULL, '2023-11-26 09:19:58', '2023-11-26 09:19:58'),
(160, 'Modules\\Operations\\Entities\\OpsLighterNoonReport', 5, NULL, 1, 'Liter', NULL, NULL, NULL, NULL, NULL, NULL, 2323.00, NULL, NULL, 142.00, 22.00, NULL, NULL, NULL, NULL, NULL, '2023-11-27 09:21:47', '2023-11-27 09:21:47'),
(161, 'Modules\\Operations\\Entities\\OpsLighterNoonReport', 5, NULL, 2, 'Liter', NULL, NULL, NULL, NULL, NULL, NULL, 1233.00, NULL, NULL, 442.00, 44.00, NULL, NULL, NULL, NULL, NULL, '2023-11-27 09:21:47', '2023-11-27 09:21:47'),
(162, 'Modules\\Operations\\Entities\\OpsVoyage', 9, NULL, 3, 'Liter', NULL, NULL, NULL, NULL, NULL, NULL, 5672.00, NULL, NULL, NULL, NULL, NULL, NULL, NULL, NULL, NULL, '2023-11-27 09:59:20', '2023-11-27 09:59:20'),
(163, 'Modules\\Operations\\Entities\\OpsVoyage', 11, NULL, 3, 'Liter', 50.00, NULL, NULL, NULL, NULL, NULL, 5672.00, NULL, NULL, NULL, NULL, NULL, NULL, NULL, NULL, NULL, '2023-11-27 10:12:12', '2023-11-27 10:12:12'),
(167, 'Modules\\Operations\\Entities\\OpsVoyage', 13, NULL, 3, 'Liter', NULL, NULL, NULL, NULL, NULL, NULL, 5672.00, NULL, NULL, NULL, NULL, NULL, NULL, NULL, NULL, NULL, '2023-11-27 10:52:26', '2023-11-27 10:52:26'),
(168, 'Modules\\Operations\\Entities\\OpsLighterNoonReport', 6, NULL, 1, 'Liter', NULL, NULL, NULL, NULL, NULL, NULL, 2323.00, NULL, NULL, 142.00, 22.00, NULL, NULL, NULL, NULL, NULL, '2023-11-27 10:53:21', '2023-11-27 10:53:21'),
(169, 'Modules\\Operations\\Entities\\OpsLighterNoonReport', 6, NULL, 2, 'Liter', NULL, NULL, NULL, NULL, NULL, NULL, 1233.00, NULL, NULL, 442.00, 44.00, NULL, NULL, NULL, NULL, NULL, '2023-11-27 10:53:21', '2023-11-27 10:53:21'),
(170, 'Modules\\Operations\\Entities\\OpsVoyage', 12, NULL, 3, 'Liter', NULL, NULL, NULL, NULL, NULL, NULL, 5672.00, NULL, NULL, NULL, NULL, NULL, NULL, NULL, NULL, NULL, '2023-11-27 10:53:48', '2023-11-27 10:53:48'),
(175, 'Modules\\Operations\\Entities\\OpsLighterNoonReport', 8, NULL, 1, 'Liter', 500.00, NULL, NULL, NULL, 10.00, NULL, 2323.00, 5000.00, 575000.00, 22.00, 11.00, NULL, NULL, NULL, NULL, NULL, '2023-11-27 11:49:58', '2023-11-27 11:49:58'),
(176, 'Modules\\Operations\\Entities\\OpsLighterNoonReport', 8, NULL, 2, 'Liter', 250.00, NULL, NULL, NULL, 10.00, NULL, 1233.00, 2500.00, 287500.00, 11.00, 22.00, NULL, NULL, NULL, NULL, NULL, '2023-11-27 11:49:58', '2023-11-27 11:49:58');

INSERT INTO `ops_cargo_tariff_lines` (`id`, `ops_cargo_tariff_id`, `particular`, `unit`, `jan`, `feb`, `mar`, `apr`, `may`, `jun`, `jul`, `aug`, `sep`, `oct`, `nov`, `dec`, `business_unit`, `created_at`, `updated_at`) VALUES
(5, 5, 'Quas sit temporibus', 'KG', 35.00, 48.00, 33.00, 93.00, 74.00, 94.00, 48.00, NULL, NULL, NULL, NULL, NULL, NULL, '2023-10-16 04:35:27', '2023-11-13 11:12:19');
INSERT INTO `ops_cargo_tariff_lines` (`id`, `ops_cargo_tariff_id`, `particular`, `unit`, `jan`, `feb`, `mar`, `apr`, `may`, `jun`, `jul`, `aug`, `sep`, `oct`, `nov`, `dec`, `business_unit`, `created_at`, `updated_at`) VALUES
(6, 5, 'Irure voluptas cupid', 'Litre', 61.00, 9.00, 60.00, 79.00, 58.00, 32.00, 15.00, NULL, NULL, NULL, NULL, NULL, NULL, '2023-10-16 04:35:27', '2023-11-13 11:12:19');
INSERT INTO `ops_cargo_tariff_lines` (`id`, `ops_cargo_tariff_id`, `particular`, `unit`, `jan`, `feb`, `mar`, `apr`, `may`, `jun`, `jul`, `aug`, `sep`, `oct`, `nov`, `dec`, `business_unit`, `created_at`, `updated_at`) VALUES
(12, 4, 'Freight Rate Update', 'Litre', 123.00, 212.00, 222.00, 345.00, 232.00, 3123.00, 23.00, 345.00, 422.00, 241.00, 652.00, NULL, NULL, '2023-10-16 06:20:38', '2023-11-13 11:15:09');
INSERT INTO `ops_cargo_tariff_lines` (`id`, `ops_cargo_tariff_id`, `particular`, `unit`, `jan`, `feb`, `mar`, `apr`, `may`, `jun`, `jul`, `aug`, `sep`, `oct`, `nov`, `dec`, `business_unit`, `created_at`, `updated_at`) VALUES
(23, 15, 'afasd', 'p', 100.00, 120.00, 130.00, NULL, NULL, NULL, NULL, NULL, NULL, NULL, NULL, NULL, NULL, '2023-11-21 09:44:32', '2023-11-21 09:44:32'),
(25, 15, 'dsaf', 'p', 123.00, 126.00, 120.00, NULL, NULL, NULL, NULL, NULL, NULL, NULL, NULL, NULL, NULL, '2023-11-21 09:49:14', '2023-11-21 09:49:14'),
(26, 15, 'dsaf', 'p', 123.00, 126.00, 120.00, NULL, NULL, NULL, NULL, NULL, NULL, NULL, NULL, NULL, NULL, '2023-11-21 09:49:14', '2023-11-21 09:49:14'),
(27, 15, 'dsaf', 'p', 123.00, 126.00, 120.00, NULL, NULL, NULL, NULL, NULL, NULL, NULL, NULL, NULL, NULL, '2023-11-21 09:49:14', '2023-11-21 09:49:14'),
(28, 15, 'dsaf', 'p', 123.00, 126.00, 120.00, NULL, NULL, NULL, NULL, NULL, NULL, NULL, NULL, NULL, NULL, '2023-11-21 09:49:14', '2023-11-21 09:49:14');

INSERT INTO `ops_cargo_tariffs` (`id`, `tariff_name`, `ops_vessel_id`, `ops_cargo_type_id`, `loading_point`, `unloading_point`, `currency`, `status`, `business_unit`, `created_at`, `updated_at`) VALUES
(4, 'Tariff of Magnet', 1, 3, 'MONGLA', 'HASNABAD', 'USD', 'Active', 'TSLL', '2023-10-16 04:30:16', '2023-11-13 11:15:09');
INSERT INTO `ops_cargo_tariffs` (`id`, `tariff_name`, `ops_vessel_id`, `ops_cargo_type_id`, `loading_point`, `unloading_point`, `currency`, `status`, `business_unit`, `created_at`, `updated_at`) VALUES
(5, 'Winter Tariff', 1, 3, 'HASNABAD', 'KUTUBDIA', 'USD', 'Active', 'PSML', '2023-10-16 04:35:27', '2023-11-17 13:26:50');
INSERT INTO `ops_cargo_tariffs` (`id`, `tariff_name`, `ops_vessel_id`, `ops_cargo_type_id`, `loading_point`, `unloading_point`, `currency`, `status`, `business_unit`, `created_at`, `updated_at`) VALUES
(15, 'abcd', 6, 2, 'KUTUBDIA', 'HASNABAD', 'USD', 'Active', 'PSML', '2023-11-21 09:44:32', '2023-11-21 09:44:32');

INSERT INTO `ops_cargo_types` (`id`, `cargo_type`, `description`, `business_unit`, `created_at`, `updated_at`) VALUES
(2, 'Stone', 'Stone 2 Inch', NULL, '2023-10-12 07:08:20', '2023-10-12 07:13:25');
INSERT INTO `ops_cargo_types` (`id`, `cargo_type`, `description`, `business_unit`, `created_at`, `updated_at`) VALUES
(3, 'Iron', 'Iron Steel', NULL, '2023-10-12 07:13:38', '2023-10-12 07:16:08');
INSERT INTO `ops_cargo_types` (`id`, `cargo_type`, `description`, `business_unit`, `created_at`, `updated_at`) VALUES
(6, 'Coal', 'Coal is the type of cargo.', NULL, '2023-11-06 04:22:53', '2023-11-17 05:13:50');



INSERT INTO `ops_charterer_bank_accounts` (`id`, `ops_charterer_profile_id`, `bank_id`, `bank_branch_id`, `bank_name`, `bank_branch_name`, `account_name`, `account_no`, `swift_code`, `routing_no`, `currency`, `country`, `state_division`, `city`, `business_unit`, `created_at`, `updated_at`) VALUES
(11, 5, NULL, NULL, 'ab bank', 'Agrabad', 'magnetism tech', '018765456', '123456', '9876', 'BDT', NULL, NULL, NULL, NULL, '2023-11-26 05:44:49', '2023-11-26 05:44:49');
INSERT INTO `ops_charterer_bank_accounts` (`id`, `ops_charterer_profile_id`, `bank_id`, `bank_branch_id`, `bank_name`, `bank_branch_name`, `account_name`, `account_no`, `swift_code`, `routing_no`, `currency`, `country`, `state_division`, `city`, `business_unit`, `created_at`, `updated_at`) VALUES
(12, 1, NULL, NULL, 'Bank', 'Branch', 'Account Holder', 'BankAccount001', 'SW123', 'RT123', 'BDT', NULL, NULL, NULL, NULL, '2023-11-26 05:50:35', '2023-11-26 05:50:35');
INSERT INTO `ops_charterer_bank_accounts` (`id`, `ops_charterer_profile_id`, `bank_id`, `bank_branch_id`, `bank_name`, `bank_branch_name`, `account_name`, `account_no`, `swift_code`, `routing_no`, `currency`, `country`, `state_division`, `city`, `business_unit`, `created_at`, `updated_at`) VALUES
(16, 7, NULL, NULL, 'Bank Asia', 'Agrabad', 'HKD Outdoor Innovations Ltd.', '0989876765', '123456', '876543', 'USD', NULL, NULL, NULL, NULL, '2023-11-26 06:18:57', '2023-11-26 06:18:57');

INSERT INTO `ops_charterer_contracts` (`id`, `contract_type`, `contract_name`, `ops_vessel_id`, `ops_charterer_profile_id`, `country`, `address`, `billing_address`, `email`, `contact_no`, `bank_id`, `bank_branch_id`, `bank_name`, `bank_branch_name`, `bank_account_no`, `bank_account_name`, `swift_code`, `routing_no`, `currency`, `attachment`, `status`, `business_unit`, `created_at`, `updated_at`) VALUES
(22, 'Voyage Wise', 'Contract 001', 6, 1, 'Bangladesh', 'Feni', 'Feni, Chattogram', 'delowar@delowar.me', '01824502831', NULL, NULL, 'Bank', 'Branch', 'BA No', 'BA Name', 'SW123', 'RT123', 'BDT', NULL, 'Active', 'PSML', '2023-11-07 08:48:14', '2023-11-07 08:48:14');
INSERT INTO `ops_charterer_contracts` (`id`, `contract_type`, `contract_name`, `ops_vessel_id`, `ops_charterer_profile_id`, `country`, `address`, `billing_address`, `email`, `contact_no`, `bank_id`, `bank_branch_id`, `bank_name`, `bank_branch_name`, `bank_account_no`, `bank_account_name`, `swift_code`, `routing_no`, `currency`, `attachment`, `status`, `business_unit`, `created_at`, `updated_at`) VALUES
(23, 'Day Wise', 'Contract 002', 7, 1, 'Test T', 'Feni', 'Feni, Chattogram', 'delowar@delowar.me', '01824502831', NULL, NULL, 'Bank', 'Branch', 'MAJ ACC', 'MAJ ACC Name', 'SW123', 'RT123', 'BDT', NULL, '', 'PSML', '2023-11-07 08:59:11', '2023-11-07 08:59:59');
INSERT INTO `ops_charterer_contracts` (`id`, `contract_type`, `contract_name`, `ops_vessel_id`, `ops_charterer_profile_id`, `country`, `address`, `billing_address`, `email`, `contact_no`, `bank_id`, `bank_branch_id`, `bank_name`, `bank_branch_name`, `bank_account_no`, `bank_account_name`, `swift_code`, `routing_no`, `currency`, `attachment`, `status`, `business_unit`, `created_at`, `updated_at`) VALUES
(29, 'Voyage Wise', 'asdf', 6, 1, 'Bangladesh', 'Feni', 'Feni, Chattogram', 'delowar@delowar.me', '01824502831', NULL, NULL, 'Bank', 'Branch', NULL, NULL, 'SW123', 'RT123', 'BDT', NULL, 'Active', 'PSML', '2023-11-16 10:53:14', '2023-11-16 10:53:14');

INSERT INTO `ops_charterer_contracts_financial_terms` (`id`, `ops_charterer_contract_id`, `ops_voyage_id`, `ops_cargo_tariff_id`, `credit_days`, `billing_cycle`, `valid_from`, `valid_till`, `status`, `approximate_load_amount`, `per_mt_charge`, `per_day_charge`, `cleaning_fee`, `cancellation_fee`, `others_fee`, `per_ton_charge`, `bunker_provider`, `created_at`, `updated_at`) VALUES
(40, 22, NULL, 5, NULL, '', NULL, NULL, NULL, NULL, NULL, NULL, 34000.00, 1.80, 20000.00, 15000.00, 'Ship Owner', '2023-11-07 08:59:26', '2023-11-07 08:59:26');
INSERT INTO `ops_charterer_contracts_financial_terms` (`id`, `ops_charterer_contract_id`, `ops_voyage_id`, `ops_cargo_tariff_id`, `credit_days`, `billing_cycle`, `valid_from`, `valid_till`, `status`, `approximate_load_amount`, `per_mt_charge`, `per_day_charge`, `cleaning_fee`, `cancellation_fee`, `others_fee`, `per_ton_charge`, `bunker_provider`, `created_at`, `updated_at`) VALUES
(41, 23, NULL, NULL, '15', 'What \'s Billing Cycle?', '2023-11-01', '2023-11-30', NULL, NULL, NULL, 45000.00, 34000.00, 2.80, 20000.00, NULL, 'By Charterer', '2023-11-07 08:59:59', '2023-11-07 08:59:59');
INSERT INTO `ops_charterer_contracts_financial_terms` (`id`, `ops_charterer_contract_id`, `ops_voyage_id`, `ops_cargo_tariff_id`, `credit_days`, `billing_cycle`, `valid_from`, `valid_till`, `status`, `approximate_load_amount`, `per_mt_charge`, `per_day_charge`, `cleaning_fee`, `cancellation_fee`, `others_fee`, `per_ton_charge`, `bunker_provider`, `created_at`, `updated_at`) VALUES
(45, 29, NULL, 8, NULL, '', NULL, NULL, NULL, NULL, NULL, NULL, 111.00, 12.00, 123.00, 1234.00, '', '2023-11-16 10:53:14', '2023-11-16 10:53:14');

INSERT INTO `ops_charterer_contracts_local_agents` (`id`, `ops_charterer_contract_id`, `port_code`, `agent_name`, `agent_billing_name`, `agent_billing_email`, `created_at`, `updated_at`) VALUES
(6, 22, 'HASNABAD', 'Delowar', 'HiCrad', 'info@hicrad.com', '2023-11-07 08:48:14', '2023-11-07 08:48:14');
INSERT INTO `ops_charterer_contracts_local_agents` (`id`, `ops_charterer_contract_id`, `port_code`, `agent_name`, `agent_billing_name`, `agent_billing_email`, `created_at`, `updated_at`) VALUES
(7, 23, 'KUTUBDIA', 'AgentKutub', 'KUTUB and CO.', 'info@kutub.co', '2023-11-07 08:59:11', '2023-11-07 08:59:11');
INSERT INTO `ops_charterer_contracts_local_agents` (`id`, `ops_charterer_contract_id`, `port_code`, `agent_name`, `agent_billing_name`, `agent_billing_email`, `created_at`, `updated_at`) VALUES
(9, 29, 'HASNABAD', 'sd', 'asdf', 'asdf', '2023-11-16 10:53:14', '2023-11-16 10:53:14');







INSERT INTO `ops_charterer_profiles` (`id`, `company_legal_name`, `name`, `owner_code`, `country`, `contact_no`, `address`, `billing_address`, `billing_email`, `email`, `website`, `business_unit`, `created_at`, `updated_at`) VALUES
(1, 'HiCrad', 'Delowar', 'HiCrad3886', 'Bangladesh', '01824502831', 'Feni', 'Feni, Chattogram', 'delowar@magnetismtech.com', 'delowar@delowar.me', 'https://delowar.me', 'PSML', '2023-10-31 06:51:08', '2023-10-31 06:53:34');
INSERT INTO `ops_charterer_profiles` (`id`, `company_legal_name`, `name`, `owner_code`, `country`, `contact_no`, `address`, `billing_address`, `billing_email`, `email`, `website`, `business_unit`, `created_at`, `updated_at`) VALUES
(5, 'HKD', 'Jahangir Hossain', '123456as', 'China', '01918765432', 'djf;lasdjkf', 'jka;flj', 'ljf@gmail.com', 'alskfj@gma', 'https://www.abc.com', 'PSML', '2023-11-22 06:45:48', '2023-11-26 05:44:49');
INSERT INTO `ops_charterer_profiles` (`id`, `company_legal_name`, `name`, `owner_code`, `country`, `contact_no`, `address`, `billing_address`, `billing_email`, `email`, `website`, `business_unit`, `created_at`, `updated_at`) VALUES
(7, 'HKD International', 'HKD', 'HK1234', 'Bangladesh', '01987675432', 'Potenga, KEPZ', 'K-2, Potenga, Chattogram', 'bill@gmail.com', 'abc@gmail.com', 'http://www.hkd.com', 'PSML', '2023-11-26 06:17:22', '2023-11-26 06:18:15');

INSERT INTO `ops_contract_assigns` (`id`, `ops_vessel_id`, `ops_voyage_id`, `ops_cargo_tariff_id`, `ops_customer_id`, `ops_charterer_profile_id`, `ops_charterer_contract_id`, `assign_date`, `remarks`, `business_unit`, `created_at`, `updated_at`) VALUES
(1, 2, 7, 5, 2, 1, 22, NULL, NULL, 'TSLL', '2023-11-27 06:00:05', '2023-11-27 06:00:05');






INSERT INTO `ops_customers` (`id`, `code`, `legal_name`, `name`, `postal_address`, `city`, `post_code`, `country`, `tax_id`, `business_license_no`, `bin_gst_sst_type`, `bin_gst_sst_no`, `phone`, `company_reg_no`, `email_general`, `email_agreement`, `email_invoice`, `business_unit`, `created_at`, `updated_at`) VALUES
(2, 'MAGT', 'Magnetism Tech Limited', 'Delowar Hossain', 'POSTALADDRESS', 'Chittagong', 'POST1234', 'Bangladesh', 'TAX1234', 'BLICENSE1234', NULL, 'BIN1234', '8801824502831', 'COMPANYREG12', 'email@general.com', 'email@agreement.com', 'email@invoice.com', 'TSLL', '2023-10-12 11:10:27', '2023-11-16 11:55:00');
INSERT INTO `ops_customers` (`id`, `code`, `legal_name`, `name`, `postal_address`, `city`, `post_code`, `country`, `tax_id`, `business_license_no`, `bin_gst_sst_type`, `bin_gst_sst_no`, `phone`, `company_reg_no`, `email_general`, `email_agreement`, `email_invoice`, `business_unit`, `created_at`, `updated_at`) VALUES
(3, 'DFF1234', 'Rabiul', 'Rabiul Islam', 'CTG', 'Chittagram', '4334', 'Bangladesh', 'Rabi43434', '45345345345', NULL, '3434', '01834343445', '45', NULL, NULL, NULL, 'PSML', '2023-11-12 04:30:30', '2023-11-15 09:53:52');




INSERT INTO `ops_handover_takeovers` (`id`, `ops_vessel_id`, `ops_charterer_profile_id`, `note_type`, `effective_date`, `exchange_rate`, `currency`, `remarks`, `business_unit`, `created_at`, `updated_at`) VALUES
(7, 7, 1, 'Delivery', '2023-11-10', 115.00, 'USD', 'Here goes Remarks', 'PSML', '2023-11-07 04:38:38', '2023-11-07 04:38:38');


INSERT INTO `ops_lighter_noon_reports` (`id`, `ops_vessel_id`, `ops_voyage_id`, `ship_master`, `chief_engineer`, `noon_position`, `status`, `engine_running_hours`, `lat_long`, `date`, `last_port`, `next_port`, `business_unit`, `remarks`, `created_at`, `updated_at`) VALUES
(1, 6, 6, 'Master Shifu', 'Engineer Po', 'Southern Atlantic', 'Active', '1332', '1212,121', '2023-11-09 15:50:00', NULL, NULL, 'PSML', 'Here goes remarks', '2023-11-09 10:22:13', '2023-11-09 10:22:13');
INSERT INTO `ops_lighter_noon_reports` (`id`, `ops_vessel_id`, `ops_voyage_id`, `ship_master`, `chief_engineer`, `noon_position`, `status`, `engine_running_hours`, `lat_long`, `date`, `last_port`, `next_port`, `business_unit`, `remarks`, `created_at`, `updated_at`) VALUES
(2, 6, 6, 'Master Shifu', 'Engineer Po', 'Southern Atlantic', 'Active', '1332', '1212,121', '2023-11-09 15:50:00', NULL, NULL, 'PSML', 'Here goes remarks', '2023-11-09 10:22:17', '2023-11-09 10:22:17');
INSERT INTO `ops_lighter_noon_reports` (`id`, `ops_vessel_id`, `ops_voyage_id`, `ship_master`, `chief_engineer`, `noon_position`, `status`, `engine_running_hours`, `lat_long`, `date`, `last_port`, `next_port`, `business_unit`, `remarks`, `created_at`, `updated_at`) VALUES
(3, 6, 6, 'Master Delowar', 'Engineer Delowar', 'Southern River', 'Tide', '1234', '31337, 12323', '2023-11-13 12:10:00', 'KUTUBDIA', 'HASNABAD', 'PSML', 'Here Goes Remarks', '2023-11-13 06:12:11', '2023-11-13 06:24:31');
INSERT INTO `ops_lighter_noon_reports` (`id`, `ops_vessel_id`, `ops_voyage_id`, `ship_master`, `chief_engineer`, `noon_position`, `status`, `engine_running_hours`, `lat_long`, `date`, `last_port`, `next_port`, `business_unit`, `remarks`, `created_at`, `updated_at`) VALUES
(4, 6, 6, 'Master Delowar', 'Engineer Delowar', 'Southern River', 'Tide', '1234', '31337, 12323', '2023-11-13 12:10:00', 'KUTUBDIA', 'HASNABAD', 'PSML', 'Here Goes Remarks', '2023-11-13 06:35:04', '2023-11-13 06:35:04'),
(5, 7, 6, 'Master 1', 'Engineer', 'SEA', 'Active', '32', '3000, 4500', '2023-03-01 02:03:00', 'KUTUBDIA', 'HASNABAD', 'PSML', 'Remark for this.', '2023-11-13 06:40:51', '2023-11-13 11:00:47'),
(6, 6, 12, 'Master 1', 'Engineer', 'SEA', 'Active', '32', '3000, 4500', '2023-03-01 14:03:00', 'KUTUBDIA', 'HASNABAD', 'PSML', 'Remark for this.', '2023-11-14 04:24:44', '2023-11-27 10:53:21'),
(8, 7, 6, 'aaa', 'aaa', 'aaa', NULL, NULL, 'aaa', '2023-11-17 17:22:00', 'KUTUBDIA', 'MONGLA', 'PSML', NULL, '2023-11-27 11:22:43', '2023-11-27 11:49:58');

INSERT INTO `ops_maritime_certifications` (`id`, `name`, `type`, `validity`, `authority`, `business_unit`, `created_at`, `updated_at`) VALUES
(1, 'Environment Safety', 'SEA FITNESS 1', '12 Months 1', 'Environment', NULL, '2023-10-16 09:50:56', '2023-10-26 11:32:19');
INSERT INTO `ops_maritime_certifications` (`id`, `name`, `type`, `validity`, `authority`, `business_unit`, `created_at`, `updated_at`) VALUES
(2, 'Fire Safety', 'SEA FITNESS 2', '12 Months 2', 'Defence', NULL, '2023-10-16 09:50:56', '2023-10-26 11:33:32');
INSERT INTO `ops_maritime_certifications` (`id`, `name`, `type`, `validity`, `authority`, `business_unit`, `created_at`, `updated_at`) VALUES
(3, 'Sea Safety', 'SEA FITNESS 3', '12 Months 3', 'Meritime', NULL, '2023-10-16 09:50:56', '2023-10-26 11:34:18');
INSERT INTO `ops_maritime_certifications` (`id`, `name`, `type`, `validity`, `authority`, `business_unit`, `created_at`, `updated_at`) VALUES
(5, 'IMO', 'Permanent', '12', 'IMO', NULL, '2023-10-26 11:35:06', '2023-10-26 11:35:06');



INSERT INTO `ops_ports` (`id`, `code`, `name`, `is_active`, `business_unit`, `created_at`, `updated_at`) VALUES
(5, 'KUTUBDIA', 'KUTUBDIA', 1, NULL, '2023-10-12 06:37:21', '2023-10-12 06:37:21');
INSERT INTO `ops_ports` (`id`, `code`, `name`, `is_active`, `business_unit`, `created_at`, `updated_at`) VALUES
(6, 'HASNABAD', 'Hasnabad Ghat', 1, NULL, '2023-10-12 07:18:03', '2023-10-12 07:18:03');
INSERT INTO `ops_ports` (`id`, `code`, `name`, `is_active`, `business_unit`, `created_at`, `updated_at`) VALUES
(9, 'MONGLA', 'MONGLA', 1, NULL, '2023-11-06 04:21:01', '2023-11-12 06:39:04');
INSERT INTO `ops_ports` (`id`, `code`, `name`, `is_active`, `business_unit`, `created_at`, `updated_at`) VALUES
(32, 'AGRA', 'Agrabad, CTG', 1, NULL, '2023-11-21 09:09:48', '2023-11-21 09:10:50');

INSERT INTO `ops_vessel_certificates` (`id`, `ops_vessel_id`, `ops_maritime_certification_id`, `issue_date`, `expire_date`, `attachment`, `status`, `reference_number`, `business_unit`, `created_by`, `created_at`, `updated_at`) VALUES
(91, 1, 2, NULL, NULL, NULL, NULL, NULL, 'TSLL', NULL, '2023-11-19 04:02:44', '2023-11-19 04:02:44');
INSERT INTO `ops_vessel_certificates` (`id`, `ops_vessel_id`, `ops_maritime_certification_id`, `issue_date`, `expire_date`, `attachment`, `status`, `reference_number`, `business_unit`, `created_by`, `created_at`, `updated_at`) VALUES
(102, 7, 1, '2023-10-31', '2024-10-31', 'ops/vessel_certificates/rE1MF8qGVS1698748261.png', NULL, 'DGDDS34', 'PSML', NULL, '2023-11-20 09:50:25', '2023-11-20 09:50:25');
INSERT INTO `ops_vessel_certificates` (`id`, `ops_vessel_id`, `ops_maritime_certification_id`, `issue_date`, `expire_date`, `attachment`, `status`, `reference_number`, `business_unit`, `created_by`, `created_at`, `updated_at`) VALUES
(105, 2, 1, NULL, NULL, NULL, NULL, NULL, 'TSLL', NULL, '2023-11-21 09:30:04', '2023-11-21 09:30:04');
INSERT INTO `ops_vessel_certificates` (`id`, `ops_vessel_id`, `ops_maritime_certification_id`, `issue_date`, `expire_date`, `attachment`, `status`, `reference_number`, `business_unit`, `created_by`, `created_at`, `updated_at`) VALUES
(106, 22, 2, NULL, NULL, NULL, NULL, NULL, 'PSML', NULL, '2023-11-22 05:55:05', '2023-11-22 05:55:05'),
(107, 22, 3, NULL, NULL, NULL, NULL, NULL, 'PSML', NULL, '2023-11-22 05:55:05', '2023-11-22 05:55:05');



INSERT INTO `ops_vessel_particulars` (`id`, `ops_vessel_id`, `vessel_type`, `class_no`, `loa`, `depth`, `ecdis_type`, `maker_ssas`, `engine_type`, `name`, `previous_name`, `short_code`, `manager`, `delivery_date`, `call_sign`, `owner_name`, `classification`, `flag`, `previous_flag`, `port_of_registry`, `nrt`, `dwt`, `imo`, `grt`, `official_number`, `keel_laying_date`, `launching_date`, `mmsi`, `year_built`, `capacity`, `total_cargo_hold`, `tues_capacity`, `overall_length`, `overall_width`, `depth_moulded`, `bhp`, `email`, `lbc`, `attachment`, `remarks`, `business_unit`, `created_at`, `updated_at`) VALUES
(1, 6, 'Bulk', '', '', NULL, '', '', '', '', NULL, 'BEMP', 'Delowar', '2023-11-14', 'B-EMPRESS', 'BASHUNDHARA GROUP', 'df', 'Bangladesh', NULL, 'KUTUBDIA', '45', '45', '445657657', '45', '454543534', '2021-01-12 00:00:00', '2023-10-17', '45', '2023', 34.00, '34', 34.00, 34.00, 34.00, NULL, '', '', '', 'null', '', 'PSML', '2023-11-27 08:47:16', '2023-11-27 08:55:45');
INSERT INTO `ops_vessel_particulars` (`id`, `ops_vessel_id`, `vessel_type`, `class_no`, `loa`, `depth`, `ecdis_type`, `maker_ssas`, `engine_type`, `name`, `previous_name`, `short_code`, `manager`, `delivery_date`, `call_sign`, `owner_name`, `classification`, `flag`, `previous_flag`, `port_of_registry`, `nrt`, `dwt`, `imo`, `grt`, `official_number`, `keel_laying_date`, `launching_date`, `mmsi`, `year_built`, `capacity`, `total_cargo_hold`, `tues_capacity`, `overall_length`, `overall_width`, `depth_moulded`, `bhp`, `email`, `lbc`, `attachment`, `remarks`, `business_unit`, `created_at`, `updated_at`) VALUES
(2, 7, 'Bulk', '', '', NULL, '', '', '', '', NULL, 'BM-BG', 'BG Group', '2023-10-18', 'B-MAJESTY', 'BASHUNDHARA GROUP', 'Bashundhara', 'Russia', NULL, 'HASNABAD', '543', '545', '5345345345', '345', '1143534776', '2023-02-21 00:00:00', '2023-10-17', '23', '2023', 2322.00, '23', 2322.00, 3234.00, 23.00, NULL, '', '', '', NULL, '', 'PSML', '2023-11-27 08:56:56', '2023-11-27 08:56:56');


INSERT INTO `ops_vessels` (`id`, `vessel_type`, `name`, `previous_name`, `short_code`, `call_sign`, `owner_name`, `manager`, `classification`, `flag`, `previous_flag`, `port_of_registry`, `delivery_date`, `nrt`, `dwt`, `imo`, `grt`, `official_number`, `keel_laying_date`, `launching_date`, `mmsi`, `overall_length`, `overall_width`, `year_built`, `capacity`, `total_cargo_hold`, `live_tracking_config`, `remarks`, `business_unit`, `created_at`, `updated_at`) VALUES
(1, 'Lighter', 'MV. RANIA 5', NULL, 'RANIA5', 'RANIA-5', 'BASHUNDHARA GROUP', 'gfgfg', 'eterwrw', 'Bangladesh', NULL, 'KUTUBDIA', '2023-11-16', '0', '0', '8545445356', '0', '01827665475', '2023-10-12', '2023-10-23', 'gtgtg', 5695.88, 3456.70, '2023', 1233.00, '45', NULL, 'MV RANIA 5 is Operat', 'TSLL', '2023-10-10 10:19:49', '2023-11-19 04:02:44');
INSERT INTO `ops_vessels` (`id`, `vessel_type`, `name`, `previous_name`, `short_code`, `call_sign`, `owner_name`, `manager`, `classification`, `flag`, `previous_flag`, `port_of_registry`, `delivery_date`, `nrt`, `dwt`, `imo`, `grt`, `official_number`, `keel_laying_date`, `launching_date`, `mmsi`, `overall_length`, `overall_width`, `year_built`, `capacity`, `total_cargo_hold`, `live_tracking_config`, `remarks`, `business_unit`, `created_at`, `updated_at`) VALUES
(2, 'Lighter', 'MV. RANIA 6', NULL, 'RANIA6', 'RANIA-6', 'BASHUNDHARA GROUP', 'gfgfg', 'eterwrw', 'Bangladesh', NULL, 'KUTUBDIA', '2023-11-21', '0', '0', '8545445356', '0', '01827665475', '2023-10-12', '2023-10-23', 'gtgtg', 5695.88, 3456.70, '2023', 45353.56, '45', NULL, 'dfsdf', 'TSLL', '2023-10-10 10:19:49', '2023-11-21 09:29:36');
INSERT INTO `ops_vessels` (`id`, `vessel_type`, `name`, `previous_name`, `short_code`, `call_sign`, `owner_name`, `manager`, `classification`, `flag`, `previous_flag`, `port_of_registry`, `delivery_date`, `nrt`, `dwt`, `imo`, `grt`, `official_number`, `keel_laying_date`, `launching_date`, `mmsi`, `overall_length`, `overall_width`, `year_built`, `capacity`, `total_cargo_hold`, `live_tracking_config`, `remarks`, `business_unit`, `created_at`, `updated_at`) VALUES
(3, 'Lighter', 'MV. RANIA 7', NULL, 'RANIA7', 'RANIA-7', 'BASHUNDHARA GROUP', 'dfsd', 'fdsf', 'Bangladesh', NULL, 'HASNABAD', NULL, '565', '565', '54535', '56645', '6564564565', '2023-10-17', '2023-10-17', '545', 5.00, 5.00, '2012', 445.00, '45', NULL, 'rtret', 'TSLL', '2023-10-17 09:11:06', '2023-10-17 09:11:06');
INSERT INTO `ops_vessels` (`id`, `vessel_type`, `name`, `previous_name`, `short_code`, `call_sign`, `owner_name`, `manager`, `classification`, `flag`, `previous_flag`, `port_of_registry`, `delivery_date`, `nrt`, `dwt`, `imo`, `grt`, `official_number`, `keel_laying_date`, `launching_date`, `mmsi`, `overall_length`, `overall_width`, `year_built`, `capacity`, `total_cargo_hold`, `live_tracking_config`, `remarks`, `business_unit`, `created_at`, `updated_at`) VALUES
(6, 'Bulk', 'BASHUNDHARA EMPRESS', NULL, 'BE2323', 'B-EMPRESS', 'BASHUNDHARA GROUP', 'fd', 'df', 'Bangladesh', NULL, 'KUTUBDIA', '2023-11-14', '45', '45', '445657657', '45', '454543534', '2021-01-12', '2023-10-17', '45', 34.00, 34.00, '2023', 34.00, '34', NULL, '343', 'PSML', '2023-10-17 09:57:13', '2023-11-14 04:36:28'),
(7, 'Bulk', 'BASHUNDHARA MAJESTY', NULL, 'BE2324', 'B-MAJESTY', 'BASHUNDHARA GROUP', 'Mr. Deluar', 'Bashundhara', 'Russia', NULL, 'HASNABAD', '2023-10-18', '543', '545', '5345345345', '345', '1143534776', '2023-02-21', '2023-10-17', '23', 3234.00, 23.00, '2023', 2322.00, '23', NULL, 'This is torony vessel.', 'PSML', '2023-10-17 10:07:17', '2023-11-20 09:50:25'),
(22, 'Lighter', 'BD Cloud', NULL, 'BDC', 'BDCBD', 'Pacific', 'PSML', 'ddd', 'BD', NULL, 'MONGLA', '2023-11-20', '123', '123', '12312312312', '123', '12312312434', '2023-11-20', '2023-11-20', '123', 13.32, 32.12, '1999', 323.23, '123', NULL, '123', 'PSML', '2023-11-20 08:51:31', '2023-11-20 09:47:53');

INSERT INTO `ops_voyage_boat_note_lines` (`id`, `ops_voyage_boat_note_id`, `voyage_note_type`, `voyage_sector_id`, `loading_point`, `unloading_point`, `date`, `discharge_date`, `attachment`, `quantity`, `business_unit`, `created_at`, `updated_at`) VALUES
(1, 5, 'Boat Note', 0, '', '', NULL, NULL, NULL, NULL, NULL, '2023-11-09 11:45:31', '2023-11-09 11:45:31');
INSERT INTO `ops_voyage_boat_note_lines` (`id`, `ops_voyage_boat_note_id`, `voyage_note_type`, `voyage_sector_id`, `loading_point`, `unloading_point`, `date`, `discharge_date`, `attachment`, `quantity`, `business_unit`, `created_at`, `updated_at`) VALUES
(2, 5, 'Boat Note', 0, '', '', NULL, NULL, NULL, NULL, NULL, '2023-11-09 11:45:31', '2023-11-09 11:45:31');
INSERT INTO `ops_voyage_boat_note_lines` (`id`, `ops_voyage_boat_note_id`, `voyage_note_type`, `voyage_sector_id`, `loading_point`, `unloading_point`, `date`, `discharge_date`, `attachment`, `quantity`, `business_unit`, `created_at`, `updated_at`) VALUES
(3, 6, 'Boat Note', 0, '', '', NULL, NULL, 'ops/voyage/boat_note_line/L5tAigABCS1699530623.png', NULL, NULL, '2023-11-09 11:50:23', '2023-11-09 11:50:23');
INSERT INTO `ops_voyage_boat_note_lines` (`id`, `ops_voyage_boat_note_id`, `voyage_note_type`, `voyage_sector_id`, `loading_point`, `unloading_point`, `date`, `discharge_date`, `attachment`, `quantity`, `business_unit`, `created_at`, `updated_at`) VALUES
(4, 6, 'Boat Note', 0, '', '', NULL, NULL, 'null', NULL, NULL, '2023-11-09 11:50:23', '2023-11-09 11:50:23'),
(5, 7, 'Boat Note', 0, '', '', NULL, NULL, 'null', NULL, NULL, '2023-11-12 08:57:02', '2023-11-12 08:57:02'),
(6, 7, 'Boat Note', 0, '', '', NULL, NULL, 'null', NULL, NULL, '2023-11-12 08:57:02', '2023-11-12 08:57:02'),
(7, 8, 'Boat Note', 0, '', '', NULL, NULL, 'ops/voyage/boat_note_line/ecPZyVqjsu1699779517.png', NULL, NULL, '2023-11-12 08:58:37', '2023-11-12 08:58:37'),
(8, 8, 'Boat Note', 0, '', '', NULL, NULL, 'null', NULL, NULL, '2023-11-12 08:58:37', '2023-11-12 08:58:37'),
(9, 9, 'Boat Note', 0, '', '', NULL, NULL, 'ops/voyage/boat_note_line/USDb3UISKv1699854873.png', NULL, NULL, '2023-11-13 05:54:33', '2023-11-13 05:54:33'),
(10, 9, 'Boat Note', 0, '', '', NULL, NULL, 'null', NULL, NULL, '2023-11-13 05:54:33', '2023-11-13 05:54:33'),
(11, 10, 'Boat Note', 0, '', '', NULL, NULL, 'ops/voyage/boat_note_line/oKHlo1kHUW1699855826.png', NULL, NULL, '2023-11-13 06:10:26', '2023-11-13 06:10:26'),
(12, 10, 'Boat Note', 0, '', '', NULL, NULL, 'null', NULL, NULL, '2023-11-13 06:10:26', '2023-11-13 06:10:26'),
(15, 12, 'Boat Note', 0, '', '', NULL, NULL, 'null', NULL, NULL, '2023-11-13 06:12:03', '2023-11-13 06:12:03'),
(16, 12, 'Boat Note', 0, '', '', NULL, NULL, 'null', NULL, NULL, '2023-11-13 06:12:03', '2023-11-13 06:12:03'),
(17, 13, 'Boat Note', 0, '', '', NULL, NULL, 'null', NULL, NULL, '2023-11-13 06:13:26', '2023-11-13 06:13:26'),
(18, 13, 'Boat Note', 0, '', '', NULL, NULL, 'null', NULL, NULL, '2023-11-13 06:13:26', '2023-11-13 06:13:26'),
(19, 14, 'Boat Note', 0, '', '', NULL, NULL, 'null', NULL, NULL, '2023-11-13 06:17:35', '2023-11-13 06:17:35'),
(20, 14, 'Boat Note', 0, '', '', NULL, NULL, 'null', NULL, NULL, '2023-11-13 06:17:35', '2023-11-13 06:17:35'),
(21, 15, 'Boat Note', 0, '', '', NULL, NULL, 'null', NULL, NULL, '2023-11-21 09:06:50', '2023-11-21 09:06:50'),
(22, 15, 'Boat Note', 0, '', '', NULL, NULL, 'null', NULL, NULL, '2023-11-21 09:06:50', '2023-11-21 09:06:50'),
(23, 15, 'Boat Note', 0, '', '', NULL, NULL, 'null', NULL, NULL, '2023-11-21 09:06:50', '2023-11-21 09:06:50'),
(24, 15, 'Boat Note', 0, '', '', NULL, NULL, 'null', NULL, NULL, '2023-11-21 09:06:50', '2023-11-21 09:06:50'),
(25, 15, 'Boat Note', 0, '', '', NULL, NULL, 'null', NULL, NULL, '2023-11-21 09:06:50', '2023-11-21 09:06:50'),
(26, 15, 'Boat Note', 0, '', '', NULL, NULL, 'null', NULL, NULL, '2023-11-21 09:06:50', '2023-11-21 09:06:50'),
(27, 16, 'Boat Note', 0, '', '', NULL, NULL, 'null', 55, NULL, '2023-11-21 09:14:18', '2023-11-21 09:14:18'),
(28, 16, 'Boat Note', 0, '', '', NULL, NULL, 'null', 66, NULL, '2023-11-21 09:14:18', '2023-11-21 09:14:18'),
(29, 16, 'Final Survey', 0, '', '', NULL, NULL, 'null', 77, NULL, '2023-11-21 09:14:18', '2023-11-21 09:14:18'),
(30, 16, 'Final Survey', 0, '', '', NULL, NULL, 'null', 77, NULL, '2023-11-21 09:14:18', '2023-11-21 09:14:18'),
(31, 16, 'Receipt Copy', 0, '', '', NULL, NULL, 'null', 87, NULL, '2023-11-21 09:14:18', '2023-11-21 09:14:18'),
(32, 16, 'Receipt Copy', 0, '', '', NULL, NULL, 'null', 78, NULL, '2023-11-21 09:14:18', '2023-11-21 09:14:18'),
(37, 11, 'Boat Note', 15, 'KUTUBDIA', 'MONGLA', NULL, NULL, 'ops/voyage/boat_note_line/9NtlzxLU2z1700719035.png', 23, NULL, '2023-11-23 06:02:21', '2023-11-23 06:02:21'),
(38, 11, 'Boat Note', 16, 'MONGLA', 'KUTUBDIA', NULL, NULL, 'null', 32, NULL, '2023-11-23 06:02:21', '2023-11-23 06:02:21'),
(39, 17, 'Boat Note', NULL, 'KUTUBDIA', 'HASNABAD', NULL, NULL, 'ops/voyage/boat_note_line/Vick30AQPm1700719742.png', 454, NULL, '2023-11-23 06:09:02', '2023-11-23 06:09:02'),
(40, 17, 'Boat Note', NULL, 'HASNABAD', 'KUTUBDIA', NULL, NULL, 'null', 43, NULL, '2023-11-23 06:09:02', '2023-11-23 06:09:02'),
(41, 17, 'Final Survey', NULL, 'KUTUBDIA', 'HASNABAD', NULL, NULL, 'null', 46, NULL, '2023-11-23 06:09:02', '2023-11-23 06:09:02'),
(42, 17, 'Final Survey', NULL, 'HASNABAD', 'KUTUBDIA', NULL, NULL, 'ops/voyage/boat_note_line/oI3iMzCm8t1700719742.png', 66, NULL, '2023-11-23 06:09:02', '2023-11-23 06:09:02'),
(43, 17, 'Receipt Copy', NULL, 'KUTUBDIA', 'HASNABAD', NULL, NULL, 'null', 77, NULL, '2023-11-23 06:09:02', '2023-11-23 06:09:02'),
(44, 17, 'Receipt Copy', NULL, 'HASNABAD', 'KUTUBDIA', NULL, NULL, 'null', 54, NULL, '2023-11-23 06:09:02', '2023-11-23 06:09:02'),
(51, 18, 'Boat Note', 15, 'KUTUBDIA', 'HASNABAD', NULL, NULL, 'null', 65, NULL, '2023-11-23 06:29:57', '2023-11-23 06:29:57'),
(52, 18, 'Boat Note', 16, 'HASNABAD', 'KUTUBDIA', NULL, NULL, 'null', 65, NULL, '2023-11-23 06:29:57', '2023-11-23 06:29:57'),
(53, 18, 'Final Survey', 15, 'KUTUBDIA', 'HASNABAD', NULL, NULL, 'ops/voyage/boat_note_line/81Ej35NQsB1700719892.png', NULL, NULL, '2023-11-23 06:29:57', '2023-11-23 06:29:57'),
(54, 18, 'Final Survey', 16, 'HASNABAD', 'KUTUBDIA', NULL, NULL, 'null', NULL, NULL, '2023-11-23 06:29:57', '2023-11-23 06:29:57'),
(55, 18, 'Receipt Copy', 15, 'KUTUBDIA', 'HASNABAD', NULL, NULL, 'null', NULL, NULL, '2023-11-23 06:29:57', '2023-11-23 06:29:57'),
(56, 18, 'Receipt Copy', 16, 'HASNABAD', 'KUTUBDIA', NULL, NULL, 'ops/voyage/boat_note_line/11VRfjU6ZD1700719892.png', NULL, NULL, '2023-11-23 06:29:57', '2023-11-23 06:29:57');

INSERT INTO `ops_voyage_boat_notes` (`id`, `ops_voyage_id`, `ops_vessel_id`, `type`, `vessel_draft`, `water_density`, `business_unit`, `created_at`, `updated_at`) VALUES
(5, 6, 7, 'Boat Note', '', '', 'PSML', '2023-11-09 11:45:31', '2023-11-09 11:45:31');
INSERT INTO `ops_voyage_boat_notes` (`id`, `ops_voyage_id`, `ops_vessel_id`, `type`, `vessel_draft`, `water_density`, `business_unit`, `created_at`, `updated_at`) VALUES
(6, 6, 7, 'Boat Note', '', '', 'PSML', '2023-11-09 11:50:23', '2023-11-09 11:50:23');
INSERT INTO `ops_voyage_boat_notes` (`id`, `ops_voyage_id`, `ops_vessel_id`, `type`, `vessel_draft`, `water_density`, `business_unit`, `created_at`, `updated_at`) VALUES
(7, 6, 7, 'Boat Note', '', '', 'PSML', '2023-11-12 08:57:02', '2023-11-12 08:57:02');
INSERT INTO `ops_voyage_boat_notes` (`id`, `ops_voyage_id`, `ops_vessel_id`, `type`, `vessel_draft`, `water_density`, `business_unit`, `created_at`, `updated_at`) VALUES
(8, 6, 7, 'Boat Note', '', '', 'PSML', '2023-11-12 08:58:37', '2023-11-12 08:58:37'),
(9, 6, 7, 'Boat Note', '', '', 'PSML', '2023-11-13 05:54:33', '2023-11-13 05:54:33'),
(10, 6, 7, 'Boat Note', '', '', 'PSML', '2023-11-13 06:10:26', '2023-11-13 06:10:26'),
(11, 6, 7, 'Boat Note', '', '', 'PSML', '2023-11-13 06:11:27', '2023-11-13 06:11:27'),
(12, 6, 7, 'Boat Note', '', '', 'PSML', '2023-11-13 06:12:03', '2023-11-13 06:12:03'),
(13, 6, 7, 'Final Survey', '', '', 'PSML', '2023-11-13 06:13:26', '2023-11-13 06:13:26'),
(14, 6, 7, 'Receipt Copy', '', '', 'PSML', '2023-11-13 06:17:35', '2023-11-13 06:17:35'),
(15, 6, 7, '', '34', '44', 'PSML', '2023-11-21 09:06:50', '2023-11-21 09:06:50'),
(16, 6, 7, '', '34', '44', 'PSML', '2023-11-21 09:14:18', '2023-11-21 09:14:18'),
(17, 6, 7, '', '45', '53.996', 'PSML', '2023-11-23 06:09:02', '2023-11-23 06:09:02'),
(18, 6, 7, '', '54', '55', 'PSML', '2023-11-23 06:11:32', '2023-11-23 06:11:32');









INSERT INTO `ops_voyage_port_schedules` (`id`, `ops_voyage_id`, `port_code`, `ata`, `eta`, `atb`, `etb`, `atd`, `etd`, `load_commence`, `load_complete`, `unload_commence`, `unload_complete`, `operation_type`, `business_unit`, `created_at`, `updated_at`) VALUES
(11, 6, 'KUTUBDIA', '2023-10-31 02:03:00', NULL, '2023-11-01 23:02:00', NULL, '2023-11-02 02:03:00', NULL, '2023-11-03T03:04', '2023-11-03 04:04:00', '2023-11-10T04:04', '2023-11-11 04:04:00', 'Loading', NULL, '2023-10-31 10:24:01', '2023-10-31 10:24:01');
INSERT INTO `ops_voyage_port_schedules` (`id`, `ops_voyage_id`, `port_code`, `ata`, `eta`, `atb`, `etb`, `atd`, `etd`, `load_commence`, `load_complete`, `unload_commence`, `unload_complete`, `operation_type`, `business_unit`, `created_at`, `updated_at`) VALUES
(12, 9, 'KUTUBDIA', NULL, NULL, NULL, NULL, NULL, NULL, NULL, NULL, NULL, NULL, 'Loading', NULL, '2023-11-27 09:59:20', '2023-11-27 09:59:20');
INSERT INTO `ops_voyage_port_schedules` (`id`, `ops_voyage_id`, `port_code`, `ata`, `eta`, `atb`, `etb`, `atd`, `etd`, `load_commence`, `load_complete`, `unload_commence`, `unload_complete`, `operation_type`, `business_unit`, `created_at`, `updated_at`) VALUES
(13, 11, 'HASNABAD', NULL, NULL, NULL, NULL, NULL, NULL, NULL, NULL, NULL, NULL, 'Loading', NULL, '2023-11-27 10:12:12', '2023-11-27 10:12:12');
INSERT INTO `ops_voyage_port_schedules` (`id`, `ops_voyage_id`, `port_code`, `ata`, `eta`, `atb`, `etb`, `atd`, `etd`, `load_commence`, `load_complete`, `unload_commence`, `unload_complete`, `operation_type`, `business_unit`, `created_at`, `updated_at`) VALUES
(16, 13, 'KUTUBDIA', NULL, NULL, NULL, NULL, NULL, NULL, NULL, NULL, NULL, NULL, 'Loading', NULL, '2023-11-27 10:52:26', '2023-11-27 10:52:26'),
(17, 13, 'KUTUBDIA', NULL, NULL, NULL, NULL, NULL, NULL, NULL, NULL, NULL, NULL, 'Loading', NULL, '2023-11-27 10:52:26', '2023-11-27 10:52:26'),
(18, 12, 'KUTUBDIA', NULL, NULL, NULL, NULL, NULL, NULL, NULL, NULL, NULL, NULL, 'Loading', NULL, '2023-11-27 10:53:48', '2023-11-27 10:53:48'),
(19, 12, 'KUTUBDIA', NULL, NULL, NULL, NULL, NULL, NULL, NULL, NULL, NULL, NULL, 'Loading', NULL, '2023-11-27 10:53:48', '2023-11-27 10:53:48');

INSERT INTO `ops_voyage_sectors` (`id`, `ops_voyage_id`, `loading_point`, `unloading_point`, `rate`, `initial_survey_qty`, `approx_amount`, `discount`, `discount_amount`, `approx_amount_after_disscount`, `final_survey_qty`, `final_received_qty`, `latest_qty`, `boat_note_qty`, `business_unit`, `created_at`, `updated_at`) VALUES
(15, 6, 'KUTUBDIA', 'HASNABAD', '123', 2000.00, NULL, NULL, NULL, NULL, NULL, NULL, NULL, 65.00, NULL, '2023-10-31 10:24:01', '2023-11-23 06:29:57');
INSERT INTO `ops_voyage_sectors` (`id`, `ops_voyage_id`, `loading_point`, `unloading_point`, `rate`, `initial_survey_qty`, `approx_amount`, `discount`, `discount_amount`, `approx_amount_after_disscount`, `final_survey_qty`, `final_received_qty`, `latest_qty`, `boat_note_qty`, `business_unit`, `created_at`, `updated_at`) VALUES
(16, 6, 'HASNABAD', 'KUTUBDIA', '126', 2000.00, NULL, NULL, NULL, NULL, NULL, NULL, NULL, 65.00, NULL, '2023-10-31 10:24:01', '2023-11-23 06:29:57');
INSERT INTO `ops_voyage_sectors` (`id`, `ops_voyage_id`, `loading_point`, `unloading_point`, `rate`, `initial_survey_qty`, `approx_amount`, `discount`, `discount_amount`, `approx_amount_after_disscount`, `final_survey_qty`, `final_received_qty`, `latest_qty`, `boat_note_qty`, `business_unit`, `created_at`, `updated_at`) VALUES
(17, 9, 'KUTUBDIA', 'HASNABAD', NULL, 748.00, NULL, NULL, NULL, NULL, NULL, NULL, NULL, NULL, NULL, '2023-11-27 09:59:20', '2023-11-27 09:59:20');
INSERT INTO `ops_voyage_sectors` (`id`, `ops_voyage_id`, `loading_point`, `unloading_point`, `rate`, `initial_survey_qty`, `approx_amount`, `discount`, `discount_amount`, `approx_amount_after_disscount`, `final_survey_qty`, `final_received_qty`, `latest_qty`, `boat_note_qty`, `business_unit`, `created_at`, `updated_at`) VALUES
(18, 9, 'KUTUBDIA', 'KUTUBDIA', NULL, 45578.00, NULL, NULL, NULL, NULL, NULL, NULL, NULL, NULL, NULL, '2023-11-27 09:59:20', '2023-11-27 09:59:20'),
(19, 11, 'HASNABAD', 'KUTUBDIA', NULL, 500.00, NULL, NULL, NULL, NULL, NULL, NULL, NULL, NULL, NULL, '2023-11-27 10:12:12', '2023-11-27 10:12:12'),
(21, 13, 'KUTUBDIA', 'KUTUBDIA', NULL, 87.00, NULL, NULL, NULL, NULL, NULL, NULL, NULL, NULL, NULL, '2023-11-27 10:52:26', '2023-11-27 10:52:26'),
(22, 7, 'KUTUBDIA', 'HASNABAD', NULL, 45.00, NULL, NULL, NULL, NULL, NULL, NULL, NULL, NULL, NULL, '2023-11-27 10:53:48', '2023-11-27 10:53:48'),
(23, 7, 'HASNABAD', 'HASNABAD', NULL, 53.00, NULL, NULL, NULL, NULL, NULL, NULL, NULL, NULL, NULL, '2023-11-27 10:53:48', '2023-11-27 10:53:48');

INSERT INTO `ops_voyages` (`id`, `ops_customer_id`, `ops_vessel_id`, `mother_vessel`, `ops_cargo_type_id`, `ops_cargo_tariff_id`, `voyage_sequence`, `voyage_no`, `route`, `load_port_distance`, `sail_date`, `transit_date`, `remarks`, `status`, `business_unit`, `created_at`, `updated_at`) VALUES
(6, 2, 7, 'BCGS APURBO BANGLA', 3, NULL, 'APURBO001B', '1234', '1234', '1234', '2023-10-31 02:19:00', '2023-10-31 02:19:00', 'BCGS APURBO BANGLA', NULL, 'PSML', '2023-10-31 04:21:21', '2023-10-31 10:24:00');
INSERT INTO `ops_voyages` (`id`, `ops_customer_id`, `ops_vessel_id`, `mother_vessel`, `ops_cargo_type_id`, `ops_cargo_tariff_id`, `voyage_sequence`, `voyage_no`, `route`, `load_port_distance`, `sail_date`, `transit_date`, `remarks`, `status`, `business_unit`, `created_at`, `updated_at`) VALUES
(7, 2, 1, 'BANGA BARTA', 3, NULL, 'BARTA001L', '1234', '1234', '1234', '2023-10-31 02:19:00', '2023-10-31 02:19:00', 'BANGA BARTA', NULL, 'TSLL', '2023-10-31 04:21:21', '2023-10-31 10:24:00');
INSERT INTO `ops_voyages` (`id`, `ops_customer_id`, `ops_vessel_id`, `mother_vessel`, `ops_cargo_type_id`, `ops_cargo_tariff_id`, `voyage_sequence`, `voyage_no`, `route`, `load_port_distance`, `sail_date`, `transit_date`, `remarks`, `status`, `business_unit`, `created_at`, `updated_at`) VALUES
(9, 3, 6, 'BANGA BIJOY', 2, NULL, 'BIJOY001B', 'dsa', 'sad', '15', '2023-11-27 15:00:00', '2023-11-27 15:01:00', 'BANGA BIJOY', NULL, 'PSML', '2023-11-27 09:59:20', '2023-11-27 09:59:20');
INSERT INTO `ops_voyages` (`id`, `ops_customer_id`, `ops_vessel_id`, `mother_vessel`, `ops_cargo_type_id`, `ops_cargo_tariff_id`, `voyage_sequence`, `voyage_no`, `route`, `load_port_distance`, `sail_date`, `transit_date`, `remarks`, `status`, `business_unit`, `created_at`, `updated_at`) VALUES
(11, 3, 6, 'BANGLAR KAKOLI', 2, NULL, 'KAKOLI001B', 'ewr', 'ewr', '595', '2023-11-27 16:14:00', '2023-11-27 16:15:00', 'BANGLAR KAKOLI', NULL, 'PSML', '2023-11-27 10:12:12', '2023-11-27 10:12:12'),
(12, 3, 6, 'BANGLAR KALLOL', 2, NULL, 'KALLOL001B', '564', 'gfg', '65', '2023-11-24 16:42:00', '2023-11-27 16:44:00', 'BANGLAR KALLOL', NULL, 'PSML', '2023-11-27 10:49:32', '2023-11-27 10:49:32'),
(13, 3, 6, 'BANGLAR ROBI', 2, NULL, 'ROBI001B', 'dsa', 'sad', '54', '2023-11-27 16:53:00', '2023-11-27 16:54:00', 'BANGLAR ROBI', NULL, 'PSML', '2023-11-27 10:52:26', '2023-11-27 10:52:26');



INSERT INTO `permissions` (`id`, `name`, `guard_name`, `menu`, `subject`, `created_at`, `updated_at`) VALUES
(389, 'user-create', 'api', 'Control Users', 'User', '2023-08-06 10:12:26', '2023-08-06 10:12:26');
INSERT INTO `permissions` (`id`, `name`, `guard_name`, `menu`, `subject`, `created_at`, `updated_at`) VALUES
(390, 'user-edit', 'api', 'Control Users', 'User', '2023-08-06 10:12:26', '2023-08-06 10:12:26');
INSERT INTO `permissions` (`id`, `name`, `guard_name`, `menu`, `subject`, `created_at`, `updated_at`) VALUES
(391, 'user-show', 'api', 'Control Users', 'User', '2023-08-06 10:12:26', '2023-08-06 10:12:26');
INSERT INTO `permissions` (`id`, `name`, `guard_name`, `menu`, `subject`, `created_at`, `updated_at`) VALUES
(392, 'user-delete', 'api', 'Control Users', 'User', '2023-08-06 10:12:26', '2023-08-06 10:12:26'),
(393, 'role-create', 'api', 'Control Users', 'Role', '2023-08-06 10:12:26', '2023-08-06 10:12:26'),
(394, 'role-edit', 'api', 'Control Users', 'Role', '2023-08-06 10:12:27', '2023-08-06 10:12:27'),
(395, 'role-show', 'api', 'Control Users', 'Role', '2023-08-06 10:12:27', '2023-08-06 10:12:27'),
(396, 'role-delete', 'api', 'Control Users', 'Role', '2023-08-06 10:12:27', '2023-08-06 10:12:27'),
(397, 'permission-create', 'api', 'Control Users', 'Permission', '2023-08-06 10:12:27', '2023-08-06 10:12:27'),
(398, 'permission-edit', 'api', 'Control Users', 'Permission', '2023-08-06 10:12:27', '2023-08-06 10:12:27'),
(399, 'permission-show', 'api', 'Control Users', 'Permission', '2023-08-06 10:12:28', '2023-08-06 10:12:28'),
(400, 'permission-delete', 'api', 'Control Users', 'Permission', '2023-08-06 10:12:28', '2023-08-06 10:12:28'),
(401, 'dataencoding-bank-create', 'api', 'Data Encoding', 'Bank', '2023-08-06 10:12:28', '2023-08-06 10:12:28'),
(402, 'dataencoding-bank-edit', 'api', 'Data Encoding', 'Bank', '2023-08-06 10:12:28', '2023-08-06 10:12:28'),
(403, 'dataencoding-bank-show', 'api', 'Data Encoding', 'Bank', '2023-08-06 10:12:28', '2023-08-06 10:12:28'),
(404, 'dataencoding-bank-delete', 'api', 'Data Encoding', 'Bank', '2023-08-06 10:12:29', '2023-08-06 10:12:29'),
(413, 'dataencoding-currency-create', 'api', 'Data Encoding', 'Currency', '2023-08-06 10:12:30', '2023-08-06 10:12:30'),
(414, 'dataencoding-currency-edit', 'api', 'Data Encoding', 'Currency', '2023-08-06 10:12:30', '2023-08-06 10:12:30'),
(415, 'dataencoding-currency-show', 'api', 'Data Encoding', 'Currency', '2023-08-06 10:12:31', '2023-08-06 10:12:31'),
(416, 'dataencoding-currency-delete', 'api', 'Data Encoding', 'Currency', '2023-08-06 10:12:31', '2023-08-06 10:12:31'),
(417, 'dataencoding-vessel-create', 'api', 'Data Encoding', 'Vessel', '2023-08-06 10:12:31', '2023-08-06 10:12:31'),
(418, 'dataencoding-vessel-edit', 'api', 'Data Encoding', 'Vessel', '2023-08-06 10:12:31', '2023-08-06 10:12:31'),
(419, 'dataencoding-vessel-show', 'api', 'Data Encoding', 'Vessel', '2023-08-06 10:12:31', '2023-08-06 10:12:31'),
(420, 'dataencoding-vessel-delete', 'api', 'Data Encoding', 'Vessel', '2023-08-06 10:12:32', '2023-08-06 10:12:32'),
(421, 'dataencoding-port-create', 'api', 'Data Encoding', 'Ports', '2023-08-06 10:12:32', '2023-08-06 10:12:32'),
(422, 'dataencoding-port-edit', 'api', 'Data Encoding', 'Ports', '2023-08-06 10:12:32', '2023-08-06 10:12:32'),
(423, 'dataencoding-port-show', 'api', 'Data Encoding', 'Ports', '2023-08-06 10:12:32', '2023-08-06 10:12:32'),
(424, 'dataencoding-port-delete', 'api', 'Data Encoding', 'Ports', '2023-08-06 10:12:32', '2023-08-06 10:12:32'),
(450, 'commercial-customer-create', 'api', 'Contact', 'Customers', '2023-08-06 10:12:38', '2023-08-06 10:12:38'),
(451, 'commercial-customer-edit', 'api', 'Contact', 'Customers', '2023-08-06 10:12:38', '2023-08-06 10:12:38'),
(452, 'commercial-customer-show', 'api', 'Contact', 'Customers', '2023-08-06 10:12:38', '2023-08-06 10:12:38'),
(453, 'commercial-customer-delete', 'api', 'Contact', 'Customers', '2023-08-06 10:12:39', '2023-08-06 10:12:39'),
(503, 'operation-voyage-create', 'api', 'Vessel & Cargo Operation', 'Voyages', '2023-08-06 10:12:51', '2023-08-06 10:12:51'),
(504, 'operation-voyage-index', 'api', 'Vessel & Cargo Operation', 'Voyages', '2023-08-06 10:12:52', '2023-08-06 10:12:52'),
(505, 'operation-voyage-show', 'api', 'Vessel & Cargo Operation', 'Voyages', '2023-08-06 10:12:52', '2023-08-06 10:12:52'),
(506, 'operation-voyage-edit', 'api', 'Vessel & Cargo Operation', 'Voyages', '2023-08-06 10:12:52', '2023-08-06 10:12:52'),
(507, 'operation-voyage-delete', 'api', 'Vessel & Cargo Operation', 'Voyages', '2023-08-06 10:12:52', '2023-08-06 10:12:52'),
(508, 'operation-voyage-clear', 'api', 'Vessel & Cargo Operation', 'Voyages', '2023-08-06 10:12:52', '2023-08-06 10:12:52'),
(511, 'operation-voyages-index', 'api', 'Vessel & Cargo Operation', 'Voyages', '2023-08-06 10:12:53', '2023-08-06 10:12:53'),
(512, 'operation-voyages-create', 'api', 'Vessel & Cargo Operation', 'Voyages', '2023-08-06 10:12:53', '2023-08-06 10:12:53'),
(513, 'operation-voyages-edit', 'api', 'Vessel & Cargo Operation', 'Voyages', '2023-08-06 10:12:53', '2023-08-06 10:12:53'),
(514, 'operation-voyages-show', 'api', 'Vessel & Cargo Operation', 'Voyages', '2023-08-06 10:12:54', '2023-08-06 10:12:54');



INSERT INTO `role_has_permissions` (`permission_id`, `role_id`) VALUES
(389, 1);
INSERT INTO `role_has_permissions` (`permission_id`, `role_id`) VALUES
(390, 1);
INSERT INTO `role_has_permissions` (`permission_id`, `role_id`) VALUES
(391, 1);
INSERT INTO `role_has_permissions` (`permission_id`, `role_id`) VALUES
(392, 1),
(393, 1),
(394, 1),
(395, 1),
(396, 1),
(397, 1),
(398, 1),
(399, 1),
(400, 1),
(401, 1),
(402, 1),
(403, 1),
(404, 1),
(413, 1),
(414, 1),
(415, 1),
(416, 1),
(417, 1),
(418, 1),
(419, 1),
(420, 1),
(421, 1),
(422, 1),
(423, 1),
(424, 1),
(450, 1),
(451, 1),
(452, 1),
(453, 1),
(503, 1),
(504, 1),
(505, 1),
(506, 1),
(507, 1),
(508, 1),
(511, 1),
(512, 1),
(513, 1),
(514, 1),
(389, 3),
(390, 3),
(391, 3),
(392, 3),
(393, 3),
(394, 3),
(395, 3),
(396, 3),
(397, 3),
(398, 3),
(399, 3),
(401, 3),
(402, 3),
(403, 3),
(404, 3),
(413, 3),
(414, 3),
(415, 3),
(416, 3),
(417, 3),
(418, 3),
(419, 3),
(420, 3),
(422, 3),
(423, 3),
(424, 3),
(452, 3),
(504, 3),
(505, 3),
(506, 3),
(507, 3),
(508, 3),
(511, 3),
(512, 3),
(513, 3),
(514, 3),
(389, 4),
(390, 4),
(391, 4),
(392, 4),
(503, 4),
(504, 4),
(505, 4),
(506, 4),
(507, 4),
(508, 4),
(511, 4),
(512, 4),
(513, 4),
(514, 4);

INSERT INTO `roles` (`id`, `name`, `guard_name`, `created_at`, `updated_at`) VALUES
(1, 'super-admin', 'api', '2023-08-21 11:46:32', '2023-08-21 11:46:34');
INSERT INTO `roles` (`id`, `name`, `guard_name`, `created_at`, `updated_at`) VALUES
(3, 'Executive', 'api', '2023-10-02 06:36:10', '2023-10-02 06:36:10');
INSERT INTO `roles` (`id`, `name`, `guard_name`, `created_at`, `updated_at`) VALUES
(4, 'Manager', 'api', '2023-10-02 07:22:41', '2023-10-02 07:22:41');

INSERT INTO `scm_lc_record_lines` (`id`, `scm_lc_record_id`, `particular`, `amount`, `created_at`, `updated_at`) VALUES
(1, 1, 'Bank Commision and Charges (BDT)(a)', '500000.00', '2023-11-06 06:09:43', '2023-11-06 06:09:43');
INSERT INTO `scm_lc_record_lines` (`id`, `scm_lc_record_id`, `particular`, `amount`, `created_at`, `updated_at`) VALUES
(2, 1, 'VAT (BDT)(b)', '600000.00', '2023-11-06 06:09:43', '2023-11-06 06:09:43');
INSERT INTO `scm_lc_record_lines` (`id`, `scm_lc_record_id`, `particular`, `amount`, `created_at`, `updated_at`) VALUES
(3, 1, 'Others (BDT)(c)', '700000.00', '2023-11-06 06:09:43', '2023-11-06 06:09:43');
INSERT INTO `scm_lc_record_lines` (`id`, `scm_lc_record_id`, `particular`, `amount`, `created_at`, `updated_at`) VALUES
(4, 1, 'Insurance Premium Amount (BDT)(d)', '800000.00', '2023-11-06 06:09:43', '2023-11-06 06:09:43');

INSERT INTO `scm_lc_records` (`id`, `lc_no`, `lc_date`, `expire_date`, `weight`, `no_of_packet`, `scm_po_id`, `invoice_value`, `assessment_value`, `status`, `issue_bank_id`, `issue_bank_name`, `advising_bank_id`, `advising_bank_name`, `discounting_bank_id`, `discounting_bank_name`, `beneficiary_bank_id`, `beneficiary_bank_name`, `scm_vendor_id`, `scm_warehouse_id`, `lc_type`, `acc_bank_id`, `bank_name`, `cfr_value`, `lc_margin`, `total_cost`, `document_value`, `exchange_rate`, `market_rate`, `business_unit`, `attachment`, `created_by`, `created_at`, `updated_at`) VALUES
(1, '111111', '2023-11-01', '2023-11-02', '599 mt', 1000, 31, '100000.00', '12000.00', NULL, NULL, 'a', NULL, 'b', NULL, 'd', NULL, 'c', 1, NULL, '100000', NULL, '200000', '300000.00', '400000.00', '2600000.00', '900000.00', '120.00', '125.00', 'TSLL', 'null', NULL, '2023-11-06 06:09:43', '2023-11-06 06:09:43');


INSERT INTO `scm_material_categories` (`id`, `name`, `short_code`, `parent_id`, `created_at`, `updated_at`) VALUES
(1, 'Bunker', 'bunker', NULL, '2023-11-17 15:50:07', '2023-11-17 05:21:36');
INSERT INTO `scm_material_categories` (`id`, `name`, `short_code`, `parent_id`, `created_at`, `updated_at`) VALUES
(22, 'Computer', 'PC', NULL, '2023-11-21 06:09:38', '2023-11-21 06:09:38');
INSERT INTO `scm_material_categories` (`id`, `name`, `short_code`, `parent_id`, `created_at`, `updated_at`) VALUES
(23, 'Keyboard', 'KB', 22, '2023-11-21 06:10:10', '2023-11-21 06:10:10');

INSERT INTO `scm_materials` (`id`, `scm_material_category_id`, `name`, `material_code`, `hs_code`, `store_category`, `unit`, `minimum_stock`, `description`, `sample_photo`, `account_id`, `created_at`, `updated_at`) VALUES
(1, 1, 'Octane', 'oc-987', 'test-01', 'Bond Store', 'KG', 1000, 'Test Description', 'null', NULL, '2023-10-23 08:48:24', '2023-11-17 06:30:32');
INSERT INTO `scm_materials` (`id`, `scm_material_category_id`, `name`, `material_code`, `hs_code`, `store_category`, `unit`, `minimum_stock`, `description`, `sample_photo`, `account_id`, `created_at`, `updated_at`) VALUES
(2, 1, 'Diesel', 'dis-002', 'test-02', 'Deck Store', 'Liter', 0, 'Test Description -2 ', 'null', NULL, '2023-10-23 08:48:48', '2023-10-23 08:48:48');
INSERT INTO `scm_materials` (`id`, `scm_material_category_id`, `name`, `material_code`, `hs_code`, `store_category`, `unit`, `minimum_stock`, `description`, `sample_photo`, `account_id`, `created_at`, `updated_at`) VALUES
(3, 1, 'Lub Oil', 'scr-50', '8980808', 'Bond Store', 'Liter', 100, 'Test Description -3', 'scm/materials/LEAI1UDCsw1698224516.png', NULL, '2023-10-25 09:01:56', '2023-10-25 09:01:56');
INSERT INTO `scm_materials` (`id`, `scm_material_category_id`, `name`, `material_code`, `hs_code`, `store_category`, `unit`, `minimum_stock`, `description`, `sample_photo`, `account_id`, `created_at`, `updated_at`) VALUES
(12, 22, 'Keyboard', '1234', 'ab12', 'Engine Store', 'Pieces', 10, 'pc- 12jfalfjl', 'scm/materials/alQCjnyAE21700548348.jpg', NULL, '2023-11-21 06:32:28', '2023-11-21 06:32:28'),
(14, 23, 'Sheila Faulkner', 'Magna est officia an', '1', 'Saloon Store', 'Meter', 20, 'Porro optio et Nam', 'scm/materials/cU7ZdBwGl71700721525.jpg', NULL, '2023-11-23 06:38:45', '2023-11-23 06:38:45');

INSERT INTO `scm_mmr_lines` (`id`, `scm_mmr_id`, `scm_material_id`, `specification`, `unit`, `quantity`, `mmr_composite_key`, `created_at`, `updated_at`) VALUES
(1, 1, 3, 'sdasasdf', 'Liter', 45, '0-1-MMR-3', '2023-11-20 06:57:25', '2023-11-20 06:57:25');
INSERT INTO `scm_mmr_lines` (`id`, `scm_mmr_id`, `scm_material_id`, `specification`, `unit`, `quantity`, `mmr_composite_key`, `created_at`, `updated_at`) VALUES
(2, 1, 2, 'safasf', 'Liter', 100, '1-1-MMR-2', '2023-11-20 06:57:25', '2023-11-20 06:57:25');


INSERT INTO `scm_mmrs` (`id`, `ref_no`, `date`, `delivery_date`, `from_warehouse_id`, `to_warehouse_id`, `requested_by`, `requested_for`, `remarks`, `business_unit`, `created_by`, `created_at`, `updated_at`) VALUES
(1, 'MMR-2023-1', '2023-11-02', '2023-11-30', 1, 2, 'asd', NULL, 'sdsdsa', 'PSML', NULL, '2023-11-20 06:57:25', '2023-11-20 06:57:25');






INSERT INTO `scm_mrr_lines` (`id`, `scm_mrr_id`, `scm_material_id`, `unit`, `brand`, `model`, `quantity`, `rate`, `po_composite_key`, `pr_composite_key`, `net_rate`, `created_at`, `updated_at`) VALUES
(1, 1, 12, 'Pieces', 'sdf', 'sdf', 100, 100, '', '0-120-PR-12', '100.00', '2023-11-26 12:01:10', '2023-11-26 12:01:10');
INSERT INTO `scm_mrr_lines` (`id`, `scm_mrr_id`, `scm_material_id`, `unit`, `brand`, `model`, `quantity`, `rate`, `po_composite_key`, `pr_composite_key`, `net_rate`, `created_at`, `updated_at`) VALUES
(2, 1, 14, 'Meter', '', '', 100, 100, NULL, '1-120-PR-14', '100.00', '2023-11-26 12:01:10', '2023-11-26 12:01:10');
INSERT INTO `scm_mrr_lines` (`id`, `scm_mrr_id`, `scm_material_id`, `unit`, `brand`, `model`, `quantity`, `rate`, `po_composite_key`, `pr_composite_key`, `net_rate`, `created_at`, `updated_at`) VALUES
(3, 2, 12, 'Pieces', 'sdf', 'sdf', 100, 100, '', '0-120-PR-12', '100.00', '2023-11-26 12:01:10', '2023-11-26 12:01:10');

INSERT INTO `scm_mrrs` (`id`, `ref_no`, `type`, `date`, `scm_po_id`, `scm_pr_id`, `scm_warehouse_id`, `scm_lc_record_id`, `scm_cs_id`, `acc_cost_center_id`, `remarks`, `challan_no`, `is_qc_passed`, `qc_remarks`, `business_unit`, `created_by`, `is_completed`, `iou_id`, `purchase_center`, `iou_no`, `created_at`, `updated_at`) VALUES
(1, 'MRR-2023-1', 'CASH', '2023-11-27', NULL, 120, 31, NULL, NULL, 4, 'asd', '234', NULL, 'done', 'PSML', NULL, 0, NULL, 'Foreign', NULL, '2023-11-26 12:01:10', '2023-11-26 12:01:10');
INSERT INTO `scm_mrrs` (`id`, `ref_no`, `type`, `date`, `scm_po_id`, `scm_pr_id`, `scm_warehouse_id`, `scm_lc_record_id`, `scm_cs_id`, `acc_cost_center_id`, `remarks`, `challan_no`, `is_qc_passed`, `qc_remarks`, `business_unit`, `created_by`, `is_completed`, `iou_id`, `purchase_center`, `iou_no`, `created_at`, `updated_at`) VALUES
(2, 'MRR-2023-2', 'CASH', '2023-11-27', NULL, 120, 31, NULL, NULL, 11, 'asd', '234', NULL, 'done', 'PSML', NULL, 0, NULL, 'Foreign', NULL, '2023-11-26 12:01:10', '2023-11-26 12:01:10');


INSERT INTO `scm_opening_stock_lines` (`id`, `scm_opening_stock_id`, `scm_material_id`, `unit`, `rate`, `quantity`, `created_at`, `updated_at`) VALUES
(2, 4, 1, 'KG', '100.00', 1200, '2023-10-23 09:01:14', '2023-10-23 09:01:14');
INSERT INTO `scm_opening_stock_lines` (`id`, `scm_opening_stock_id`, `scm_material_id`, `unit`, `rate`, `quantity`, `created_at`, `updated_at`) VALUES
(3, 5, 1, 'KG', '100.00', 1900, '2023-10-23 09:03:50', '2023-10-23 09:03:50');
INSERT INTO `scm_opening_stock_lines` (`id`, `scm_opening_stock_id`, `scm_material_id`, `unit`, `rate`, `quantity`, `created_at`, `updated_at`) VALUES
(4, 6, 1, 'KG', '100.00', 1111111, '2023-10-23 09:04:24', '2023-10-23 09:04:24');
INSERT INTO `scm_opening_stock_lines` (`id`, `scm_opening_stock_id`, `scm_material_id`, `unit`, `rate`, `quantity`, `created_at`, `updated_at`) VALUES
(5, 7, 1, 'KG', '100.00', 7777, '2023-10-23 09:05:45', '2023-10-23 09:07:13'),
(24, 17, 1, 'KG', '20.00', 100, '2023-10-25 04:21:51', '2023-10-25 04:21:51'),
(25, 17, 2, 'Liter', '15.00', 20, '2023-10-25 04:21:51', '2023-10-25 04:21:51'),
(32, 21, 1, 'KG', '15.00', 100, '2023-10-25 04:34:48', '2023-10-25 04:34:48'),
(33, 21, 2, 'Liter', '20.00', 200, '2023-10-25 04:34:48', '2023-10-25 04:34:48'),
(34, 22, 1, 'KG', '10.00', 100, '2023-10-25 07:04:31', '2023-10-25 07:04:31'),
(35, 24, 3, 'Liter', '20.00', 125, '2023-11-06 04:54:34', '2023-11-06 04:54:34'),
(36, 24, 1, 'KG', '25000.00', 50, '2023-11-06 04:54:34', '2023-11-06 04:54:34'),
(37, 25, 3, 'Liter', '20.00', 500, '2023-11-06 06:03:21', '2023-11-06 06:03:21'),
(38, 25, 2, 'Liter', '550.00', 300, '2023-11-06 06:03:21', '2023-11-06 06:03:21'),
(39, 26, 2, 'Liter', '9090.00', 1010, '2023-11-06 06:12:12', '2023-11-06 06:48:13'),
(40, 26, 1, 'KG', '11.00', 99, '2023-11-06 06:12:12', '2023-11-06 06:12:12'),
(41, 27, 3, 'Liter', '0.00', 0, '2023-11-16 10:56:03', '2023-11-16 10:56:03'),
(42, 28, 3, 'Liter', '0.00', 98, '2023-11-17 09:14:21', '2023-11-17 09:14:21'),
(47, 32, 2, 'Liter', '100.00', 5, '2023-11-20 15:00:50', '2023-11-20 15:00:50'),
(48, 32, 1, 'KG', '1.00', 11, '2023-11-20 15:00:50', '2023-11-20 15:00:50'),
(49, 32, 3, 'Liter', '1.00', 12, '2023-11-20 15:00:50', '2023-11-20 15:00:50'),
(50, 32, 1, 'KG', '1.00', 1, '2023-11-20 15:00:50', '2023-11-20 15:00:50'),
(51, 33, 1, 'KG', '34.00', 10, '2023-11-20 15:02:11', '2023-11-20 15:02:11'),
(52, 33, 3, 'Liter', '32.00', 7, '2023-11-20 15:02:11', '2023-11-20 15:02:11'),
(53, 33, 2, 'Liter', '32.00', 10, '2023-11-20 15:02:11', '2023-11-20 15:02:11'),
(54, 33, 1, 'KG', '23.00', 8, '2023-11-20 15:02:11', '2023-11-20 15:02:11'),
(55, 34, 12, 'Pieces', '200.00', 5, '2023-11-21 07:31:45', '2023-11-21 07:32:24'),
(56, 34, 3, 'Liter', '500.00', 100, '2023-11-21 07:32:24', '2023-11-21 07:32:24'),
(57, 35, 3, 'Liter', '0.00', 10, '2023-11-23 09:11:23', '2023-11-23 09:11:23'),
(58, 35, 3, 'Liter', '0.00', 1, '2023-11-23 09:13:36', '2023-11-23 09:13:36'),
(59, 35, 2, 'Liter', '0.00', 9, '2023-11-23 09:13:36', '2023-11-23 09:13:36');

INSERT INTO `scm_opening_stocks` (`id`, `scm_warehouse_id`, `date`, `business_unit`, `created_at`, `updated_at`) VALUES
(4, 1, '2023-10-24', 'TSLL', '2023-10-23 09:01:14', '2023-10-23 09:01:14');
INSERT INTO `scm_opening_stocks` (`id`, `scm_warehouse_id`, `date`, `business_unit`, `created_at`, `updated_at`) VALUES
(5, 1, '2023-10-24', 'TSLL', '2023-10-23 09:03:50', '2023-10-23 09:03:50');
INSERT INTO `scm_opening_stocks` (`id`, `scm_warehouse_id`, `date`, `business_unit`, `created_at`, `updated_at`) VALUES
(6, 1, '2023-10-24', 'TSLL', '2023-10-23 09:04:24', '2023-10-23 09:04:24');
INSERT INTO `scm_opening_stocks` (`id`, `scm_warehouse_id`, `date`, `business_unit`, `created_at`, `updated_at`) VALUES
(7, 1, '2023-10-24', 'TSLL', '2023-10-23 09:05:45', '2023-10-23 09:05:45'),
(17, 1, '2023-10-25', 'TSLL', '2023-10-25 04:21:51', '2023-10-25 04:21:51'),
(21, 1, '2023-10-24', 'TSLL', '2023-10-25 04:34:48', '2023-10-25 04:34:48'),
(22, 1, '2023-10-25', 'TSLL', '2023-10-25 07:04:30', '2023-10-25 07:04:30'),
(24, 2, '2023-11-17', 'PSML', '2023-11-06 04:54:34', '2023-11-06 04:54:34'),
(25, 1, '2023-11-17', 'PSML', '2023-11-06 06:03:21', '2023-11-06 06:03:21'),
(26, 1, '2023-11-25', 'PSML', '2023-11-06 06:12:12', '2023-11-06 06:12:12'),
(27, 2, '2023-11-16', 'PSML', '2023-11-16 10:56:03', '2023-11-16 10:56:03'),
(28, 2, '2023-11-16', 'PSML', '2023-11-17 09:14:21', '2023-11-17 09:14:21'),
(32, 2, '2023-11-14', 'PSML', '2023-11-20 15:00:49', '2023-11-20 15:00:49'),
(33, 2, '2023-11-08', 'PSML', '2023-11-20 15:02:11', '2023-11-20 15:02:11'),
(34, 28, '2023-11-21', 'PSML', '2023-11-21 07:31:45', '2023-11-21 07:31:45'),
(35, 1, '2023-11-15', 'PSML', '2023-11-23 09:11:23', '2023-11-23 09:11:23');

INSERT INTO `scm_po_lines` (`id`, `scm_po_id`, `scm_material_id`, `unit`, `brand`, `model`, `required_date`, `quantity`, `rate`, `total_price`, `net_rate`, `po_composite_key`, `pr_composite_key`, `created_at`, `updated_at`) VALUES
(1, 4, 1, 'KG', 'erwr', 'werw', '2023-11-09', 2555, '10.00', '25550.00', NULL, NULL, '106-PR-1', '2023-11-01 07:03:00', '2023-11-01 10:49:52');
INSERT INTO `scm_po_lines` (`id`, `scm_po_id`, `scm_material_id`, `unit`, `brand`, `model`, `required_date`, `quantity`, `rate`, `total_price`, `net_rate`, `po_composite_key`, `pr_composite_key`, `created_at`, `updated_at`) VALUES
(2, 4, 3, 'Liter', 'wer', 'wer', '2023-11-10', 900, '100.00', '90000.00', NULL, NULL, '106-PR-3', '2023-11-01 07:03:00', '2023-11-01 10:49:52');
INSERT INTO `scm_po_lines` (`id`, `scm_po_id`, `scm_material_id`, `unit`, `brand`, `model`, `required_date`, `quantity`, `rate`, `total_price`, `net_rate`, `po_composite_key`, `pr_composite_key`, `created_at`, `updated_at`) VALUES
(5, 16, 3, 'Liter', 'sdf', 'sdfasd', '2023-11-16', 1000, '120.00', '120000.00', NULL, '16-PO-3', '110-PR-3', '2023-11-01 08:39:56', '2023-11-01 10:47:52');
INSERT INTO `scm_po_lines` (`id`, `scm_po_id`, `scm_material_id`, `unit`, `brand`, `model`, `required_date`, `quantity`, `rate`, `total_price`, `net_rate`, `po_composite_key`, `pr_composite_key`, `created_at`, `updated_at`) VALUES
(10, 19, 1, 'KG', 'ff', 'dsfsdds', NULL, 123, '10.00', '1230.00', NULL, '19-PO-1', '111-PR-1', '2023-11-01 18:02:21', '2023-11-01 18:02:21'),
(11, 31, 1, 'KG', 'ff', 'dsfsdds', '2023-11-01', 123, '100.00', '12300.00', '99.18', '31-PO-1', '111-PR-1', '2023-11-01 18:44:45', '2023-11-01 18:47:30'),
(12, 31, 3, 'Liter', 'asd', 'asd', '2023-11-04', 1000, '120.00', '120000.00', '119.02', '31-PO-3', '111-PR-3', '2023-11-01 18:44:46', '2023-11-01 18:47:30');

INSERT INTO `scm_po_terms` (`id`, `scm_po_id`, `description`, `created_at`, `updated_at`) VALUES
(1, 4, 'asd', '2023-11-01 07:03:00', '2023-11-01 07:03:00');
INSERT INTO `scm_po_terms` (`id`, `scm_po_id`, `description`, `created_at`, `updated_at`) VALUES
(4, 16, 'asdddddddd', '2023-11-01 08:39:56', '2023-11-01 08:53:47');
INSERT INTO `scm_po_terms` (`id`, `scm_po_id`, `description`, `created_at`, `updated_at`) VALUES
(5, 16, 'asdaaaa', '2023-11-01 08:39:57', '2023-11-01 10:28:12');
INSERT INTO `scm_po_terms` (`id`, `scm_po_id`, `description`, `created_at`, `updated_at`) VALUES
(12, 19, 'asd', '2023-11-01 18:02:22', '2023-11-01 18:02:22'),
(13, 19, 'asd', '2023-11-01 18:02:22', '2023-11-01 18:02:22'),
(14, 31, 'asd', '2023-11-01 18:44:46', '2023-11-01 18:44:46'),
(15, 31, 'asd', '2023-11-01 18:44:46', '2023-11-01 18:44:46');

INSERT INTO `scm_pos` (`id`, `scm_pr_id`, `scm_cs_id`, `date`, `scm_vendor_id`, `scm_warehouse_id`, `acc_cost_center_id`, `currency`, `ref_no`, `foreign_to_bdt`, `foreign_to_usd`, `discount`, `vat`, `business_unit`, `created_by`, `sub_total`, `total_amount`, `net_amount`, `pr_date`, `purchase_center`, `status`, `remarks`, `created_at`, `updated_at`) VALUES
(4, 106, NULL, '2023-11-09', 1, 2, NULL, 'USD', NULL, '0.00', '100.00', '1000.00', '1000.00', 'TSLL', NULL, '115550.00', '114550.00', '115550.00', '2023-10-26', NULL, NULL, 'asdas', '2023-11-01 07:03:00', '2023-11-01 10:49:52');
INSERT INTO `scm_pos` (`id`, `scm_pr_id`, `scm_cs_id`, `date`, `scm_vendor_id`, `scm_warehouse_id`, `acc_cost_center_id`, `currency`, `ref_no`, `foreign_to_bdt`, `foreign_to_usd`, `discount`, `vat`, `business_unit`, `created_by`, `sub_total`, `total_amount`, `net_amount`, `pr_date`, `purchase_center`, `status`, `remarks`, `created_at`, `updated_at`) VALUES
(16, 110, NULL, '2023-11-10', 1, 1, NULL, 'USD', NULL, '0.00', '100.00', '50.00', '100.00', 'TSLL', NULL, '120000.00', '119950.00', '120050.00', '2023-11-01', NULL, NULL, 'zxcasd', '2023-11-01 08:39:53', '2023-11-01 10:47:52');
INSERT INTO `scm_pos` (`id`, `scm_pr_id`, `scm_cs_id`, `date`, `scm_vendor_id`, `scm_warehouse_id`, `acc_cost_center_id`, `currency`, `ref_no`, `foreign_to_bdt`, `foreign_to_usd`, `discount`, `vat`, `business_unit`, `created_by`, `sub_total`, `total_amount`, `net_amount`, `pr_date`, `purchase_center`, `status`, `remarks`, `created_at`, `updated_at`) VALUES
(19, 111, NULL, '2023-11-02', 1, 2, NULL, 'USD', 'PO-2023-17', '0.00', '100.00', '100.00', '100.00', 'TSLL', NULL, '1230.00', '1130.00', '1230.00', '2023-11-01', NULL, NULL, 'sdf', '2023-11-01 18:02:21', '2023-11-01 18:02:21');
INSERT INTO `scm_pos` (`id`, `scm_pr_id`, `scm_cs_id`, `date`, `scm_vendor_id`, `scm_warehouse_id`, `acc_cost_center_id`, `currency`, `ref_no`, `foreign_to_bdt`, `foreign_to_usd`, `discount`, `vat`, `business_unit`, `created_by`, `sub_total`, `total_amount`, `net_amount`, `pr_date`, `purchase_center`, `status`, `remarks`, `created_at`, `updated_at`) VALUES
(20, 111, NULL, '2023-11-02', 1, 2, NULL, 'USD', 'PO-2023-20', '0.00', '1000.00', '100.00', '100.00', 'TSLL', NULL, '112300.00', '112200.00', '112300.00', '2023-11-01', NULL, NULL, 'asd', '2023-11-01 18:23:41', '2023-11-01 18:23:41'),
(21, 111, NULL, '2023-11-02', 1, 2, NULL, 'USD', 'PO-2023-21', '0.00', '1000.00', '100.00', '100.00', 'TSLL', NULL, '112300.00', '112200.00', '112300.00', '2023-11-01', NULL, NULL, 'asd', '2023-11-01 18:24:38', '2023-11-01 18:24:38'),
(22, 111, NULL, '2023-11-02', 1, 2, NULL, 'USD', 'PO-2023-22', '0.00', '1000.00', '100.00', '100.00', 'TSLL', NULL, '112300.00', '112200.00', '112300.00', '2023-11-01', NULL, NULL, 'asd', '2023-11-01 18:25:10', '2023-11-01 18:25:10'),
(23, 111, NULL, '2023-11-02', 1, 2, NULL, 'USD', 'PO-2023-23', '0.00', '1000.00', '100.00', '100.00', 'TSLL', NULL, '112300.00', '112200.00', '112300.00', '2023-11-01', NULL, NULL, 'asd', '2023-11-01 18:27:06', '2023-11-01 18:27:06'),
(24, 111, NULL, '2023-11-02', 1, 2, NULL, 'USD', 'PO-2023-24', '0.00', '1000.00', '100.00', '100.00', 'TSLL', NULL, '112300.00', '112200.00', '112300.00', '2023-11-01', NULL, NULL, 'asd', '2023-11-01 18:27:57', '2023-11-01 18:27:57'),
(25, 111, NULL, '2023-11-02', 1, 2, NULL, 'USD', 'PO-2023-25', '0.00', '1000.00', '100.00', '100.00', 'TSLL', NULL, '112300.00', '112200.00', '112300.00', '2023-11-01', NULL, NULL, 'asd', '2023-11-01 18:28:40', '2023-11-01 18:28:40'),
(26, 111, NULL, '2023-11-02', 1, 2, NULL, 'USD', 'PO-2023-26', '0.00', '1000.00', '100.00', '100.00', 'TSLL', NULL, '112300.00', '112200.00', '112300.00', '2023-11-01', NULL, NULL, 'asd', '2023-11-01 18:30:51', '2023-11-01 18:30:51'),
(27, 111, NULL, '2023-11-02', 1, 2, NULL, 'USD', 'PO-2023-27', '0.00', '1000.00', '100.00', '100.00', 'TSLL', NULL, '112300.00', '112200.00', '112300.00', '2023-11-01', NULL, NULL, 'asd', '2023-11-01 18:32:24', '2023-11-01 18:32:24'),
(28, 111, NULL, '2023-11-02', 1, 2, NULL, 'USD', 'PO-2023-28', '0.00', '100.00', '1200.00', '120.00', 'TSLL', NULL, '132300.00', '131100.00', '131220.00', '2023-11-01', NULL, NULL, 'asd', '2023-11-01 18:38:03', '2023-11-01 18:38:03'),
(29, 111, NULL, '2023-11-02', 1, 2, NULL, 'USD', 'PO-2023-29', '0.00', '100.00', '1200.00', '120.00', 'TSLL', NULL, '132300.00', '131100.00', '131220.00', '2023-11-01', NULL, NULL, 'asd', '2023-11-01 18:38:47', '2023-11-01 18:38:47'),
(30, 111, NULL, '2023-11-02', 1, 2, NULL, 'USD', 'PO-2023-30', '0.00', '100.00', '1200.00', '120.00', 'TSLL', NULL, '132300.00', '131100.00', '131220.00', '2023-11-01', NULL, NULL, 'asd', '2023-11-01 18:42:43', '2023-11-01 18:42:43'),
(31, 111, NULL, '2023-11-02', 1, 2, NULL, 'USD', 'PO-2023-31', '0.00', '100.00', '1200.00', '120.00', 'TSLL', NULL, '132300.00', '131100.00', '131220.00', '2023-11-01', 'foreign', NULL, 'asd', '2023-11-01 18:44:45', '2023-11-01 18:47:30');

INSERT INTO `scm_pr_lines` (`id`, `scm_pr_id`, `scm_material_id`, `unit`, `brand`, `model`, `country_id`, `country_name`, `sample_file`, `drawing_no`, `part_no`, `specification`, `quantity`, `required_date`, `pr_composite_key`, `created_at`, `updated_at`) VALUES
(1, 1, 3, 'Liter', 'a', 'b', NULL, NULL, NULL, 'khj', 'hkjh', 'khkh', '100.00', '2023-10-26', NULL, '2023-10-31 06:25:09', '2023-10-31 06:25:09');
INSERT INTO `scm_pr_lines` (`id`, `scm_pr_id`, `scm_material_id`, `unit`, `brand`, `model`, `country_id`, `country_name`, `sample_file`, `drawing_no`, `part_no`, `specification`, `quantity`, `required_date`, `pr_composite_key`, `created_at`, `updated_at`) VALUES
(2, 51, 3, 'Liter', 'ad', 'dasd', NULL, NULL, NULL, 'dsad', '4324', 'da', '4535.00', '2023-11-01', NULL, '2023-10-31 09:47:24', '2023-10-31 09:47:24');
INSERT INTO `scm_pr_lines` (`id`, `scm_pr_id`, `scm_material_id`, `unit`, `brand`, `model`, `country_id`, `country_name`, `sample_file`, `drawing_no`, `part_no`, `specification`, `quantity`, `required_date`, `pr_composite_key`, `created_at`, `updated_at`) VALUES
(10, 110, 3, 'Liter', 'sdf', 'sdf', NULL, NULL, NULL, 'sdf', 'sdf', 'sdf', '1000.00', '2023-11-08', '110-PR-3', '2023-11-01 08:20:23', '2023-11-01 08:20:23');
INSERT INTO `scm_pr_lines` (`id`, `scm_pr_id`, `scm_material_id`, `unit`, `brand`, `model`, `country_id`, `country_name`, `sample_file`, `drawing_no`, `part_no`, `specification`, `quantity`, `required_date`, `pr_composite_key`, `created_at`, `updated_at`) VALUES
(11, 106, 1, 'KG', 'dasd', 'dsad', NULL, NULL, NULL, 'asddasd', NULL, 'dd', '2555.00', NULL, NULL, '2023-11-01 10:03:10', '2023-11-01 10:03:10'),
(12, 106, 3, 'Liter', 'dsd', 'das', NULL, NULL, NULL, 'asdasdasd', NULL, 'dsdassd', '900.00', NULL, NULL, '2023-11-01 10:03:11', '2023-11-01 10:03:11'),
(13, 79, 3, 'Liter', 'gdfgd', 'gdfgg', NULL, NULL, NULL, 'gdgdfg', 'gdgg', 'gfggdf', '4545.00', '2023-11-07', NULL, '2023-11-01 10:45:05', '2023-11-01 10:45:05'),
(14, 79, 1, 'KG', 'gdfgfdg', 'ddfg', NULL, NULL, NULL, 'g', '45tgd', 'g', '54.00', '2023-11-10', NULL, '2023-11-01 10:45:06', '2023-11-01 10:45:06'),
(24, 116, 14, 'Meter', 'fsdfsfsd', 'fffsdf', NULL, NULL, NULL, 'fssd', 'sdfsdf', 'sdffdfsf', '5.00', '2023-12-07', '0-116-PR-14', '2023-11-23 11:20:03', '2023-11-23 11:20:03'),
(25, 116, 1, 'KG', 'fsdff', 'fsfsdff', NULL, NULL, NULL, 'dfdsdfdsfs', 'fdsfsd', 'sdfsdsdf', '66.00', '2023-11-29', '1-116-PR-1', '2023-11-23 11:20:03', '2023-11-23 11:20:03'),
(28, 117, 14, 'Meter', 'jk', 'kj', NULL, NULL, NULL, 'jkl', 'jl', 'jlk', '100.00', '2023-11-07', '0-117-PR-14', '2023-11-26 09:47:37', '2023-11-26 09:47:37'),
(31, 118, 12, 'Pieces', 'sdf', 'sdf', NULL, NULL, NULL, 'dfg', 'dfg', 'dfgdf', '100.00', '2023-11-22', '0-118-PR-12', '2023-11-26 09:53:47', '2023-11-26 09:53:47'),
(33, 119, 12, 'Pieces', 'Nihil quisquam saepe', 'Sit neque et vitae o', NULL, NULL, NULL, 'Temporibus deleniti ', 'Nulla voluptas ea re', 'Expedita ut voluptat', '17.00', '2011-04-22', '0-119-PR-12', '2023-11-26 09:56:01', '2023-11-26 09:56:01'),
(42, 120, 12, 'Pieces', 'sdf', 'sdf', NULL, NULL, NULL, 'sd', 'sdf', 'sdf', '100.00', '2023-11-21', '0-120-PR-12', '2023-11-27 09:35:00', '2023-11-27 09:35:00'),
(43, 120, 14, 'Meter', '', '', NULL, NULL, NULL, '234', '234', '', '100.00', '2023-11-21', '1-120-PR-14', '2023-11-27 09:35:00', '2023-11-27 09:35:00'),
(44, 120, 3, 'Liter', 'River', 'BW3', NULL, NULL, NULL, '', '', '5 Ltr Pale', '6.00', '2023-12-07', '2-120-PR-3', '2023-11-27 09:35:00', '2023-11-27 09:35:00'),
(45, 121, 1, 'KG', 'ANY', 'ANY', NULL, NULL, NULL, '', '', 'Not specified', '5.00', '2023-11-30', '0-121-PR-1', '2023-11-27 09:42:34', '2023-11-27 09:42:34'),
(46, 122, 1, 'KG', 'Jomuna', 'WCH', NULL, NULL, NULL, '', '', '', '100.00', '2023-11-29', '0-122-PR-1', '2023-11-27 11:55:12', '2023-11-27 11:55:12'),
(47, 122, 12, 'Pieces', '', '', NULL, NULL, NULL, '', '', '', '0.00', '2023-11-29', '1-122-PR-12', '2023-11-27 11:55:12', '2023-11-27 11:55:12');

INSERT INTO `scm_prs` (`id`, `ref_no`, `scm_warehouse_id`, `acc_cost_center_id`, `attachment`, `raised_date`, `remarks`, `purchase_center`, `is_critical`, `approved_date`, `business_unit`, `created_by`, `created_at`, `updated_at`) VALUES
(1, 'PR-2023-1', 1, NULL, 'scm/prs/6yqmOkA70d1698733509.png', '2023-10-01', 'remrks', 'Foreign', 0, '2023-10-25', 'TSLL', 6, '2023-10-31 06:25:09', '2023-10-31 06:25:09');
INSERT INTO `scm_prs` (`id`, `ref_no`, `scm_warehouse_id`, `acc_cost_center_id`, `attachment`, `raised_date`, `remarks`, `purchase_center`, `is_critical`, `approved_date`, `business_unit`, `created_by`, `created_at`, `updated_at`) VALUES
(51, 'PR-2023-2', 1, NULL, 'scm/prs/zPTdO2Ua1A1698745644.png', '2023-10-01', 'asdasd', 'Foreign', 0, '2023-10-25', 'TSLL', 6, '2023-10-31 09:47:24', '2023-10-31 09:47:24');
INSERT INTO `scm_prs` (`id`, `ref_no`, `scm_warehouse_id`, `acc_cost_center_id`, `attachment`, `raised_date`, `remarks`, `purchase_center`, `is_critical`, `approved_date`, `business_unit`, `created_by`, `created_at`, `updated_at`) VALUES
(79, 'PR-2023-52', 2, NULL, 'scm/prs/GoecGH56QT1698747547.jpg', '2023-11-01', 'rttrt', 'Foreign', 1, '2023-12-02', 'TSLL', 6, '2023-10-31 10:19:07', '2023-10-31 10:19:07');
INSERT INTO `scm_prs` (`id`, `ref_no`, `scm_warehouse_id`, `acc_cost_center_id`, `attachment`, `raised_date`, `remarks`, `purchase_center`, `is_critical`, `approved_date`, `business_unit`, `created_by`, `created_at`, `updated_at`) VALUES
(106, 'PR-2023-86', 2, NULL, 'scm/prs/JxpJEHkOnw1698751053.png', '2023-10-26', 'faffa', 'Plant', 1, '2023-10-27', 'TSLL', 6, '2023-10-31 11:17:33', '2023-10-31 11:17:33'),
(110, 'PR-2023-107', 1, NULL, NULL, '2023-11-01', 'sdfs', 'Foreign', 0, '2023-11-02', 'TSLL', 6, '2023-11-01 08:20:23', '2023-11-01 08:20:23'),
(111, 'PR-2023-111', 2, NULL, 'scm/prs/hXy6AAoNo11698840637.png', '2023-11-01', 'tetete', 'Foreign', 1, '2023-11-03', 'TSLL', 6, '2023-11-01 12:10:38', '2023-11-01 12:10:38'),
(116, 'PR-2023-112', 2, 4, 'scm/prs/tuOyGGTiUq1700738403.jpg', '2023-11-03', '55535f', 'Foreign', 1, '2023-11-07', 'PSML', 6, '2023-11-23 11:04:53', '2023-11-23 11:20:03'),
(117, 'PR-2023-117', 2, 4, NULL, '2023-11-01', 'ada', 'Foreign', 0, '2023-11-11', 'PSML', 6, '2023-11-26 09:34:58', '2023-11-26 09:47:37'),
(118, 'PR-2023-118', 2, 4, 'scm/prs/9aadCKfHi91700992427.jpg', '2023-11-01', 'sdf', 'Foreign', 0, '2023-11-01', 'PSML', 6, '2023-11-26 09:52:40', '2023-11-26 09:53:47'),
(119, 'PR-2023-119', 2, 4, 'scm/prs/xhlGR1D8LU1700992561.jpg', '2008-09-09', 'Placeat dolorem nem', 'Foreign', 1, '2005-12-09', 'PSML', 6, '2023-11-26 09:55:27', '2023-11-26 09:56:01'),
(120, 'PR-2023-120', 28, 4, NULL, '2023-11-01', 'sda', 'Foreign', 0, '2023-11-01', 'PSML', 6, '2023-11-26 12:00:31', '2023-11-27 09:35:00'),
(121, 'PR-2023-121', 2, 4, NULL, '2023-11-27', '', 'Local', 1, '2023-11-27', 'PSML', 6, '2023-11-27 09:42:34', '2023-11-27 09:42:34'),
(122, 'PR-2023-122', 28, 4, NULL, '2023-11-27', '', 'Foreign', 0, '2023-11-27', 'PSML', 6, '2023-11-27 11:55:12', '2023-11-27 11:55:12');

INSERT INTO `scm_services` (`id`, `name`, `short_code`, `description`, `created_at`, `updated_at`) VALUES
(1, 'Cleaning', 'cln-4234', 'Description will come here.', '2023-10-25 04:45:52', '2023-10-25 04:45:52');
INSERT INTO `scm_services` (`id`, `name`, `short_code`, `description`, `created_at`, `updated_at`) VALUES
(2, 'Paint', 'pt-12312', 'Description will come here.', '2023-11-05 04:17:04', '2023-11-05 04:17:04');


INSERT INTO `scm_si_lines` (`id`, `scm_si_id`, `scm_material_id`, `unit`, `quantity`, `sr_composite_key`, `si_composite_key`, `created_at`, `updated_at`) VALUES
(5, 2, 1, 'KG', 50, '2-SR-1', '2-SI-1', '2023-11-08 06:12:11', '2023-11-08 06:12:11');
INSERT INTO `scm_si_lines` (`id`, `scm_si_id`, `scm_material_id`, `unit`, `quantity`, `sr_composite_key`, `si_composite_key`, `created_at`, `updated_at`) VALUES
(6, 2, 3, 'Liter', 50, '2-SR-3', '2-SI-3', '2023-11-08 06:12:11', '2023-11-08 06:12:11');
INSERT INTO `scm_si_lines` (`id`, `scm_si_id`, `scm_material_id`, `unit`, `quantity`, `sr_composite_key`, `si_composite_key`, `created_at`, `updated_at`) VALUES
(7, 36, 1, 'KG', 100, '2-SR-1', '36-SI-1', '2023-11-09 06:50:45', '2023-11-09 06:50:45');
INSERT INTO `scm_si_lines` (`id`, `scm_si_id`, `scm_material_id`, `unit`, `quantity`, `sr_composite_key`, `si_composite_key`, `created_at`, `updated_at`) VALUES
(8, 36, 3, 'Liter', 200, '2-SR-3', '36-SI-3', '2023-11-09 06:50:45', '2023-11-09 06:50:45'),
(9, 37, 1, 'KG', 100, '2-SR-1', '37-SI-1', '2023-11-09 07:01:29', '2023-11-09 07:01:29'),
(10, 37, 3, 'Liter', 200, '2-SR-3', '37-SI-3', '2023-11-09 07:01:29', '2023-11-09 07:01:29'),
(11, 38, 1, 'KG', 10, '2-SR-1', '38-SI-1', '2023-11-09 07:23:55', '2023-11-09 07:23:55'),
(12, 38, 3, 'Liter', 20, '2-SR-3', '38-SI-3', '2023-11-09 07:23:55', '2023-11-09 07:23:55'),
(13, 39, 1, 'KG', 1, '2-SR-1', '39-SI-1', '2023-11-09 07:24:54', '2023-11-09 07:24:54'),
(14, 39, 3, 'Liter', 1, '2-SR-3', '39-SI-3', '2023-11-09 07:24:54', '2023-11-09 07:24:54'),
(15, 40, 1, 'KG', 100, '2-SR-1', '40-SI-1', '2023-11-09 07:30:13', '2023-11-09 07:30:13'),
(16, 40, 3, 'Liter', 200, '2-SR-3', '40-SI-3', '2023-11-09 07:30:13', '2023-11-09 07:30:13'),
(17, 41, 1, 'KG', 10, '2-SR-1', '41-SI-1', '2023-11-09 07:32:25', '2023-11-09 07:32:25'),
(18, 41, 3, 'Liter', 29, '2-SR-3', '41-SI-3', '2023-11-09 07:32:25', '2023-11-09 07:32:25'),
(19, 42, 1, 'KG', 10, '2-SR-1', '42-SI-1', '2023-11-09 07:33:07', '2023-11-09 07:33:07'),
(20, 42, 3, 'Liter', 20, '2-SR-3', '42-SI-3', '2023-11-09 07:33:07', '2023-11-09 07:33:07');

INSERT INTO `scm_sir_lines` (`id`, `scm_material_id`, `scm_sir_id`, `unit`, `quantity`, `notes`, `si_composite_key`, `sr_composite_key`, `created_at`, `updated_at`) VALUES
(1, 1, 3, 'KG', 100, '\'\'', '37-SI-1', '2-SR-1', '2023-11-12 10:21:55', '2023-11-12 10:21:55');
INSERT INTO `scm_sir_lines` (`id`, `scm_material_id`, `scm_sir_id`, `unit`, `quantity`, `notes`, `si_composite_key`, `sr_composite_key`, `created_at`, `updated_at`) VALUES
(2, 3, 3, 'Liter', 200, '\'/', '37-SI-3', '2-SR-3', '2023-11-12 10:21:55', '2023-11-12 10:21:55');


INSERT INTO `scm_sirs` (`id`, `ref_no`, `scm_si_id`, `scm_warehouse_id`, `acc_cost_center_id`, `department_id`, `date`, `business_unit`, `created_by`, `created_at`, `updated_at`) VALUES
(3, 'SIR-2023-1', 37, 2, NULL, NULL, '2023-11-13', 'PSML', NULL, '2023-11-12 10:21:55', '2023-11-12 10:21:55');


INSERT INTO `scm_sis` (`id`, `ref_no`, `scm_warehouse_id`, `scm_sr_id`, `acc_cost_center_id`, `department_id`, `date`, `remarks`, `business_unit`, `created_by`, `created_at`, `updated_at`) VALUES
(2, 'SI-2023-1', 2, 2, NULL, NULL, '2023-11-15', 'kljkl', 'PSML', NULL, '2023-11-08 06:12:11', '2023-11-08 06:12:11');
INSERT INTO `scm_sis` (`id`, `ref_no`, `scm_warehouse_id`, `scm_sr_id`, `acc_cost_center_id`, `department_id`, `date`, `remarks`, `business_unit`, `created_by`, `created_at`, `updated_at`) VALUES
(6, 'SI-2023-3', 2, 2, NULL, NULL, '2023-11-10', 'gddgdgd', 'PSML', NULL, '2023-11-09 06:16:00', '2023-11-09 06:16:00');
INSERT INTO `scm_sis` (`id`, `ref_no`, `scm_warehouse_id`, `scm_sr_id`, `acc_cost_center_id`, `department_id`, `date`, `remarks`, `business_unit`, `created_by`, `created_at`, `updated_at`) VALUES
(7, 'SI-2023-7', 2, 2, NULL, NULL, '2023-11-22', '', 'PSML', NULL, '2023-11-09 06:17:12', '2023-11-09 06:17:12');
INSERT INTO `scm_sis` (`id`, `ref_no`, `scm_warehouse_id`, `scm_sr_id`, `acc_cost_center_id`, `department_id`, `date`, `remarks`, `business_unit`, `created_by`, `created_at`, `updated_at`) VALUES
(13, 'SI-2023-8', 2, 2, NULL, NULL, '2023-11-06', 'jghjj', 'PSML', NULL, '2023-11-09 06:21:09', '2023-11-09 06:21:09'),
(36, 'SI-2023-14', 2, 2, NULL, NULL, '2023-11-09', 'lkjl', 'PSML', NULL, '2023-11-09 06:50:45', '2023-11-09 06:50:45'),
(37, 'SI-2023-37', 2, 2, NULL, NULL, '2023-11-09', '', 'PSML', NULL, '2023-11-09 07:01:29', '2023-11-09 07:01:29'),
(38, 'SI-2023-38', 2, 2, NULL, NULL, '2023-11-08', 'ikh', 'PSML', NULL, '2023-11-09 07:23:55', '2023-11-09 07:23:55'),
(39, 'SI-2023-39', 2, 2, NULL, NULL, '2023-11-15', 'hfh', 'PSML', NULL, '2023-11-09 07:24:54', '2023-11-09 07:24:54'),
(40, 'SI-2023-40', 2, 2, NULL, NULL, '2023-11-15', 'jhgj', 'PSML', NULL, '2023-11-09 07:30:13', '2023-11-09 07:30:13'),
(41, 'SI-2023-41', 2, 2, NULL, NULL, '2023-11-09', 'lj', 'PSML', NULL, '2023-11-09 07:32:25', '2023-11-09 07:32:25'),
(42, 'SI-2023-42', 2, 2, NULL, NULL, '2023-11-16', 'jj', 'PSML', NULL, '2023-11-09 07:33:07', '2023-11-09 07:33:07');

INSERT INTO `scm_sr_lines` (`id`, `scm_sr_id`, `scm_material_id`, `unit`, `specification`, `quantity`, `sr_composite_key`, `created_at`, `updated_at`) VALUES
(5, 2, 1, 'KG', 'asdas', 100, '2-SR-1', '2023-11-08 04:35:59', '2023-11-08 04:35:59');
INSERT INTO `scm_sr_lines` (`id`, `scm_sr_id`, `scm_material_id`, `unit`, `specification`, `quantity`, `sr_composite_key`, `created_at`, `updated_at`) VALUES
(6, 2, 3, 'Liter', 'dasda', 200, '2-SR-3', '2023-11-08 04:35:59', '2023-11-08 04:35:59');
INSERT INTO `scm_sr_lines` (`id`, `scm_sr_id`, `scm_material_id`, `unit`, `specification`, `quantity`, `sr_composite_key`, `created_at`, `updated_at`) VALUES
(11, 3, 1, 'KG', 'Not specified', 200, '0-3-SR-1', '2023-11-27 11:21:24', '2023-11-27 11:21:24');
INSERT INTO `scm_sr_lines` (`id`, `scm_sr_id`, `scm_material_id`, `unit`, `specification`, `quantity`, `sr_composite_key`, `created_at`, `updated_at`) VALUES
(12, 3, 3, 'Liter', 'River - W8', 500, '1-3-SR-3', '2023-11-27 11:21:24', '2023-11-27 11:21:24');

INSERT INTO `scm_srs` (`id`, `ref_no`, `scm_warehouse_id`, `acc_cost_center_id`, `department_id`, `date`, `remarks`, `business_unit`, `created_by`, `created_at`, `updated_at`) VALUES
(2, 'SR-2023-1', 2, NULL, NULL, '2023-11-09', 'asdas', 'PSML', NULL, '2023-11-08 04:35:59', '2023-11-08 04:35:59');
INSERT INTO `scm_srs` (`id`, `ref_no`, `scm_warehouse_id`, `acc_cost_center_id`, `department_id`, `date`, `remarks`, `business_unit`, `created_by`, `created_at`, `updated_at`) VALUES
(3, 'SR-2023-3', 28, NULL, 2, '2023-11-27', 'Not applicable', 'PSML', NULL, '2023-11-27 11:09:54', '2023-11-27 11:21:24');


INSERT INTO `scm_stock_ledgers` (`id`, `scm_material_id`, `scm_warehouse_id`, `acc_cost_center_id`, `parent_id`, `stockable_type`, `stockable_id`, `recievable_type`, `recievable_id`, `quantity`, `gross_unit_price`, `gross_foreign_unit_price`, `net_unit_price`, `net_foreign_unit_price`, `currency`, `exchange_rate`, `business_unit`, `received_date`, `created_at`, `updated_at`) VALUES
(1, 1, 1, NULL, NULL, 'Modules\\SupplyChain\\Entities\\ScmOpeningStock', 21, NULL, NULL, 100, '15.00', NULL, 15, NULL, 'BDT', NULL, 'TSLL', '2023-10-24 00:00:00', '2023-10-25 04:34:48', '2023-10-25 04:34:48');
INSERT INTO `scm_stock_ledgers` (`id`, `scm_material_id`, `scm_warehouse_id`, `acc_cost_center_id`, `parent_id`, `stockable_type`, `stockable_id`, `recievable_type`, `recievable_id`, `quantity`, `gross_unit_price`, `gross_foreign_unit_price`, `net_unit_price`, `net_foreign_unit_price`, `currency`, `exchange_rate`, `business_unit`, `received_date`, `created_at`, `updated_at`) VALUES
(2, 2, 1, NULL, NULL, 'Modules\\SupplyChain\\Entities\\ScmOpeningStock', 21, NULL, NULL, 200, '20.00', NULL, 20, NULL, 'BDT', NULL, 'TSLL', '2023-10-24 00:00:00', '2023-10-25 04:34:48', '2023-10-25 04:34:48');
INSERT INTO `scm_stock_ledgers` (`id`, `scm_material_id`, `scm_warehouse_id`, `acc_cost_center_id`, `parent_id`, `stockable_type`, `stockable_id`, `recievable_type`, `recievable_id`, `quantity`, `gross_unit_price`, `gross_foreign_unit_price`, `net_unit_price`, `net_foreign_unit_price`, `currency`, `exchange_rate`, `business_unit`, `received_date`, `created_at`, `updated_at`) VALUES
(3, 1, 1, NULL, NULL, 'Modules\\SupplyChain\\Entities\\ScmOpeningStock', 22, NULL, NULL, 250, '10.00', NULL, 10, NULL, 'BDT', NULL, 'TSLL', '2023-10-25 07:04:31', '2023-10-25 07:04:31', '2023-10-25 07:04:31');
INSERT INTO `scm_stock_ledgers` (`id`, `scm_material_id`, `scm_warehouse_id`, `acc_cost_center_id`, `parent_id`, `stockable_type`, `stockable_id`, `recievable_type`, `recievable_id`, `quantity`, `gross_unit_price`, `gross_foreign_unit_price`, `net_unit_price`, `net_foreign_unit_price`, `currency`, `exchange_rate`, `business_unit`, `received_date`, `created_at`, `updated_at`) VALUES
(4, 3, 2, NULL, NULL, 'Modules\\SupplyChain\\Entities\\ScmOpeningStock', 24, NULL, NULL, 125, '20.00', NULL, 20, NULL, 'BDT', NULL, 'PSML', '2023-11-06 04:54:34', '2023-11-06 04:54:34', '2023-11-06 04:54:34'),
(5, 1, 2, NULL, NULL, 'Modules\\SupplyChain\\Entities\\ScmOpeningStock', 24, NULL, NULL, 50, '25000.00', NULL, 25000, NULL, 'BDT', NULL, 'PSML', '2023-11-06 04:54:34', '2023-11-06 04:54:34', '2023-11-06 04:54:34'),
(6, 3, 1, NULL, NULL, 'Modules\\SupplyChain\\Entities\\ScmOpeningStock', 25, NULL, NULL, 500, '20.00', NULL, 20, NULL, 'BDT', NULL, 'PSML', '2023-11-06 06:03:21', '2023-11-06 06:03:21', '2023-11-06 06:03:21'),
(7, 2, 1, NULL, NULL, 'Modules\\SupplyChain\\Entities\\ScmOpeningStock', 25, NULL, NULL, 300, '550.00', NULL, 550, NULL, 'BDT', NULL, 'PSML', '2023-11-06 06:03:21', '2023-11-06 06:03:21', '2023-11-06 06:03:21'),
(10, 2, 1, NULL, NULL, 'Modules\\SupplyChain\\Entities\\ScmOpeningStock', 26, NULL, NULL, 1010, '9090.00', NULL, 9090, NULL, NULL, NULL, 'PSML', '2023-11-06 06:48:13', '2023-11-06 06:48:13', '2023-11-06 06:48:13'),
(11, 1, 1, NULL, NULL, 'Modules\\SupplyChain\\Entities\\ScmOpeningStock', 26, NULL, NULL, 99, '11.00', NULL, 11, NULL, NULL, NULL, 'PSML', '2023-11-06 06:48:13', '2023-11-06 06:48:13', '2023-11-06 06:48:13'),
(14, 1, 2, NULL, NULL, 'Modules\\SupplyChain\\Entities\\ScmMrr', 2, NULL, NULL, 123, '100.00', NULL, 100, NULL, NULL, NULL, 'TSLL', '2023-11-06 07:20:31', '2023-11-06 07:20:31', '2023-11-06 07:20:31'),
(15, 3, 2, NULL, NULL, 'Modules\\SupplyChain\\Entities\\ScmMrr', 2, NULL, NULL, 1000, '200.00', NULL, 200, NULL, NULL, NULL, 'TSLL', '2023-11-06 07:20:31', '2023-11-06 07:20:31', '2023-11-06 07:20:31'),
(16, 1, 2, NULL, NULL, 'Modules\\SupplyChain\\Entities\\ScmMrr', 3, NULL, NULL, 123, '100.00', NULL, 99, NULL, NULL, NULL, 'TSLL', '2023-11-07 07:03:45', '2023-11-07 07:03:45', '2023-11-07 07:03:45'),
(17, 3, 2, NULL, NULL, 'Modules\\SupplyChain\\Entities\\ScmMrr', 3, NULL, NULL, 1000, '120.00', NULL, 119, NULL, NULL, NULL, 'TSLL', '2023-11-07 07:03:45', '2023-11-07 07:03:45', '2023-11-07 07:03:45'),
(18, 1, 2, NULL, 16, 'Modules\\SupplyChain\\Entities\\ScmSi', 36, 'Modules\\SupplyChain\\Entities\\ScmMrr', 3, -100, '100.00', NULL, 99, NULL, NULL, NULL, 'TSLL', '2023-11-07 07:03:45', '2023-11-09 06:50:45', '2023-11-09 06:50:45'),
(19, 3, 2, NULL, 17, 'Modules\\SupplyChain\\Entities\\ScmSi', 36, 'Modules\\SupplyChain\\Entities\\ScmMrr', 3, -200, '120.00', NULL, 119, NULL, NULL, NULL, 'TSLL', '2023-11-07 07:03:45', '2023-11-09 06:50:45', '2023-11-09 06:50:45'),
(20, 1, 2, NULL, 5, 'Modules\\SupplyChain\\Entities\\ScmSi', 37, 'Modules\\SupplyChain\\Entities\\ScmOpeningStock', 24, -50, '25000.00', NULL, 25000, NULL, 'BDT', NULL, 'PSML', '2023-11-06 04:54:34', '2023-11-09 07:01:29', '2023-11-09 07:01:29'),
(21, 1, 2, NULL, 14, 'Modules\\SupplyChain\\Entities\\ScmSi', 37, 'Modules\\SupplyChain\\Entities\\ScmMrr', 2, -50, '100.00', NULL, 100, NULL, NULL, NULL, 'TSLL', '2023-11-06 07:20:31', '2023-11-09 07:01:29', '2023-11-09 07:01:29'),
(22, 3, 2, NULL, 4, 'Modules\\SupplyChain\\Entities\\ScmSi', 37, 'Modules\\SupplyChain\\Entities\\ScmOpeningStock', 24, -125, '20.00', NULL, 20, NULL, 'BDT', NULL, 'PSML', '2023-11-06 04:54:34', '2023-11-09 07:01:29', '2023-11-09 07:01:29'),
(23, 3, 2, NULL, 15, 'Modules\\SupplyChain\\Entities\\ScmSi', 37, 'Modules\\SupplyChain\\Entities\\ScmMrr', 2, -75, '200.00', NULL, 200, NULL, NULL, NULL, 'TSLL', '2023-11-06 07:20:31', '2023-11-09 07:01:29', '2023-11-09 07:01:29'),
(24, 1, 2, NULL, 14, 'Modules\\SupplyChain\\Entities\\ScmSi', 38, 'Modules\\SupplyChain\\Entities\\ScmMrr', 2, -10, '100.00', NULL, 100, NULL, NULL, NULL, 'TSLL', '2023-11-06 07:20:31', '2023-11-09 07:23:55', '2023-11-09 07:23:55'),
(25, 3, 2, NULL, 15, 'Modules\\SupplyChain\\Entities\\ScmSi', 38, 'Modules\\SupplyChain\\Entities\\ScmMrr', 2, -20, '200.00', NULL, 200, NULL, NULL, NULL, 'TSLL', '2023-11-06 07:20:31', '2023-11-09 07:23:55', '2023-11-09 07:23:55'),
(26, 1, 2, NULL, 14, 'Modules\\SupplyChain\\Entities\\ScmSi', 39, 'Modules\\SupplyChain\\Entities\\ScmMrr', 2, -1, '100.00', NULL, 100, NULL, NULL, NULL, 'TSLL', '2023-11-06 07:20:31', '2023-11-09 07:24:54', '2023-11-09 07:24:54'),
(27, 3, 2, NULL, 15, 'Modules\\SupplyChain\\Entities\\ScmSi', 39, 'Modules\\SupplyChain\\Entities\\ScmMrr', 2, -1, '200.00', NULL, 200, NULL, NULL, NULL, 'TSLL', '2023-11-06 07:20:31', '2023-11-09 07:24:54', '2023-11-09 07:24:54'),
(28, 1, 2, NULL, 14, 'Modules\\SupplyChain\\Entities\\ScmSi', 40, 'Modules\\SupplyChain\\Entities\\ScmMrr', 2, -62, '100.00', NULL, 100, NULL, NULL, NULL, 'TSLL', '2023-11-06 07:20:31', '2023-11-09 07:30:13', '2023-11-09 07:30:13'),
(29, 1, 2, NULL, 16, 'Modules\\SupplyChain\\Entities\\ScmSi', 40, 'Modules\\SupplyChain\\Entities\\ScmMrr', 3, -23, '100.00', NULL, 99, NULL, NULL, NULL, 'TSLL', '2023-11-07 07:03:45', '2023-11-09 07:30:13', '2023-11-09 07:30:13'),
(30, 3, 2, NULL, 15, 'Modules\\SupplyChain\\Entities\\ScmSi', 40, 'Modules\\SupplyChain\\Entities\\ScmMrr', 2, -200, '200.00', NULL, 200, NULL, NULL, NULL, 'TSLL', '2023-11-06 07:20:31', '2023-11-09 07:30:13', '2023-11-09 07:30:13'),
(31, 3, 2, NULL, 15, 'Modules\\SupplyChain\\Entities\\ScmSi', 41, 'Modules\\SupplyChain\\Entities\\ScmMrr', 2, -29, '200.00', NULL, 200, NULL, NULL, NULL, 'TSLL', '2023-11-06 07:20:31', '2023-11-09 07:32:26', '2023-11-09 07:32:26'),
(32, 3, 2, NULL, 15, 'Modules\\SupplyChain\\Entities\\ScmSi', 42, 'Modules\\SupplyChain\\Entities\\ScmMrr', 2, -20, '200.00', NULL, 200, NULL, NULL, NULL, 'TSLL', '2023-11-06 07:20:31', '2023-11-09 07:33:07', '2023-11-09 07:33:07'),
(33, 1, 2, NULL, 14, 'Modules\\SupplyChain\\Entities\\ScmSir', 3, 'Modules\\SupplyChain\\Entities\\ScmMrr', 2, 50, '100.00', NULL, 100, NULL, NULL, NULL, 'TSLL', '2023-11-06 07:20:31', '2023-11-12 10:21:56', '2023-11-12 10:21:56'),
(34, 1, 2, NULL, 5, 'Modules\\SupplyChain\\Entities\\ScmSir', 3, 'Modules\\SupplyChain\\Entities\\ScmOpeningStock', 24, 50, '25000.00', NULL, 25000, NULL, 'BDT', NULL, 'PSML', '2023-11-06 04:54:34', '2023-11-12 10:21:56', '2023-11-12 10:21:56'),
(35, 3, 2, NULL, 15, 'Modules\\SupplyChain\\Entities\\ScmSir', 3, 'Modules\\SupplyChain\\Entities\\ScmMrr', 2, 75, '200.00', NULL, 200, NULL, NULL, NULL, 'TSLL', '2023-11-06 07:20:31', '2023-11-12 10:21:56', '2023-11-12 10:21:56'),
(36, 3, 2, NULL, 4, 'Modules\\SupplyChain\\Entities\\ScmSir', 3, 'Modules\\SupplyChain\\Entities\\ScmOpeningStock', 24, 125, '20.00', NULL, 20, NULL, 'BDT', NULL, 'PSML', '2023-11-06 04:54:34', '2023-11-12 10:21:56', '2023-11-12 10:21:56'),
(37, 3, 2, NULL, NULL, 'Modules\\SupplyChain\\Entities\\ScmOpeningStock', 27, NULL, NULL, 0, '0.00', NULL, 0, NULL, 'BDT', NULL, 'PSML', '2023-11-16 10:56:03', '2023-11-16 10:56:03', '2023-11-16 10:56:03'),
(38, 3, 2, NULL, NULL, 'Modules\\SupplyChain\\Entities\\ScmOpeningStock', 28, NULL, NULL, 98, '0.00', NULL, 0, NULL, 'BDT', NULL, 'PSML', '2023-11-17 09:14:21', '2023-11-17 09:14:21', '2023-11-17 09:14:21'),
(39, 3, 2, NULL, NULL, 'Modules\\SupplyChain\\Entities\\ScmOpeningStock', 30, NULL, NULL, 1233, '3333.00', NULL, 3333, NULL, 'BDT', NULL, 'PSML', '2023-11-20 11:10:33', '2023-11-20 11:10:34', '2023-11-20 11:10:34'),
(40, 2, 2, NULL, NULL, 'Modules\\SupplyChain\\Entities\\ScmOpeningStock', 30, NULL, NULL, 33, '3330.00', NULL, 3330, NULL, 'BDT', NULL, 'PSML', '2023-11-20 11:10:33', '2023-11-20 11:10:34', '2023-11-20 11:10:34'),
(41, 1, 2, NULL, NULL, 'Modules\\SupplyChain\\Entities\\ScmOpeningStock', 31, NULL, NULL, 111, '11110.00', NULL, 11110, NULL, 'BDT', NULL, 'PSML', '2023-11-20 11:13:51', '2023-11-20 11:13:51', '2023-11-20 11:13:51'),
(42, 3, 2, NULL, NULL, 'Modules\\SupplyChain\\Entities\\ScmOpeningStock', 31, NULL, NULL, 2220, '2220.00', NULL, 2220, NULL, 'BDT', NULL, 'PSML', '2023-11-20 11:13:51', '2023-11-20 11:13:51', '2023-11-20 11:13:51'),
(43, 2, 2, NULL, NULL, 'Modules\\SupplyChain\\Entities\\ScmOpeningStock', 32, NULL, NULL, 5, '100.00', NULL, 100, NULL, 'BDT', NULL, 'PSML', '2023-11-20 15:00:50', '2023-11-20 15:00:50', '2023-11-20 15:00:50'),
(44, 1, 2, NULL, NULL, 'Modules\\SupplyChain\\Entities\\ScmOpeningStock', 32, NULL, NULL, 11, '1.00', NULL, 1, NULL, 'BDT', NULL, 'PSML', '2023-11-20 15:00:50', '2023-11-20 15:00:50', '2023-11-20 15:00:50'),
(45, 3, 2, NULL, NULL, 'Modules\\SupplyChain\\Entities\\ScmOpeningStock', 32, NULL, NULL, 12, '1.00', NULL, 1, NULL, 'BDT', NULL, 'PSML', '2023-11-20 15:00:50', '2023-11-20 15:00:50', '2023-11-20 15:00:50'),
(46, 1, 2, NULL, NULL, 'Modules\\SupplyChain\\Entities\\ScmOpeningStock', 32, NULL, NULL, 1, '1.00', NULL, 1, NULL, 'BDT', NULL, 'PSML', '2023-11-20 15:00:50', '2023-11-20 15:00:50', '2023-11-20 15:00:50'),
(47, 1, 2, NULL, NULL, 'Modules\\SupplyChain\\Entities\\ScmOpeningStock', 33, NULL, NULL, 10, '34.00', NULL, 34, NULL, 'BDT', NULL, 'PSML', '2023-11-20 15:02:11', '2023-11-20 15:02:11', '2023-11-20 15:02:11');
INSERT INTO `scm_stock_ledgers` (`id`, `scm_material_id`, `scm_warehouse_id`, `acc_cost_center_id`, `parent_id`, `stockable_type`, `stockable_id`, `recievable_type`, `recievable_id`, `quantity`, `gross_unit_price`, `gross_foreign_unit_price`, `net_unit_price`, `net_foreign_unit_price`, `currency`, `exchange_rate`, `business_unit`, `received_date`, `created_at`, `updated_at`) VALUES
(48, 3, 2, NULL, NULL, 'Modules\\SupplyChain\\Entities\\ScmOpeningStock', 33, NULL, NULL, 7, '32.00', NULL, 32, NULL, 'BDT', NULL, 'PSML', '2023-11-20 15:02:11', '2023-11-20 15:02:11', '2023-11-20 15:02:11'),
(49, 2, 2, NULL, NULL, 'Modules\\SupplyChain\\Entities\\ScmOpeningStock', 33, NULL, NULL, 10, '32.00', NULL, 32, NULL, 'BDT', NULL, 'PSML', '2023-11-20 15:02:11', '2023-11-20 15:02:11', '2023-11-20 15:02:11'),
(50, 1, 2, NULL, NULL, 'Modules\\SupplyChain\\Entities\\ScmOpeningStock', 33, NULL, NULL, 8, '23.00', NULL, 23, NULL, 'BDT', NULL, 'PSML', '2023-11-20 15:02:11', '2023-11-20 15:02:11', '2023-11-20 15:02:11'),
(58, 12, 28, NULL, NULL, 'Modules\\SupplyChain\\Entities\\ScmOpeningStock', 34, NULL, NULL, 5, '200.00', NULL, 200, NULL, NULL, NULL, 'PSML', '2023-11-22 09:45:07', '2023-11-22 09:45:07', '2023-11-22 09:45:07'),
(59, 3, 28, NULL, NULL, 'Modules\\SupplyChain\\Entities\\ScmOpeningStock', 34, NULL, NULL, 100, '500.00', NULL, 500, NULL, NULL, NULL, 'PSML', '2023-11-22 09:45:07', '2023-11-22 09:45:07', '2023-11-22 09:45:07'),
(64, 3, 1, NULL, NULL, 'Modules\\SupplyChain\\Entities\\ScmOpeningStock', 35, NULL, NULL, 10, '0.00', NULL, 0, NULL, NULL, NULL, 'PSML', '2023-11-23 09:13:43', '2023-11-23 09:13:43', '2023-11-23 09:13:43'),
(65, 3, 1, NULL, NULL, 'Modules\\SupplyChain\\Entities\\ScmOpeningStock', 35, NULL, NULL, 1, '0.00', NULL, 0, NULL, NULL, NULL, 'PSML', '2023-11-23 09:13:43', '2023-11-23 09:13:43', '2023-11-23 09:13:43'),
(66, 2, 1, NULL, NULL, 'Modules\\SupplyChain\\Entities\\ScmOpeningStock', 35, NULL, NULL, 9, '0.00', NULL, 0, NULL, NULL, NULL, 'PSML', '2023-11-23 09:13:43', '2023-11-23 09:13:43', '2023-11-23 09:13:43'),
(67, 3, 2, NULL, NULL, 'Modules\\SupplyChain\\Entities\\ScmOpeningStock', 36, NULL, NULL, 81, '30.00', NULL, 30, NULL, 'BDT', NULL, 'PSML', '2023-11-23 09:14:24', '2023-11-23 09:14:24', '2023-11-23 09:14:24'),
(68, 1, 2, NULL, NULL, 'Modules\\SupplyChain\\Entities\\ScmOpeningStock', 37, NULL, NULL, 333, '43.00', NULL, 43, NULL, 'BDT', NULL, 'PSML', '2023-11-23 09:23:59', '2023-11-23 09:23:59', '2023-11-23 09:23:59'),
(69, 12, 31, NULL, NULL, 'Modules\\SupplyChain\\Entities\\ScmMrr', 1, NULL, NULL, 100, '100.00', NULL, 100, NULL, NULL, NULL, 'PSML', '2023-11-26 12:01:10', '2023-11-26 12:01:10', '2023-11-26 12:01:10'),
(70, 14, 31, NULL, NULL, 'Modules\\SupplyChain\\Entities\\ScmMrr', 1, NULL, NULL, 100, '100.00', NULL, 100, NULL, NULL, NULL, 'PSML', '2023-11-26 12:01:10', '2023-11-26 12:01:10', '2023-11-26 12:01:10');

INSERT INTO `scm_units` (`id`, `name`, `short_code`, `created_at`, `updated_at`) VALUES
(1, 'KG', 'kg', NULL, NULL);
INSERT INTO `scm_units` (`id`, `name`, `short_code`, `created_at`, `updated_at`) VALUES
(2, 'TON', 'ton', NULL, NULL);
INSERT INTO `scm_units` (`id`, `name`, `short_code`, `created_at`, `updated_at`) VALUES
(3, 'Meter', 'meter', NULL, '2023-11-23 05:30:36');
INSERT INTO `scm_units` (`id`, `name`, `short_code`, `created_at`, `updated_at`) VALUES
(4, 'Liter', 'liter', NULL, NULL),
(30, 'Pieces', 'p', '2023-11-21 06:12:37', '2023-11-21 06:12:37');

INSERT INTO `scm_vendor_contact_persons` (`id`, `scm_vendor_id`, `name`, `designation`, `phone`, `email`, `status`, `assign_date`, `end_date`, `created_at`, `updated_at`) VALUES
(1, 1, 'asdasd', 'adasda', 'adsd', 'adasd', 1, '2023-10-23', NULL, '2023-10-23 08:53:09', '2023-10-23 08:53:09');
INSERT INTO `scm_vendor_contact_persons` (`id`, `scm_vendor_id`, `name`, `designation`, `phone`, `email`, `status`, `assign_date`, `end_date`, `created_at`, `updated_at`) VALUES
(2, 1, 'asdasd', 'adasda', 'adsd', 'adasd', 1, '2023-10-23', NULL, '2023-11-01 10:45:21', '2023-11-01 10:45:21');
INSERT INTO `scm_vendor_contact_persons` (`id`, `scm_vendor_id`, `name`, `designation`, `phone`, `email`, `status`, `assign_date`, `end_date`, `created_at`, `updated_at`) VALUES
(9, 1, 'asdasd', 'adasda', 'adsd', 'adasd@deded.rtrt', 1, '2023-10-23', NULL, '2023-11-20 11:09:35', '2023-11-20 11:09:35');
INSERT INTO `scm_vendor_contact_persons` (`id`, `scm_vendor_id`, `name`, `designation`, `phone`, `email`, `status`, `assign_date`, `end_date`, `created_at`, `updated_at`) VALUES
(10, 1, 'asdasd', 'adasda', 'adsd', 'adasd@deded.rtrt1', 1, '2023-10-23', NULL, '2023-11-20 11:09:56', '2023-11-20 11:09:56'),
(11, 4, 'Mr. Bikash', 'Computer supplier', '01987675454', 'bkash@gmail.com', 1, '2023-10-23', NULL, '2023-11-21 07:24:00', '2023-11-21 07:24:00'),
(12, 4, 'Mr. Bikash', 'Computer supplier', '01987675454', 'bkash@gmail.com', 1, '2023-10-23', NULL, '2023-11-21 07:29:37', '2023-11-21 07:29:37'),
(13, 4, 'Mr. Bikash', 'Computer supplier', '01987675454', 'bkash@gmail.com', 1, '2023-10-23', NULL, '2023-11-21 07:30:02', '2023-11-21 07:30:02'),
(14, 4, 'Mr. Bikash', 'Computer supplier', '01987675454', 'bkash@gmail.com', 1, '2023-10-23', NULL, '2023-11-22 06:12:56', '2023-11-22 06:12:56'),
(15, 4, 'Mr. Bikash', 'Computer supplier', '01987675454', 'bkash@gmail.com', 1, '2023-10-23', NULL, '2023-11-22 06:13:51', '2023-11-22 06:13:51');

INSERT INTO `scm_vendors` (`id`, `name`, `address`, `country_id`, `country_name`, `vendor_type`, `account_ref_no`, `product_source_type`, `product_type`, `created_at`, `updated_at`) VALUES
(1, 'Vendor-01', 'address', NULL, 'bbbf', 'Local', NULL, 'Supplier', 'Saloon Store', '2023-10-23 08:53:09', '2023-11-20 11:09:35');
INSERT INTO `scm_vendors` (`id`, `name`, `address`, `country_id`, `country_name`, `vendor_type`, `account_ref_no`, `product_source_type`, `product_type`, `created_at`, `updated_at`) VALUES
(4, 'Advance Information Technology', 'Agrabad, Chattogram', NULL, 'Bangladesh', 'Local', NULL, 'Supplier', 'Engine Store', '2023-11-21 07:24:00', '2023-11-21 07:29:37');


INSERT INTO `scm_warehouse_contact_persons` (`id`, `scm_warehouse_id`, `name`, `designation`, `phone`, `email`, `status`, `assign_date`, `end_date`, `created_at`, `updated_at`) VALUES
(1, 1, 'qeqe', 'adas', '234234', 'sfsdf', 1, '2023-10-23', NULL, '2023-10-23 08:52:01', '2023-10-23 08:52:01');
INSERT INTO `scm_warehouse_contact_persons` (`id`, `scm_warehouse_id`, `name`, `designation`, `phone`, `email`, `status`, `assign_date`, `end_date`, `created_at`, `updated_at`) VALUES
(2, 2, 'ada', 'jkhk', '786868', 'hkjhkh', 1, '2023-10-23', NULL, '2023-10-30 07:34:18', '2023-10-30 07:34:18');
INSERT INTO `scm_warehouse_contact_persons` (`id`, `scm_warehouse_id`, `name`, `designation`, `phone`, `email`, `status`, `assign_date`, `end_date`, `created_at`, `updated_at`) VALUES
(23, 2, 'ada', 'jkhk', '786868', 'a@gmail.com', 1, '2023-10-23', NULL, '2023-11-20 09:44:30', '2023-11-20 09:44:30');
INSERT INTO `scm_warehouse_contact_persons` (`id`, `scm_warehouse_id`, `name`, `designation`, `phone`, `email`, `status`, `assign_date`, `end_date`, `created_at`, `updated_at`) VALUES
(24, 1, 'qeqe', 'adas', '234234', 'a@b.com', 1, '2023-10-23', NULL, '2023-11-20 09:48:12', '2023-11-20 09:48:12'),
(25, 2, 'ada', 'jkhk', '786868', 'a@gmail.com', 1, '2023-10-23', NULL, '2023-11-20 09:50:44', '2023-11-20 09:50:44'),
(26, 2, 'ada', 'jkhk', '786868', 'a@gmail.com', 1, '2023-10-23', NULL, '2023-11-20 09:50:53', '2023-11-20 09:50:53'),
(31, 28, 'Mr. Kabir', 'Manager', '018199876541', 'kabir@gmail.com', 1, '2023-10-23', NULL, '2023-11-21 06:36:09', '2023-11-21 06:36:09'),
(32, 28, 'Mr. Kabir', 'Manager', '018199876541', 'kabir@gmail', 1, '2023-10-23', NULL, '2023-11-21 06:36:50', '2023-11-21 06:36:50'),
(33, 28, 'Mr. Kabir', 'Manager', '018199876541', 'kabir@gmail.com', 1, '2023-10-23', NULL, '2023-11-21 06:38:27', '2023-11-21 06:38:27'),
(34, 28, 'Mr. Kabir', 'Manager', '018199876541', 'kabir@gmail.com', 1, '2023-10-23', NULL, '2023-11-21 06:38:58', '2023-11-21 06:38:58'),
(35, 28, 'Mr. Kabir', 'Manager', '01819987654', 'kabir@gmail.com', 1, '2023-10-23', NULL, '2023-11-21 06:40:38', '2023-11-21 06:40:38'),
(36, 28, 'Mr. Kabir', 'Manager', '01819987654', 'kabir@gmail.com', 1, '2023-10-23', NULL, '2023-11-22 06:10:37', '2023-11-22 06:10:37'),
(37, 28, 'Mr. Kabir', 'Manager', '01819987654', 'kabir@gmail.com', 1, '2023-10-23', NULL, '2023-11-22 06:12:06', '2023-11-22 06:12:06'),
(44, 31, 'asd', 'asd', '345', 'a@b.com', 1, '2023-10-23', NULL, '2023-11-26 11:58:59', '2023-11-26 11:58:59');

INSERT INTO `scm_warehouses` (`id`, `name`, `cost_center_id`, `address`, `short_code`, `ops_vessel_id`, `business_unit`, `created_at`, `updated_at`) VALUES
(1, 'Rania 5', NULL, NULL, '234234', NULL, 'PSML', '2023-10-23 08:52:01', '2023-10-23 08:52:01');
INSERT INTO `scm_warehouses` (`id`, `name`, `cost_center_id`, `address`, `short_code`, `ops_vessel_id`, `business_unit`, `created_at`, `updated_at`) VALUES
(2, 'Rania 8', 4, 'address', '123123', NULL, 'PSML', '2023-10-30 07:34:18', '2023-11-20 09:50:53');
INSERT INTO `scm_warehouses` (`id`, `name`, `cost_center_id`, `address`, `short_code`, `ops_vessel_id`, `business_unit`, `created_at`, `updated_at`) VALUES
(28, 'Agrabad', 4, 'Amin future park', '123', NULL, 'PSML', '2023-11-21 06:36:09', '2023-11-21 06:40:38');







INSERT INTO `Transactions_lts` (`acc_cost_center_id`, `voucher_type`, `transaction_date`, `transactionable_id`, `transactionable_type`, `bill_no`, `mr_no`, `narration`, `instrument_type`, `instrument_no`, `instrument_date`, `business_unit`, `created_at`, `updated_at`) VALUES
(1, 'Receipt', '2022-03-10 00:00:00', '827', 'App\\SalesCollection', '\\N', '827', '\\N', 'Cheque', '1203624', '3/10/2022', 'PSML', '2022-05-18 16:55:00', '2022-05-18 16:55:00');
INSERT INTO `Transactions_lts` (`acc_cost_center_id`, `voucher_type`, `transaction_date`, `transactionable_id`, `transactionable_type`, `bill_no`, `mr_no`, `narration`, `instrument_type`, `instrument_no`, `instrument_date`, `business_unit`, `created_at`, `updated_at`) VALUES
(1, 'Receipt', '2022-03-10 00:00:00', '826', 'App\\SalesCollection', '\\N', '826', '\\N', 'Cheque', '1203624', '3/10/2022', 'PSML', '2022-05-18 17:25:00', '2022-05-18 17:25:00');
INSERT INTO `Transactions_lts` (`acc_cost_center_id`, `voucher_type`, `transaction_date`, `transactionable_id`, `transactionable_type`, `bill_no`, `mr_no`, `narration`, `instrument_type`, `instrument_no`, `instrument_date`, `business_unit`, `created_at`, `updated_at`) VALUES
(1, 'Receipt', '2022-05-17 00:00:00', '824', 'App\\SalesCollection', '\\N', '824', '\\N', 'Cash', '\\N', '5/17/2022', 'PSML', '2022-05-18 17:53:00', '2022-05-18 17:53:00');
INSERT INTO `Transactions_lts` (`acc_cost_center_id`, `voucher_type`, `transaction_date`, `transactionable_id`, `transactionable_type`, `bill_no`, `mr_no`, `narration`, `instrument_type`, `instrument_no`, `instrument_date`, `business_unit`, `created_at`, `updated_at`) VALUES
(1, 'Receipt', '2022-05-17 00:00:00', '823', 'App\\SalesCollection', '\\N', '823', '\\N', 'Cash', '\\N', '5/17/2022', 'PSML', '2022-05-18 17:54:00', '2022-05-18 17:54:00'),
(1, 'Receipt', '2022-01-25 00:00:00', '822', 'App\\SalesCollection', '\\N', '822', '\\N', 'Cheque', '1888605', '1/25/2022', 'PSML', '2022-05-18 17:56:00', '2022-05-18 17:56:00'),
(1, 'Receipt', '2022-02-27 00:00:00', '832', 'App\\SalesCollection', '\\N', '832', '\\N', 'Cheque', '1240307', '2/27/2022', 'PSML', '2022-05-19 12:34:00', '2022-05-19 12:34:00'),
(1, 'Receipt', '2019-02-24 00:00:00', '855', 'App\\SalesCollection', '\\N', '855', '\\N', 'Cash', '\\N', '2/24/2019', 'PSML', '2022-05-19 15:13:00', '2022-05-19 15:13:00'),
(1, 'Receipt', '2019-01-13 00:00:00', '854', 'App\\SalesCollection', '\\N', '854', '\\N', 'Cash', '\\N', '1/13/2019', 'PSML', '2022-05-19 15:20:00', '2022-05-19 15:20:00'),
(1, 'Receipt', '2019-06-13 00:00:00', '856', 'App\\SalesCollection', '\\N', '856', '\\N', 'Cheque', '1232356', '6/13/2019', 'PSML', '2022-05-19 16:00:00', '2022-05-19 16:00:00'),
(1, 'Receipt', '2019-06-13 00:00:00', '858', 'App\\SalesCollection', '\\N', '858', '\\N', 'Cash', '\\N', '6/13/2019', 'PSML', '2022-05-19 16:07:00', '2022-05-19 16:07:00'),
(1, 'Receipt', '2021-10-31 00:00:00', '863', 'App\\SalesCollection', '\\N', '863', '\\N', 'Cheque', '5999205', '10/31/2021', 'PSML', '2022-05-19 16:19:00', '2022-05-19 16:19:00'),
(1, 'Receipt', '2022-03-27 00:00:00', '868', 'App\\SalesCollection', '\\N', '868', '\\N', 'Cash', '\\N', '3/27/2022', 'PSML', '2022-05-19 16:48:00', '2022-05-19 16:48:00'),
(1, 'Receipt', '2022-02-22 00:00:00', '867', 'App\\SalesCollection', '\\N', '867', '\\N', 'Cash', '\\N', '2/22/2022', 'PSML', '2022-05-19 16:50:00', '2022-05-19 16:50:00'),
(1, 'Receipt', '2022-01-24 00:00:00', '866', 'App\\SalesCollection', '\\N', '866', '\\N', 'Cash', '\\N', '1/24/2022', 'PSML', '2022-05-19 16:51:00', '2022-05-19 16:51:00'),
(1, 'Receipt', '2018-05-06 00:00:00', '215', 'App\\SalesCollection', '\\N', '215', '\\N', 'Pay Order', '2126330', '5/6/2018', 'PSML', '2022-06-20 16:16:00', '2022-06-20 16:16:00'),
(1, 'Receipt', '2018-05-07 00:00:00', '216', 'App\\SalesCollection', '\\N', '216', '\\N', 'Pay Order', '1623878', '5/7/2018', 'PSML', '2022-06-20 16:18:00', '2022-06-20 16:18:00'),
(1, 'Receipt', '2018-05-09 00:00:00', '217', 'App\\SalesCollection', '\\N', '217', '\\N', 'Pay Order', '2126343', '5/9/2018', 'PSML', '2022-06-20 16:19:00', '2022-06-20 16:19:00'),
(1, 'Receipt', '2018-05-10 00:00:00', '218', 'App\\SalesCollection', '\\N', '218', '\\N', 'Pay Order', '1623883', '5/10/2018', 'PSML', '2022-06-20 16:23:00', '2022-06-20 16:23:00'),
(1, 'Receipt', '2018-05-22 00:00:00', '219', 'App\\SalesCollection', '\\N', '219', '\\N', 'Pay Order', '1623890', '5/22/2018', 'PSML', '2022-06-20 16:33:00', '2022-06-20 16:33:00'),
(1, 'Receipt', '2018-06-19 00:00:00', '220', 'App\\SalesCollection', '\\N', '220', '\\N', 'Pay Order', '2126458', '6/19/2018', 'PSML', '2022-06-20 16:35:00', '2022-06-20 16:35:00'),
(1, 'Receipt', '2018-07-19 00:00:00', '221', 'App\\SalesCollection', '\\N', '221', '\\N', 'Pay Order', '2404378', '7/19/2018', 'PSML', '2022-06-20 16:37:00', '2022-06-20 16:37:00'),
(1, 'Receipt', '2018-08-14 00:00:00', '222', 'App\\SalesCollection', '\\N', '222', '\\N', 'Pay Order', '2430999', '8/14/2018', 'PSML', '2022-06-20 16:45:00', '2022-06-20 16:45:00'),
(1, 'Receipt', '2018-09-23 00:00:00', '223', 'App\\SalesCollection', '\\N', '223', '\\N', 'Pay Order', '2404550', '9/23/2018', 'PSML', '2022-06-20 16:52:00', '2022-06-20 16:52:00'),
(1, 'Receipt', '2018-10-16 00:00:00', '224', 'App\\SalesCollection', '\\N', '224', '\\N', 'Pay Order', '2404637', '10/16/2018', 'PSML', '2022-06-20 16:53:00', '2022-06-20 16:53:00'),
(1, 'Receipt', '2018-11-27 00:00:00', '225', 'App\\SalesCollection', '\\N', '225', '\\N', 'Pay Order', '2404777', '11/27/2018', 'PSML', '2022-06-20 17:49:00', '2022-06-20 17:49:00'),
(1, 'Receipt', '2018-11-18 00:00:00', '226', 'App\\SalesCollection', '\\N', '226', '\\N', 'Pay Order', '2404905', '11/18/2018', 'PSML', '2022-06-20 17:50:00', '2022-06-20 17:50:00'),
(1, 'Receipt', '2019-01-17 00:00:00', '227', 'App\\SalesCollection', '\\N', '227', '\\N', 'Pay Order', '2404990', '1/17/2019', 'PSML', '2022-06-20 17:51:00', '2022-06-20 17:51:00'),
(1, 'Receipt', '2019-02-17 00:00:00', '228', 'App\\SalesCollection', '\\N', '228', '\\N', 'Pay Order', '2555437', '2/17/2019', 'PSML', '2022-06-20 17:55:00', '2022-06-20 17:55:00'),
(1, 'Receipt', '2019-03-18 00:00:00', '229', 'App\\SalesCollection', '\\N', '229', '\\N', 'Pay Order', '2405169', '3/18/2019', 'PSML', '2022-06-20 17:59:00', '2022-06-20 17:59:00'),
(1, 'Receipt', '2019-04-10 00:00:00', '230', 'App\\SalesCollection', '\\N', '230', '\\N', 'Pay Order', '2405242', '4/10/2019', 'PSML', '2022-06-20 18:00:00', '2022-06-20 18:00:00'),
(1, 'Receipt', '2019-04-16 00:00:00', '231', 'App\\SalesCollection', '\\N', '231', '\\N', 'Pay Order', '2405270', '4/16/2019', 'PSML', '2022-06-21 17:45:00', '2022-06-21 17:45:00'),
(1, 'Receipt', '2019-05-14 00:00:00', '232', 'App\\SalesCollection', '\\N', '232', '\\N', 'Pay Order', '2638424', '5/14/2019', 'PSML', '2022-06-21 17:46:00', '2022-06-21 17:46:00'),
(1, 'Receipt', '2019-06-19 00:00:00', '233', 'App\\SalesCollection', '\\N', '233', '\\N', 'Pay Order', '2405464', '6/19/2019', 'PSML', '2022-06-21 17:46:00', '2022-06-21 17:46:00'),
(1, 'Receipt', '2019-07-17 00:00:00', '234', 'App\\SalesCollection', '\\N', '234', '\\N', 'Pay Order', '2405592', '7/17/2019', 'PSML', '2022-06-21 17:48:00', '2022-06-21 17:48:00'),
(1, 'Receipt', '2019-08-18 00:00:00', '235', 'App\\SalesCollection', '\\N', '235', '\\N', 'Pay Order', '2644366', '8/18/2019', 'PSML', '2022-06-21 17:49:00', '2022-06-21 17:49:00'),
(1, 'Receipt', '2019-09-23 00:00:00', '236', 'App\\SalesCollection', '\\N', '236', '\\N', 'Pay Order', '2405791', '9/23/2019', 'PSML', '2022-06-21 17:50:00', '2022-06-21 17:50:00'),
(1, 'Receipt', '2019-10-17 00:00:00', '237', 'App\\SalesCollection', '\\N', '237', '\\N', 'Pay Order', '2727096', '10/17/2019', 'PSML', '2022-06-21 17:53:00', '2022-06-21 17:53:00'),
(1, 'Receipt', '2019-11-19 00:00:00', '238', 'App\\SalesCollection', '\\N', '238', '\\N', 'Pay Order', '2736439', '11/19/2019', 'PSML', '2022-06-21 17:57:00', '2022-06-21 17:57:00'),
(1, 'Receipt', '2019-12-22 00:00:00', '239', 'App\\SalesCollection', '\\N', '239', '\\N', 'Pay Order', '2727438', '12/22/2019', 'PSML', '2022-06-21 17:58:00', '2022-06-21 17:58:00'),
(1, 'Receipt', '2020-01-19 00:00:00', '240', 'App\\SalesCollection', '\\N', '240', '\\N', 'Pay Order', '2727542', '1/19/2020', 'PSML', '2022-06-21 18:00:00', '2022-06-21 18:00:00'),
(1, 'Receipt', '2020-02-25 00:00:00', '241', 'App\\SalesCollection', '\\N', '241', '\\N', 'Pay Order', '2727678', '2/25/2020', 'PSML', '2022-06-21 18:01:00', '2022-06-21 18:01:00'),
(1, 'Receipt', '2020-03-16 00:00:00', '242', 'App\\SalesCollection', '\\N', '242', '\\N', 'Pay Order', '2744806', '3/16/2020', 'PSML', '2022-06-21 18:02:00', '2022-06-21 18:02:00'),
(1, 'Receipt', '2020-05-17 00:00:00', '243', 'App\\SalesCollection', '\\N', '243', '\\N', 'Pay Order', '2727817', '5/17/2020', 'PSML', '2022-06-21 18:03:00', '2022-06-21 18:03:00'),
(1, 'Receipt', '2022-05-19 00:00:00', '244', 'App\\SalesCollection', '\\N', '244', '\\N', 'Pay Order', '2727846', '5/19/2022', 'PSML', '2022-06-21 18:04:00', '2022-06-21 18:04:00'),
(1, 'Receipt', '2020-07-29 00:00:00', '245', 'App\\SalesCollection', '\\N', '245', '\\N', 'Pay Order', '2728060', '7/29/2020', 'PSML', '2022-06-21 18:06:00', '2022-06-21 18:06:00'),
(1, 'Receipt', '2020-09-15 00:00:00', '246', 'App\\SalesCollection', '\\N', '246', '\\N', 'Pay Order', '2728219', '9/15/2020', 'PSML', '2022-06-21 18:06:00', '2022-06-21 18:06:00'),
(1, 'Receipt', '2020-10-15 00:00:00', '247', 'App\\SalesCollection', '\\N', '247', '\\N', 'Pay Order', '2728353', '10/15/2020', 'PSML', '2022-06-21 18:07:00', '2022-06-21 18:07:00'),
(1, 'Receipt', '2020-11-18 00:00:00', '248', 'App\\SalesCollection', '\\N', '248', '\\N', 'Pay Order', '2943210', '11/18/2020', 'PSML', '2022-06-21 18:12:00', '2022-06-21 18:12:00'),
(1, 'Receipt', '2020-12-17 00:00:00', '249', 'App\\SalesCollection', '\\N', '249', '\\N', 'Pay Order', '2943413', '12/17/2020', 'PSML', '2022-06-21 18:13:00', '2022-06-21 18:13:00'),
(1, 'Receipt', '2021-01-19 00:00:00', '250', 'App\\SalesCollection', '\\N', '250', '\\N', 'Pay Order', '2943590', '1/19/2021', 'PSML', '2022-06-21 18:14:00', '2022-06-21 18:14:00'),
(1, 'Receipt', '2021-02-16 00:00:00', '251', 'App\\SalesCollection', '\\N', '251', '\\N', 'Pay Order', '2943724', '2/16/2021', 'PSML', '2022-06-21 18:17:00', '2022-06-21 18:17:00'),
(1, 'Receipt', '2021-03-24 00:00:00', '252', 'App\\SalesCollection', '\\N', '252', '\\N', 'Pay Order', '2943876', '3/24/2021', 'PSML', '2022-06-22 11:08:00', '2022-06-22 11:08:00'),
(1, 'Receipt', '2021-04-19 00:00:00', '253', 'App\\SalesCollection', '\\N', '253', '\\N', 'Pay Order', '2944016', '4/19/2021', 'PSML', '2022-06-22 11:10:00', '2022-06-22 11:10:00'),
(1, 'Receipt', '2021-05-27 00:00:00', '265', 'App\\SalesCollection', '\\N', '265', '\\N', 'Pay Order', '2944119', '5/27/2021', 'PSML', '2022-06-22 11:11:00', '2022-06-22 11:11:00'),
(1, 'Receipt', '2021-06-23 00:00:00', '266', 'App\\SalesCollection', '\\N', '266', '\\N', 'Pay Order', '3032159', '6/23/2021', 'PSML', '2022-06-22 11:13:00', '2022-06-22 11:13:00'),
(1, 'Receipt', '2021-07-14 00:00:00', '267', 'App\\SalesCollection', '\\N', '267', '\\N', 'Pay Order', '3032252', '7/14/2021', 'PSML', '2022-06-22 11:13:00', '2022-06-22 11:13:00'),
(1, 'Receipt', '2021-08-25 00:00:00', '436', 'App\\SalesCollection', '\\N', '436', '\\N', 'Pay Order', '3032353', '8/25/2021', 'PSML', '2022-06-22 11:15:00', '2022-06-22 11:15:00'),
(1, 'Receipt', '2021-09-21 00:00:00', '837', 'App\\SalesCollection', '\\N', '837', '\\N', 'Pay Order', '3032463', '9/21/2021', 'PSML', '2022-06-22 11:19:00', '2022-06-22 11:19:00'),
(1, 'Receipt', '2021-10-25 00:00:00', '838', 'App\\SalesCollection', '\\N', '838', '\\N', 'Pay Order', '3032600', '10/25/2021', 'PSML', '2022-06-22 11:20:00', '2022-06-22 11:20:00'),
(1, 'Receipt', '2021-11-17 00:00:00', '839', 'App\\SalesCollection', '\\N', '839', '\\N', 'Pay Order', '3101713', '11/17/2021', 'PSML', '2022-06-22 11:21:00', '2022-06-22 11:21:00'),
(1, 'Receipt', '2021-12-23 00:00:00', '840', 'App\\SalesCollection', '\\N', '840', '\\N', 'Pay Order', '3032922', '12/23/2021', 'PSML', '2022-06-22 11:21:00', '2022-06-22 11:21:00'),
(1, 'Receipt', '2022-01-19 00:00:00', '841', 'App\\SalesCollection', '\\N', '841', '\\N', 'Pay Order', '3033060', '1/19/2022', 'PSML', '2022-06-22 11:22:00', '2022-06-22 11:22:00'),
(1, 'Receipt', '2022-02-22 00:00:00', '842', 'App\\SalesCollection', '\\N', '842', '\\N', 'Pay Order', '3033214', '2/22/2022', 'PSML', '2022-06-22 11:22:00', '2022-06-22 11:22:00'),
(1, 'Receipt', '2022-03-20 00:00:00', '843', 'App\\SalesCollection', '\\N', '843', '\\N', 'Pay Order', '3033331', '3/20/2022', 'PSML', '2022-06-22 11:23:00', '2022-06-22 11:23:00'),
(1, 'Receipt', '2022-04-25 00:00:00', '844', 'App\\SalesCollection', '\\N', '844', '\\N', 'Pay Order', '3033481', '4/25/2022', 'PSML', '2022-06-22 11:23:00', '2022-06-22 11:23:00'),
(1, 'Receipt', '2022-05-25 00:00:00', '871', 'App\\SalesCollection', '\\N', '871', '\\N', 'Pay Order', '3033553', '5/25/2022', 'PSML', '2022-06-22 11:23:00', '2022-06-22 11:23:00'),
(1, 'Receipt', '2022-06-21 00:00:00', '944', 'App\\SalesCollection', '\\N', '944', '\\N', 'Pay Order', '3033674', '6/21/2022', 'PSML', '2022-06-22 11:33:00', '2022-06-22 11:33:00'),
(1, 'Receipt', '2021-07-06 00:00:00', '255', 'App\\SalesCollection', '\\N', '255', '\\N', 'Cash', '\\N', '7/6/2021', 'PSML', '2022-06-22 11:37:00', '2022-06-22 11:37:00'),
(1, 'Receipt', '2021-07-07 00:00:00', '256', 'App\\SalesCollection', '\\N', '256', '\\N', 'Cash', '\\N', '7/7/2021', 'PSML', '2022-06-22 11:37:00', '2022-06-22 11:37:00'),
(1, 'Receipt', '2021-08-05 00:00:00', '872', 'App\\SalesCollection', '\\N', '872', '\\N', 'Pay Order', '24847', '8/5/2021', 'PSML', '2022-06-22 11:39:00', '2022-06-22 11:39:00'),
(1, 'Receipt', '2021-08-10 00:00:00', '873', 'App\\SalesCollection', '\\N', '873', '\\N', 'Cheque', '2405572', '8/10/2021', 'PSML', '2022-06-22 11:40:00', '2022-06-22 11:40:00'),
(1, 'Receipt', '2021-09-07 00:00:00', '874', 'App\\SalesCollection', '\\N', '874', '\\N', 'Cheque', '2867597', '9/7/2021', 'PSML', '2022-06-22 11:40:00', '2022-06-22 11:40:00'),
(1, 'Receipt', '2021-10-06 00:00:00', '875', 'App\\SalesCollection', '\\N', '875', '\\N', 'Cheque', '2867676', '10/6/2021', 'PSML', '2022-06-22 11:41:00', '2022-06-22 11:41:00'),
(1, 'Receipt', '2021-11-03 00:00:00', '876', 'App\\SalesCollection', '\\N', '876', '\\N', 'Cheque', '2867776', '11/3/2021', 'PSML', '2022-06-22 11:41:00', '2022-06-22 11:41:00'),
(1, 'Receipt', '2022-02-03 00:00:00', '877', 'App\\SalesCollection', '\\N', '877', '\\N', 'Pay Order', '1133482', '2/3/2022', 'PSML', '2022-06-22 11:42:00', '2022-06-22 11:42:00'),
(1, 'Receipt', '2022-03-15 00:00:00', '878', 'App\\SalesCollection', '\\N', '878', '\\N', 'Cheque', '2494297', '3/15/2022', 'PSML', '2022-06-22 11:42:00', '2022-06-22 11:42:00'),
(1, 'Receipt', '2022-03-29 00:00:00', '879', 'App\\SalesCollection', '\\N', '879', '\\N', 'Pay Order', '2868250', '3/29/2022', 'PSML', '2022-06-22 11:54:00', '2022-06-22 11:54:00'),
(1, 'Receipt', '2022-06-20 00:00:00', '942', 'App\\SalesCollection', '\\N', '942', '\\N', 'Pay Order', '2868430', '6/20/2022', 'PSML', '2022-06-22 12:38:00', '2022-06-22 12:38:00'),
(1, 'Receipt', '2022-06-20 00:00:00', '943', 'App\\SalesCollection', '\\N', '943', '\\N', 'Pay Order', '1237138', '6/20/2022', 'PSML', '2022-06-22 12:38:00', '2022-06-22 12:38:00'),
(1, 'Receipt', '2022-06-05 00:00:00', '946', 'App\\SalesCollection', '\\N', '946', '\\N', 'Online Bank Transfer', 'IB22060267633164', '6/5/2022', 'PSML', '2022-06-22 12:44:00', '2022-06-22 12:44:00'),
(1, 'Receipt', '2022-06-05 00:00:00', '947', 'App\\SalesCollection', '\\N', '947', '\\N', 'Online Bank Transfer', 'IB22060236525356', '6/5/2022', 'PSML', '2022-06-22 12:45:00', '2022-06-22 12:45:00'),
(1, 'Receipt', '2022-06-05 00:00:00', '948', 'App\\SalesCollection', '\\N', '948', '\\N', 'Online Bank Transfer', 'IB2206021924639', '6/5/2022', 'PSML', '2022-06-22 12:45:00', '2022-06-22 12:45:00'),
(1, 'Receipt', '2022-06-06 00:00:00', '949', 'App\\SalesCollection', '\\N', '949', '\\N', 'Online Bank Transfer', 'IB22060489399245', '6/6/2022', 'PSML', '2022-06-22 12:46:00', '2022-06-22 12:46:00'),
(1, 'Receipt', '2022-06-21 00:00:00', '950', 'App\\SalesCollection', '\\N', '950', '\\N', 'Cheque', '10100890', '6/21/2022', 'PSML', '2022-06-22 12:46:00', '2022-06-22 12:46:00'),
(1, 'Receipt', '2020-12-29 00:00:00', '268', 'App\\SalesCollection', '\\N', '268', '\\N', 'Cash', '\\N', '12/29/2020', 'PSML', '2022-06-28 11:02:00', '2022-06-28 11:02:00'),
(1, 'Receipt', '2021-01-05 00:00:00', '269', 'App\\SalesCollection', '\\N', '269', '\\N', 'Cash', '\\N', '1/5/2021', 'PSML', '2022-06-28 11:03:00', '2022-06-28 11:03:00'),
(1, 'Receipt', '2021-01-14 00:00:00', '270', 'App\\SalesCollection', '\\N', '270', '\\N', 'Cash', '\\N', '1/14/2021', 'PSML', '2022-06-28 11:04:00', '2022-06-28 11:04:00'),
(1, 'Receipt', '2021-01-17 00:00:00', '271', 'App\\SalesCollection', '\\N', '271', '\\N', 'Cash', '\\N', '1/17/2021', 'PSML', '2022-06-28 11:05:00', '2022-06-28 11:05:00'),
(1, 'Receipt', '2021-01-19 00:00:00', '272', 'App\\SalesCollection', '\\N', '272', '\\N', 'Cash', '\\N', '1/19/2021', 'PSML', '2022-06-28 11:06:00', '2022-06-28 11:06:00'),
(1, 'Receipt', '2020-12-30 00:00:00', '273', 'App\\SalesCollection', '\\N', '273', '\\N', 'Cash', '\\N', '12/30/2020', 'PSML', '2022-06-28 11:23:00', '2022-06-28 11:23:00'),
(1, 'Receipt', '2021-01-05 00:00:00', '274', 'App\\SalesCollection', '\\N', '274', '\\N', 'Cash', '\\N', '1/5/2021', 'PSML', '2022-06-28 11:24:00', '2022-06-28 11:24:00'),
(1, 'Receipt', '2021-01-14 00:00:00', '275', 'App\\SalesCollection', '\\N', '275', '\\N', 'Cash', '\\N', '1/14/2021', 'PSML', '2022-06-28 11:25:00', '2022-06-28 11:25:00'),
(1, 'Receipt', '2022-01-17 00:00:00', '276', 'App\\SalesCollection', '\\N', '276', '\\N', 'Cash', '\\N', '1/17/2022', 'PSML', '2022-06-28 11:27:00', '2022-06-28 11:27:00'),
(1, 'Receipt', '2021-01-19 00:00:00', '277', 'App\\SalesCollection', '\\N', '277', '\\N', 'Cash', '\\N', '1/19/2021', 'PSML', '2022-06-28 11:27:00', '2022-06-28 11:27:00'),
(1, 'Receipt', '2021-11-30 00:00:00', '811', 'App\\SalesCollection', '\\N', '811', '\\N', 'Cash', '\\N', '11/30/2021', 'PSML', '2022-06-28 11:29:00', '2022-06-28 11:29:00'),
(1, 'Receipt', '2021-12-19 00:00:00', '812', 'App\\SalesCollection', '\\N', '812', '\\N', 'Cheque', '1238613', '12/19/2021', 'PSML', '2022-06-28 11:30:00', '2022-06-28 11:30:00'),
(1, 'Receipt', '2022-04-19 00:00:00', '813', 'App\\SalesCollection', '\\N', '813', '\\N', 'Cheque', '1238629', '4/19/2022', 'PSML', '2022-06-28 11:31:00', '2022-06-28 11:31:00'),
(1, 'Receipt', '2021-11-30 00:00:00', '814', 'App\\SalesCollection', '\\N', '814', '\\N', 'Cash', '\\N', '11/30/2021', 'PSML', '2022-06-28 11:32:00', '2022-06-28 11:32:00'),
(1, 'Receipt', '2021-12-19 00:00:00', '815', 'App\\SalesCollection', '\\N', '815', '\\N', 'Cheque', '1238613', '12/19/2021', 'PSML', '2022-06-28 11:33:00', '2022-06-28 11:33:00'),
(1, 'Receipt', '2022-04-19 00:00:00', '816', 'App\\SalesCollection', '\\N', '816', '\\N', 'Cheque', '1238629', '4/19/2022', 'PSML', '2022-06-28 11:34:00', '2022-06-28 11:34:00'),
(1, 'Receipt', '2022-05-16 00:00:00', '806', 'App\\SalesCollection', '\\N', '806', '\\N', 'Cheque', '772826', '5/16/2022', 'PSML', '2022-06-28 11:47:00', '2022-06-28 11:47:00'),
(1, 'Receipt', '2022-05-26 00:00:00', '807', 'App\\SalesCollection', '\\N', '807', '\\N', 'Cheque', '772827', '5/26/2022', 'PSML', '2022-06-28 11:48:00', '2022-06-28 11:48:00'),
(1, 'Receipt', '2022-06-26 00:00:00', '952', 'App\\SalesCollection', '\\N', '952', '\\N', 'Cheque', '772828', '6/26/2022', 'PSML', '2022-06-28 11:49:00', '2022-06-28 11:49:00'),
(1, 'Receipt', '2020-12-01 00:00:00', '8', 'App\\SalesCollection', '\\N', '8', '\\N', 'Cheque', '1181527', '12/1/2020', 'PSML', '2022-06-28 13:23:00', '2022-06-28 13:23:00'),
(1, 'Receipt', '2020-12-01 00:00:00', '9', 'App\\SalesCollection', '\\N', '9', '\\N', 'Online Bank Transfer', 'RTGS', '0020-12-01', 'PSML', '2022-06-28 13:25:00', '2022-06-28 13:25:00'),
(1, 'Receipt', '2020-12-01 00:00:00', '10', 'App\\SalesCollection', '\\N', '10', '\\N', 'Online Bank Transfer', 'RTGS', '0020-12-01', 'PSML', '2022-06-28 13:31:00', '2022-06-28 13:31:00'),
(1, 'Receipt', '2020-12-07 00:00:00', '11', 'App\\SalesCollection', '\\N', '11', '\\N', 'Cheque', '1181528', '0020-12-07', 'PSML', '2022-06-28 13:31:00', '2022-06-28 13:31:00'),
(1, 'Receipt', '2020-12-08 00:00:00', '12', 'App\\SalesCollection', '\\N', '12', '\\N', 'Online Bank Transfer', 'RTGS', '0020-12-08', 'PSML', '2022-06-28 13:33:00', '2022-06-28 13:33:00'),
(1, 'Receipt', '2020-12-08 00:00:00', '13', 'App\\SalesCollection', '\\N', '13', '\\N', 'Cash', '\\N', '0020-12-08', 'PSML', '2022-06-28 13:33:00', '2022-06-28 13:33:00'),
(1, 'Receipt', '2021-03-11 00:00:00', '14', 'App\\SalesCollection', '\\N', '14', '\\N', 'Cash', '\\N', '0021-03-11', 'PSML', '2022-06-28 13:36:00', '2022-06-28 13:36:00'),
(1, 'Receipt', '2020-12-01 00:00:00', '734', 'App\\SalesCollection', '\\N', '734', '\\N', 'Cash', '\\N', '0020-12-01', 'PSML', '2022-06-28 13:37:00', '2022-06-28 13:37:00'),
(1, 'Receipt', '2021-06-16 00:00:00', '735', 'App\\SalesCollection', '\\N', '735', '\\N', 'Cash', '\\N', '0021-06-16', 'PSML', '2022-06-28 13:38:00', '2022-06-28 13:38:00'),
(1, 'Receipt', '2022-06-23 00:00:00', '951', 'App\\SalesCollection', '\\N', '951', '\\N', 'Online Bank Transfer', 'IB22062234515417', '6/23/2022', 'PSML', '2022-06-28 16:38:00', '2022-06-28 16:38:00'),
(1, 'Journal', '2022-03-10 00:00:00', '6', 'App\\Procurement\\MaterialReceive', '\\N', '\\N', '\\N', '\\N', '\\N', '\\N', 'PSML', '2022-11-20 17:38:00', '2022-11-20 17:38:00'),
(1, 'Journal', '2022-03-14 00:00:00', '7', 'App\\Procurement\\MaterialReceive', '\\N', '\\N', '\\N', '\\N', '\\N', '\\N', 'PSML', '2022-11-20 17:44:00', '2022-11-20 17:44:00'),
(1, 'Journal', '2022-03-15 00:00:00', '8', 'App\\Procurement\\MaterialReceive', '\\N', '\\N', '\\N', '\\N', '\\N', '\\N', 'PSML', '2022-11-20 17:48:00', '2022-11-20 17:48:00'),
(1, 'Journal', '2022-05-20 00:00:00', '9', 'App\\Procurement\\MaterialReceive', '\\N', '\\N', '\\N', '\\N', '\\N', '\\N', 'PSML', '2022-11-20 17:54:00', '2022-11-20 17:54:00'),
(1, 'Journal', '2022-05-16 00:00:00', '10', 'App\\Procurement\\MaterialReceive', '\\N', '\\N', '\\N', '\\N', '\\N', '\\N', 'PSML', '2022-11-20 17:54:00', '2022-11-20 17:54:00'),
(1, 'Journal', '2022-05-24 00:00:00', '11', 'App\\Procurement\\MaterialReceive', '\\N', '\\N', '\\N', '\\N', '\\N', '\\N', 'PSML', '2022-11-20 17:56:00', '2022-11-20 17:56:00'),
(1, 'Journal', '2022-05-19 00:00:00', '12', 'App\\Procurement\\MaterialReceive', '\\N', '\\N', '\\N', '\\N', '\\N', '\\N', 'PSML', '2022-11-20 17:57:00', '2022-11-20 17:57:00'),
(1, 'Journal', '2022-06-21 00:00:00', '13', 'App\\Procurement\\MaterialReceive', '\\N', '\\N', '\\N', '\\N', '\\N', '\\N', 'PSML', '2022-11-20 17:58:00', '2022-11-20 17:58:00'),
(1, 'Journal', '2022-06-11 00:00:00', '14', 'App\\Procurement\\MaterialReceive', '\\N', '\\N', '\\N', '\\N', '\\N', '\\N', 'PSML', '2022-11-20 18:08:00', '2022-11-20 18:08:00'),
(1, 'Journal', '2022-06-08 00:00:00', '15', 'App\\Procurement\\MaterialReceive', '\\N', '\\N', '\\N', '\\N', '\\N', '\\N', 'PSML', '2022-11-20 18:09:00', '2022-11-20 18:09:00'),
(1, 'Journal', '2022-06-25 00:00:00', '16', 'App\\Procurement\\MaterialReceive', '\\N', '\\N', '\\N', '\\N', '\\N', '\\N', 'PSML', '2022-11-20 18:11:00', '2022-11-20 18:11:00'),
(1, 'Journal', '2022-06-28 00:00:00', '17', 'App\\Procurement\\MaterialReceive', '\\N', '\\N', '\\N', '\\N', '\\N', '\\N', 'PSML', '2022-11-20 18:13:00', '2022-11-20 18:13:00'),
(1, 'Journal', '2022-07-04 00:00:00', '18', 'App\\Procurement\\MaterialReceive', '\\N', '\\N', '\\N', '\\N', '\\N', '\\N', 'PSML', '2022-11-20 18:24:00', '2022-11-20 18:24:00'),
(1, 'Journal', '2022-07-31 00:00:00', '19', 'App\\Procurement\\MaterialReceive', '\\N', '\\N', '\\N', '\\N', '\\N', '\\N', 'PSML', '2022-11-20 18:29:00', '2022-11-20 18:29:00'),
(1, 'Journal', '2022-07-31 00:00:00', '20', 'App\\Procurement\\MaterialReceive', 'OB_34445', '\\N', '\\N', '\\N', '\\N', '\\N', 'PSML', '2022-11-20 18:29:00', '2023-09-20 14:12:00'),
(1, 'Journal', '2022-07-20 00:00:00', '21', 'App\\Procurement\\MaterialReceive', 'B_1635', '\\N', '\\N', '\\N', '\\N', '\\N', 'PSML', '2022-11-20 18:29:00', '2022-11-20 18:29:00'),
(1, 'Journal', '2022-08-17 00:00:00', '23', 'App\\Procurement\\MaterialReceive', '\\N', '\\N', '\\N', '\\N', '\\N', '\\N', 'PSML', '2022-11-20 18:29:00', '2022-11-20 18:29:00'),
(1, 'Journal', '2022-08-14 00:00:00', '26', 'App\\Procurement\\MaterialReceive', '\\N', '\\N', '\\N', '\\N', '\\N', '\\N', 'PSML', '2022-11-20 18:30:00', '2022-11-20 18:30:00'),
(1, 'Journal', '2022-08-22 00:00:00', '27', 'App\\Procurement\\MaterialReceive', '\\N', '\\N', '\\N', '\\N', '\\N', '\\N', 'PSML', '2022-11-20 18:30:00', '2022-11-20 18:30:00'),
(1, 'Journal', '2022-08-31 00:00:00', '28', 'App\\Procurement\\MaterialReceive', '\\N', '\\N', '\\N', '\\N', '\\N', '\\N', 'PSML', '2022-11-20 18:30:00', '2022-11-20 18:30:00'),
(1, 'Journal', '2022-09-05 00:00:00', '29', 'App\\Procurement\\MaterialReceive', '\\N', '\\N', '\\N', '\\N', '\\N', '\\N', 'PSML', '2022-11-20 18:30:00', '2022-11-20 18:30:00'),
(1, 'Journal', '2022-09-06 00:00:00', '30', 'App\\Procurement\\MaterialReceive', '\\N', '\\N', '\\N', '\\N', '\\N', '\\N', 'PSML', '2022-11-20 18:30:00', '2022-11-20 18:30:00'),
(1, 'Journal', '2022-08-27 00:00:00', '31', 'App\\Procurement\\MaterialReceive', '\\N', '\\N', '\\N', '\\N', '\\N', '\\N', 'PSML', '2022-11-20 18:30:00', '2022-11-20 18:30:00'),
(1, 'Journal', '2022-08-27 00:00:00', '32', 'App\\Procurement\\MaterialReceive', '\\N', '\\N', '\\N', '\\N', '\\N', '\\N', 'PSML', '2022-11-20 18:30:00', '2022-11-20 18:30:00'),
(1, 'Journal', '2022-09-06 00:00:00', '34', 'App\\Procurement\\MaterialReceive', '\\N', '\\N', '\\N', '\\N', '\\N', '\\N', 'PSML', '2022-11-20 18:30:00', '2022-11-20 18:30:00'),
(1, 'Journal', '2022-08-24 00:00:00', '35', 'App\\Procurement\\MaterialReceive', '\\N', '\\N', '\\N', '\\N', '\\N', '\\N', 'PSML', '2022-11-20 18:30:00', '2022-11-20 18:30:00'),
(1, 'Journal', '2022-08-25 00:00:00', '36', 'App\\Procurement\\MaterialReceive', '\\N', '\\N', '\\N', '\\N', '\\N', '\\N', 'PSML', '2022-11-20 18:30:00', '2022-11-20 18:30:00'),
(1, 'Journal', '2022-08-24 00:00:00', '37', 'App\\Procurement\\MaterialReceive', '\\N', '\\N', '\\N', '\\N', '\\N', '\\N', 'PSML', '2022-11-20 18:30:00', '2022-11-20 18:30:00'),
(1, 'Journal', '2022-08-18 00:00:00', '38', 'App\\Procurement\\MaterialReceive', '\\N', '\\N', '\\N', '\\N', '\\N', '\\N', 'PSML', '2022-11-20 18:31:00', '2022-11-20 18:31:00'),
(1, 'Journal', '2022-07-19 00:00:00', '39', 'App\\Procurement\\MaterialReceive', '\\N', '\\N', '\\N', '\\N', '\\N', '\\N', 'PSML', '2022-11-20 18:31:00', '2022-11-20 18:31:00'),
(1, 'Journal', '2022-09-06 00:00:00', '40', 'App\\Procurement\\MaterialReceive', '\\N', '\\N', '\\N', '\\N', '\\N', '\\N', 'PSML', '2022-11-20 18:31:00', '2022-11-20 18:31:00'),
(1, 'Journal', '2022-09-15 00:00:00', '41', 'App\\Procurement\\MaterialReceive', '\\N', '\\N', '\\N', '\\N', '\\N', '\\N', 'PSML', '2022-11-20 18:31:00', '2022-11-20 18:31:00'),
(1, 'Journal', '2022-09-08 00:00:00', '42', 'App\\Procurement\\MaterialReceive', '\\N', '\\N', '\\N', '\\N', '\\N', '\\N', 'PSML', '2022-11-20 18:31:00', '2022-11-20 18:31:00'),
(1, 'Journal', '2022-10-05 00:00:00', '43', 'App\\Procurement\\MaterialReceive', '\\N', '\\N', '\\N', '\\N', '\\N', '\\N', 'PSML', '2022-11-20 18:31:00', '2022-11-20 18:31:00'),
(1, 'Journal', '2022-08-26 00:00:00', '44', 'App\\Procurement\\MaterialReceive', '\\N', '\\N', '\\N', '\\N', '\\N', '\\N', 'PSML', '2022-11-20 18:31:00', '2022-11-20 18:31:00'),
(1, 'Journal', '2022-10-12 00:00:00', '45', 'App\\Procurement\\MaterialReceive', '\\N', '\\N', '\\N', '\\N', '\\N', '\\N', 'PSML', '2022-11-20 18:31:00', '2022-11-20 18:31:00'),
(1, 'Journal', '2022-10-14 00:00:00', '46', 'App\\Procurement\\MaterialReceive', '\\N', '\\N', '\\N', '\\N', '\\N', '\\N', 'PSML', '2022-11-20 18:31:00', '2022-11-20 18:31:00'),
(1, 'Journal', '2022-11-07 00:00:00', '47', 'App\\Procurement\\MaterialReceive', 'OB_34895', '\\N', '\\N', '\\N', '\\N', '\\N', 'PSML', '2022-11-20 18:31:00', '2022-11-20 18:31:00'),
(1, 'Journal', '2022-11-06 00:00:00', '48', 'App\\Procurement\\MaterialReceive', 'OB_34895', '\\N', '\\N', '\\N', '\\N', '\\N', 'PSML', '2022-11-20 18:31:00', '2022-11-20 18:31:00'),
(1, 'Journal', '2022-10-19 00:00:00', '49', 'App\\Procurement\\MaterialReceive', '\\N', '\\N', '\\N', '\\N', '\\N', '\\N', 'PSML', '2022-11-20 18:31:00', '2022-11-20 18:31:00'),
(1, 'Journal', '2022-12-02 00:00:00', '54', 'App\\Procurement\\MaterialReceive', '\\N', '\\N', '\\N', '\\N', '\\N', '\\N', 'PSML', '2022-12-08 17:18:00', '2022-12-08 17:18:00'),
(1, 'Journal', '2022-12-02 00:00:00', '53', 'App\\Procurement\\MaterialReceive', '\\N', '\\N', '\\N', '\\N', '\\N', '\\N', 'PSML', '2022-12-08 17:18:00', '2022-12-08 17:18:00'),
(1, 'Journal', '2022-11-25 00:00:00', '52', 'App\\Procurement\\MaterialReceive', '\\N', '\\N', '\\N', '\\N', '\\N', '\\N', 'PSML', '2022-12-08 17:18:00', '2022-12-08 17:18:00'),
(1, 'Journal', '2022-11-30 00:00:00', '51', 'App\\Procurement\\MaterialReceive', '\\N', '\\N', '\\N', '\\N', '\\N', '\\N', 'PSML', '2022-12-08 17:18:00', '2022-12-08 17:18:00'),
(1, 'Journal', '2022-11-25 00:00:00', '50', 'App\\Procurement\\MaterialReceive', '\\N', '\\N', '\\N', '\\N', '\\N', '\\N', 'PSML', '2022-12-08 17:18:00', '2022-12-08 17:18:00'),
(1, 'Receipt', '2022-06-01 00:00:00', '925', 'App\\SalesCollection', '\\N', '925', 'The Amount is received from Mohammed Manjurul Karim & Tasnuva Shati Beg Snowdonia A-9 Against Booking Money. MR No : 1275/22.', 'Cash', '\\N', '6/1/2022', 'PSML', '2022-12-18 12:50:00', '2022-12-18 12:50:00'),
(1, 'Receipt', '2022-06-22 00:00:00', '991', 'App\\SalesCollection', '\\N', '991', 'The Amount is received from Manjurul Karim & Tasnuva Shati Beg- Snowdonia- A-9  Apt. as a Down payment. MR # 1706.', 'Cheque', '3109057', '6/22/2022', 'PSML', '2022-12-18 12:54:00', '2022-12-18 12:54:00'),
(1, 'Receipt', '2022-07-24 00:00:00', '992', 'App\\SalesCollection', '\\N', '992', 'The amount is received from Manzarul Karim &Tasnova Shati - Snowdonia - A-9against 1st installment MR No. - 1693/22.', 'Cash', '\\N', '7/24/2022', 'PSML', '2022-12-18 12:57:00', '2022-12-18 12:57:00'),
(1, 'Receipt', '2022-08-14 00:00:00', '1074', 'App\\SalesCollection', '\\N', '1074', 'The amount is received from Manzarul Karim & Tasnova Shati - Snowdonia - A-9 against 2nd installment MR No. - 1460/22', 'Cash', '\\N', '8/14/2022', 'PSML', '2022-12-18 12:59:00', '2022-12-18 12:59:00'),
(1, 'Receipt', '2022-09-15 00:00:00', '1075', 'App\\SalesCollection', '\\N', '1075', 'The amount is received from Manzarul Karim & Tasnova Shati - Snowdonia - A-9 against 3rd installment MR No. -', 'Cash', '\\N', '9/15/2022', 'PSML', '2022-12-18 13:02:00', '2022-12-18 13:02:00'),
(1, 'Receipt', '2022-10-19 00:00:00', '1120', 'App\\SalesCollection', '\\N', '1120', 'The amount is received from Manzarul Karim &Tasnova Shati - Snowdonia - A-9 against 4th installment MR No. - 1530/22', 'Cash', '\\N', '10/19/2022', 'PSML', '2022-12-18 13:06:00', '2022-12-18 13:06:00'),
(1, 'Receipt', '2022-11-15 00:00:00', '1143', 'App\\SalesCollection', '\\N', '1143', 'The amount is received from Manzarul Karim & Tasnova Shati - Snowdonia - A-9 against 5th installment MR No. - 1766/22.', 'Cash', '\\N', '11/15/2022', 'PSML', '2022-12-18 13:08:00', '2022-12-18 13:08:00'),
(1, 'Receipt', '2022-12-15 00:00:00', '1176', 'App\\SalesCollection', '\\N', '1176', 'The amount is received from Manzarul Karim & Tasnova Shati - Snowdonia - A-9 against installment MR No. - 1959/22', 'Cash', '\\N', '12/15/2022', 'PSML', '2022-12-18 13:11:00', '2022-12-18 13:11:00'),
(1, 'Receipt', '2022-08-30 00:00:00', '1044', 'App\\SalesCollection', '\\N', '1044', 'The amount is received from Mohammed Iqbal Faruk & Tashin Akter - B-5, Zed-70 against Booking Money MR No.1480/22.', 'Cheque', '8181002', '8/30/2022', 'PSML', '2022-12-18 13:27:00', '2022-12-18 13:27:00'),
(1, 'Receipt', '2022-09-19 00:00:00', '1070', 'App\\SalesCollection', '\\N', '1070', 'The amount is received from Mohammed Iqbal Faruk & Tashin Akter - B-5, Zed-70 against Dowon payment MR No.1746/22.', 'Pay Order', '2335286', '9/19/2022', 'PSML', '2022-12-18 13:29:00', '2022-12-18 13:29:00'),
(1, 'Receipt', '2022-10-27 00:00:00', '1094', 'App\\SalesCollection', '\\N', '1094', 'The amount is received from Mohammed Iqbal Faruk & Tashin Akter - B-5, Zed-70 against 1st Installment MR No.1545/22.', 'Cheque', '4318141', '10/27/2022', 'PSML', '2022-12-18 13:34:00', '2022-12-18 13:34:00'),
(1, 'Receipt', '2022-12-14 00:00:00', '1175', 'App\\SalesCollection', '\\N', '1175', 'The amount is received from Mohammed Iqbal Faruk & Tashin Akter - B-5, Zed-70 against 2nd Installment MR No. 1955/22.', 'Cheque', '818007', '12/14/2022', 'PSML', '2022-12-18 13:36:00', '2022-12-18 13:36:00'),
(1, 'Receipt', '2020-06-11 00:00:00', '518', 'App\\SalesCollection', '\\N', '518', 'The amount is received from Rowshan Ara Akther - Queens Park-C-5 against Booking Money MR No.4365.', 'Cheque', '20', '6/11/2020', 'PSML', '2022-12-18 13:42:00', '2022-12-18 13:42:00'),
(1, 'Receipt', '2020-06-15 00:00:00', '519', 'App\\SalesCollection', '\\N', '519', 'The amount is received from Rowshan Ara Akter - Queens Park-C-5 against Booking Money MR No,. 4366.', 'Cheque', '21', '6/15/2020', 'PSML', '2022-12-18 13:44:00', '2022-12-18 13:44:00'),
(1, 'Receipt', '2020-06-15 00:00:00', '520', 'App\\SalesCollection', '\\N', '520', 'The amount is received from Rowshan Ara Akther-Queens Park - C-5 against Booking Money MR No. 4367.', 'Cheque', '22', '6/15/2020', 'PSML', '2022-12-18 14:00:00', '2022-12-18 14:00:00'),
(1, 'Receipt', '2022-12-12 00:00:00', '1174', 'App\\SalesCollection', '\\N', '1174', 'The amount is received from Rowshan Ara Akther-Queens Park - C-5 against IstInstallment . MR No: 1952/22.', 'Cheque', '1461384', '12/12/2022', 'PSML', '2022-12-18 14:02:00', '2022-12-18 14:02:00'),
(1, 'Journal', '2022-12-15 00:00:00', '59', 'App\\Procurement\\MaterialReceive', '\\N', '\\N', '\\N', '\\N', '\\N', '\\N', 'PSML', '2022-12-21 15:38:00', '2022-12-21 15:38:00'),
(1, 'Journal', '2022-12-14 00:00:00', '58', 'App\\Procurement\\MaterialReceive', '\\N', '\\N', '\\N', '\\N', '\\N', '\\N', 'PSML', '2022-12-21 15:38:00', '2022-12-21 15:38:00'),
(1, 'Journal', '2022-12-07 00:00:00', '57', 'App\\Procurement\\MaterialReceive', '\\N', '\\N', '\\N', '\\N', '\\N', '\\N', 'PSML', '2022-12-21 15:38:00', '2022-12-22 15:10:00'),
(1, 'Journal', '2022-12-25 00:00:00', '63', 'App\\Procurement\\MaterialReceive', '\\N', '\\N', '\\N', '\\N', '\\N', '\\N', 'PSML', '2023-01-01 18:22:00', '2023-01-01 18:22:00'),
(1, 'Journal', '2022-12-19 00:00:00', '62', 'App\\Procurement\\MaterialReceive', '\\N', '\\N', '\\N', '\\N', '\\N', '\\N', 'PSML', '2023-01-01 18:22:00', '2023-01-01 18:22:00'),
(1, 'Journal', '2022-12-24 00:00:00', '61', 'App\\Procurement\\MaterialReceive', '\\N', '\\N', '\\N', '\\N', '\\N', '\\N', 'PSML', '2023-01-01 18:22:00', '2023-01-01 18:22:00'),
(1, 'Journal', '2022-12-21 00:00:00', '60', 'App\\Procurement\\MaterialReceive', '\\N', '\\N', '\\N', '\\N', '\\N', '\\N', 'PSML', '2023-01-01 18:22:00', '2023-01-01 18:22:00'),
(1, 'Journal', '2023-01-02 00:00:00', '64', 'App\\Procurement\\MaterialReceive', '\\N', '\\N', '\\N', '\\N', '\\N', '\\N', 'PSML', '2023-01-30 17:45:00', '2023-01-30 17:45:00'),
(1, 'Receipt', '2021-06-30 00:00:00', '254', 'App\\SalesCollection', '\\N', '254', 'The Amount is received from Dr. Fatema Sanjila Alam  Park Terrace A-9 aganist Booking Money. MR No : 486/21.', 'Cash', '\\N', '6/30/2021', 'PSML', '2023-02-23 17:41:00', '2023-02-23 17:41:00'),
(1, 'Receipt', '2021-09-30 00:00:00', '819', 'App\\SalesCollection', '\\N', '819', 'The Amount being received from Fatema Sanjila Alam Park Terrace A-9 Apt. 1st Installment . MR No: 659/21', 'Cheque', '201514', '9/30/2021', 'PSML', '2023-02-23 17:49:00', '2023-02-23 17:49:00'),
(1, 'Receipt', '2021-09-30 00:00:00', '820', 'App\\SalesCollection', '\\N', '820', 'The Amount being received from Fatema Sanjila Alam Park Terrace A-9 Apt. 1st Installment . MR No: 660/21', 'Cheque', '201515', '9/30/2021', 'PSML', '2023-02-23 17:50:00', '2023-02-23 17:50:00'),
(1, 'Receipt', '2021-09-29 00:00:00', '821', 'App\\SalesCollection', '\\N', '821', 'The Amount being received from Fatema Sanjila Alam Park Terrace A-9 Apt. 1st Installment . MR No: 668/21', 'DD', '1888159', '9/29/2021', 'PSML', '2023-02-23 17:56:00', '2023-02-23 17:56:00'),
(1, 'Receipt', '2022-06-12 00:00:00', '924', 'App\\SalesCollection', '\\N', '924', 'The Amount being received from Fatema Sanjila Alam Park Terrace A-9 Apt. 1st Installment . MR No: 1289/22', 'Cheque', '3381083', '6/12/2022', 'PSML', '2023-02-23 17:59:00', '2023-02-23 17:59:00'),
(1, 'Receipt', '2022-10-23 00:00:00', '1103', 'App\\SalesCollection', '\\N', '1103', 'The Amount being received from Fatema Sanjila Alam Park Terrace A-9 Apt. 1st Installment . MR No: 1535/22.', 'Cheque', '3381091', '10/23/2022', 'PSML', '2023-02-23 18:02:00', '2023-02-23 18:02:00'),
(1, 'Receipt', '2022-10-30 00:00:00', '1104', 'App\\SalesCollection', '\\N', '1104', 'The Amount being received from Fatema Sanjila Alam Park Terrace A-9 Apt. 1st Installment . MR No: 1536/22.', 'Cheque', '3381092', '10/30/2022', 'PSML', '2023-02-23 18:04:00', '2023-02-23 18:04:00'),
(1, 'Receipt', '2022-12-01 00:00:00', '1163', 'App\\SalesCollection', '\\N', '1163', 'The Amount being received from Fatema Sanjila Alam Park Terrace A-9 Apt. as Installment . MR No: 1788/22', 'Pay Order', '1889305', '12/1/2022', 'PSML', '2023-02-23 18:06:00', '2023-02-23 18:06:00'),
(1, 'Receipt', '2022-11-17 00:00:00', '1314', 'App\\SalesCollection', '\\N', '1314', 'The Amount being received from Fatema Sanjila Alam Park Terrace A-9 Apt. 1st Installment . MR No: 1772/22', 'Cheque', '3381093', '11/17/2022', 'PSML', '2023-02-23 18:19:00', '2023-02-23 18:19:00'),
(1, 'Receipt', '2023-02-16 00:00:00', '1363', 'App\\SalesCollection', '\\N', '1363', 'The Amount being received from Fatema Sanjila Alam Park Terrace A-9 Apt.  through the RTGS  as a Installment . MR No: 2092/23', 'Cash', '\\N', '2/16/2023', 'PSML', '2023-02-23 18:22:00', '2023-02-23 18:22:00'),
(1, 'Receipt', '2022-03-15 00:00:00', '671', 'App\\SalesCollection', '\\N', '671', 'The Amount is received as a booking Money against their Apt. # C-4.', 'Cheque', '1542861', '3/15/2022', 'PSML', '2023-02-26 11:34:00', '2023-02-26 11:34:00');
INSERT INTO `Transactions_lts` (`acc_cost_center_id`, `voucher_type`, `transaction_date`, `transactionable_id`, `transactionable_type`, `bill_no`, `mr_no`, `narration`, `instrument_type`, `instrument_no`, `instrument_date`, `business_unit`, `created_at`, `updated_at`) VALUES
(1, 'Receipt', '2022-03-15 00:00:00', '672', 'App\\SalesCollection', '\\N', '672', 'The Amount is received as a booking Money against their Apt. # C-4. MR No: 725/22', 'Cheque', '218771', '3/15/2022', 'PSML', '2023-02-26 11:36:00', '2023-02-26 11:36:00'),
(1, 'Receipt', '2022-04-17 00:00:00', '711', 'App\\SalesCollection', '\\N', '711', 'The Amount is received as a Installment against their Apt. # C-4. MR No: 1139/22', 'Cheque', '1542862', '4/17/2022', 'PSML', '2023-02-26 11:41:00', '2023-02-26 11:41:00'),
(1, 'Receipt', '2022-05-19 00:00:00', '836', 'App\\SalesCollection', '\\N', '836', 'The Amount is received as a 2nd Installment against their Apt. # C-4. MR No: 1259/22.', 'Cheque', '3315558', '5/19/2022', 'PSML', '2023-02-26 11:44:00', '2023-02-26 11:44:00'),
(1, 'Receipt', '2022-06-20 00:00:00', '941', 'App\\SalesCollection', '\\N', '941', 'The Amount is received as a 2nd Installment against their Apt. # C-4. MR No: 1704/22.', 'Cheque', '218788', '6/20/2022', 'PSML', '2023-02-26 11:47:00', '2023-02-26 11:47:00'),
(1, 'Receipt', '2022-07-18 00:00:00', '984', 'App\\SalesCollection', '\\N', '984', 'The Amount is received as a Installment against their Apt. # C-4. MR No: 1684/22.', 'Cheque', '3315560', '7/18/2022', 'PSML', '2023-02-26 15:56:00', '2023-02-26 15:56:00'),
(1, 'Receipt', '2022-08-22 00:00:00', '1031', 'App\\SalesCollection', '\\N', '1031', 'The Amount is received as a Installment against their Apt. # C-4.', 'Cheque', '1542868', '8/22/2022', 'PSML', '2023-02-26 16:00:00', '2023-02-26 16:00:00'),
(1, 'Receipt', '2022-09-19 00:00:00', '1071', 'App\\SalesCollection', '\\N', '1071', 'The Amount is received as a 6th Installment against their Apt. # C-4. MR No: 1743/22.', 'Cheque', '8885246', '9/19/2022', 'PSML', '2023-02-26 16:02:00', '2023-02-26 16:02:00'),
(1, 'Receipt', '2022-10-18 00:00:00', '1119', 'App\\SalesCollection', '\\N', '1119', 'The Amount is received as a Installment against their Apt. # C-4. MR No: 1531/22.', 'Cheque', '3000682', '10/18/2022', 'PSML', '2023-02-26 16:03:00', '2023-02-26 16:03:00'),
(1, 'Receipt', '2022-11-20 00:00:00', '1238', 'App\\SalesCollection', '\\N', '1238', 'The Amount is received as a 8th Installment against their Apt. # C-4. MR No: 1777/22.', 'Cheque', '1542872', '11/20/2022', 'PSML', '2023-02-26 16:05:00', '2023-02-26 16:05:00'),
(1, 'Receipt', '2022-12-20 00:00:00', '1301', 'App\\SalesCollection', '\\N', '1301', 'The Amount is received as a 9th Installment against their Apt. # C-4. MR No: 1867/22.', 'Cheque', '1542875', '12/20/2022', 'PSML', '2023-02-26 16:07:00', '2023-02-26 16:07:00'),
(1, 'Receipt', '2023-01-18 00:00:00', '1302', 'App\\SalesCollection', '\\N', '1302', 'The Amount is received as a 10th Installment against their Apt. # C-4. MR No: 2024/23.', 'Cheque', '3000685', '1/18/2023', 'PSML', '2023-02-26 16:09:00', '2023-02-26 16:09:00'),
(1, 'Journal', '2023-02-04 00:00:00', '70', 'App\\Procurement\\MaterialReceive', '\\N', '\\N', '\\N', '\\N', '\\N', '\\N', 'PSML', '2023-02-27 14:38:00', '2023-02-27 14:38:00'),
(1, 'Journal', '2023-01-26 00:00:00', '69', 'App\\Procurement\\MaterialReceive', '\\N', '\\N', '\\N', '\\N', '\\N', '\\N', 'PSML', '2023-02-27 14:38:00', '2023-02-27 14:38:00'),
(1, 'Journal', '2023-01-31 00:00:00', '68', 'App\\Procurement\\MaterialReceive', '\\N', '\\N', '\\N', '\\N', '\\N', '\\N', 'PSML', '2023-02-27 14:38:00', '2023-02-27 14:38:00');
INSERT INTO `Transactions_lts` (`acc_cost_center_id`, `voucher_type`, `transaction_date`, `transactionable_id`, `transactionable_type`, `bill_no`, `mr_no`, `narration`, `instrument_type`, `instrument_no`, `instrument_date`, `business_unit`, `created_at`, `updated_at`) VALUES
(1, 'Journal', '2023-01-30 00:00:00', '67', 'App\\Procurement\\MaterialReceive', '\\N', '\\N', '\\N', '\\N', '\\N', '\\N', 'PSML', '2023-02-27 14:38:00', '2023-02-27 14:38:00'),
(1, 'Journal', '2023-03-03 00:00:00', '78', 'App\\Procurement\\MaterialReceive', '\\N', '\\N', '\\N', '\\N', '\\N', '\\N', 'PSML', '2023-03-06 17:49:00', '2023-03-06 17:49:00'),
(1, 'Journal', '2023-02-07 00:00:00', '77', 'App\\Procurement\\MaterialReceive', '\\N', '\\N', '\\N', '\\N', '\\N', '\\N', 'PSML', '2023-03-06 17:49:00', '2023-03-06 17:49:00'),
(1, 'Journal', '2022-12-12 00:00:00', '76', 'App\\Procurement\\MaterialReceive', '\\N', '\\N', '\\N', '\\N', '\\N', '\\N', 'PSML', '2023-03-06 17:49:00', '2023-03-06 17:49:00'),
(1, 'Journal', '2022-12-06 00:00:00', '75', 'App\\Procurement\\MaterialReceive', '\\N', '\\N', '\\N', '\\N', '\\N', '\\N', 'PSML', '2023-03-06 17:49:00', '2023-03-06 17:49:00'),
(1, 'Journal', '2022-12-07 00:00:00', '74', 'App\\Procurement\\MaterialReceive', '\\N', '\\N', '\\N', '\\N', '\\N', '\\N', 'PSML', '2023-03-06 17:49:00', '2023-03-06 17:49:00'),
(1, 'Receipt', '2022-02-13 00:00:00', '608', 'App\\SalesCollection', '\\N', '608', 'The amount is received from Dr. Md. Harunar Rashid Chowdhury- Zed Kings Dale- A -3 against Booking Money MR No. 908/22', 'Cheque', '6284640', '2/13/2022', 'PSML', '2023-03-09 13:35:00', '2023-03-09 13:35:00'),
(1, 'Journal', '2022-05-19 00:00:00', '2', 'App\\Procurement\\Storeissue', '\\N', '\\N', '\\N', '\\N', '\\N', '\\N', 'PSML', '2023-03-12 12:17:00', '2023-03-12 12:17:00'),
(1, 'Journal', '2022-05-19 00:00:00', '2', 'App\\Procurement\\Storeissue', '\\N', '\\N', '\\N', '\\N', '\\N', '\\N', 'PSML', '2023-03-12 12:17:00', '2023-03-12 12:17:00'),
(1, 'Journal', '2022-05-19 00:00:00', '2', 'App\\Procurement\\Storeissue', '\\N', '\\N', '\\N', '\\N', '\\N', '\\N', 'PSML', '2023-03-12 12:17:00', '2023-03-12 12:17:00'),
(1, 'Journal', '2022-05-19 00:00:00', '2', 'App\\Procurement\\Storeissue', '\\N', '\\N', '\\N', '\\N', '\\N', '\\N', 'PSML', '2023-03-12 12:17:00', '2023-03-12 12:17:00'),
(1, 'Payment', '2023-03-12 00:00:00', '\\N', '\\N', 'OB_34895', '\\N', 'dummy payment made for System checking', 'A/C Payee', '878973', '3/12/2023', 'PSML', '2023-03-12 15:52:00', '2023-03-12 15:52:00'),
(1, 'Receipt', '2022-07-20 00:00:00', '1099', 'App\\SalesCollection', '\\N', '1099', 'The Amount is received from Dr. Mohammed Gias Uddin  White oak  B-8 Apt. against 47th Installment MR No: 1687/22. . CQ No:  3033773 || 41', 'Pay Order', '3033773', '7/20/2022', 'PSML', '2023-03-14 15:13:00', '2023-03-14 15:13:00'),
(1, 'Receipt', '2022-08-23 00:00:00', '1100', 'App\\SalesCollection', '\\N', '1100', 'The Amount is received from Dr. Mohammed Gias Uddin  White oak  B-8 Apt. against 48th Installment MR No: 1472/22. . CQ No:  413033904 ||', 'Pay Order', '3033904', '8/23/2022', 'PSML', '2023-03-14 15:19:00', '2023-03-14 15:19:00'),
(1, 'Receipt', '2022-09-22 00:00:00', '1101', 'App\\SalesCollection', '\\N', '1101', 'The Amount is received from Dr. Mohammed Gias Uddin  White oak  B-8 Apt. against 49th Installment MR No: 1472/22. . CQ No: 3034003 ||', 'Pay Order', '3034003', '9/22/2022', 'PSML', '2023-03-14 15:27:00', '2023-03-14 15:27:00'),
(1, 'Receipt', '2022-10-25 00:00:00', '1212', 'App\\SalesCollection', '\\N', '1212', 'The Amount is received from Dr. Mohammed Gias Uddin  White oak  B-8 Apt. against Final Partial. MR No: 1540/22. . CQ Dt: 25-10-2022 CQ No: || 3090687 ||', 'Cheque', '3090687', '10/25/2022', 'PSML', '2023-03-14 15:32:00', '2023-03-14 15:32:00'),
(1, 'Receipt', '2022-08-17 00:00:00', '1025', 'App\\SalesCollection', '\\N', '1025', 'The Amount is received from Rehene Akter KD Antem A-8 Aganist Booking Money. MR NO: 1467/22', 'Cash', '\\N', '8/17/2022', 'PSML', '2023-03-23 10:45:00', '2023-03-23 10:45:00'),
(1, 'Receipt', '2022-08-21 00:00:00', '1026', 'App\\SalesCollection', '\\N', '1026', 'The Amount is received from Rehene Akter KD Antem A-4 MR NO: 1467/22. CQ Dt: 17-08-2022 || CQ No:  3496860 ||', 'Cheque', '3496860', '8/21/2022', 'PSML', '2023-03-23 10:49:00', '2023-03-23 10:49:00'),
(1, 'Receipt', '2022-08-21 00:00:00', '1027', 'App\\SalesCollection', '\\N', '1027', 'The Amount is received from Rehene Akter KD Antem A-4 MR NO: 1469/22.  17-08-2022 || 9499440 ||', 'Cheque', '9499440', '8/21/2022', 'PSML', '2023-03-23 10:58:00', '2023-03-23 10:58:00'),
(1, 'Receipt', '2022-09-21 00:00:00', '1061', 'App\\SalesCollection', '\\N', '1061', 'The Amount is received from Rehene Akter KD Antem A-4 MR NO: 1750/22. CQ 6615065 || CQ dt : 21.09.2022', 'Pay Order', '6615065', '9/21/2022', 'PSML', '2023-03-23 11:06:00', '2023-03-23 11:06:00'),
(1, 'Receipt', '2022-09-22 00:00:00', '1063', 'App\\SalesCollection', '\\N', '1063', 'The Amount is received from Rehene Akter KD Antem A-4 MR NO: 1502/22.  Aganist Down Payment. 22-09-2022 || 3496861 ||', 'Cheque', '3496861', '9/22/2022', 'PSML', '2023-03-23 11:16:00', '2023-03-23 11:16:00'),
(1, 'Receipt', '2022-09-22 00:00:00', '1062', 'App\\SalesCollection', '\\N', '1062', 'The Amount is received from Rehene Akter KD Antem A-4 MR NO: 1501/22.  Aganist Down Payment. 22-09-2022 || 9499441 ||', 'Cheque', '9499441', '9/22/2022', 'PSML', '2023-03-23 11:28:00', '2023-03-23 11:28:00'),
(1, 'Journal', '2022-04-01 00:00:00', '9', 'App\\Procurement\\Storeissue', '\\N', '\\N', '\\N', '\\N', '\\N', '\\N', 'PSML', '2023-03-23 17:14:00', '2023-03-23 17:14:00'),
(1, 'Journal', '2022-04-01 00:00:00', '9', 'App\\Procurement\\Storeissue', '\\N', '\\N', '\\N', '\\N', '\\N', '\\N', 'PSML', '2023-03-23 17:14:00', '2023-03-23 17:14:00'),
(1, 'Journal', '2022-03-16 00:00:00', '8', 'App\\Procurement\\Storeissue', '\\N', '\\N', '\\N', '\\N', '\\N', '\\N', 'PSML', '2023-03-23 17:15:00', '2023-03-23 17:15:00'),
(1, 'Journal', '2022-03-16 00:00:00', '8', 'App\\Procurement\\Storeissue', '\\N', '\\N', '\\N', '\\N', '\\N', '\\N', 'PSML', '2023-03-23 17:15:00', '2023-03-23 17:15:00'),
(1, 'Journal', '2022-03-16 00:00:00', '8', 'App\\Procurement\\Storeissue', '\\N', '\\N', '\\N', '\\N', '\\N', '\\N', 'PSML', '2023-03-23 17:15:00', '2023-03-23 17:15:00'),
(1, 'Journal', '2022-08-30 00:00:00', '7', 'App\\Procurement\\Storeissue', '\\N', '\\N', '\\N', '\\N', '\\N', '\\N', 'PSML', '2023-03-23 17:15:00', '2023-03-23 17:15:00'),
(1, 'Receipt', '2022-11-27 00:00:00', '1240', 'App\\SalesCollection', '\\N', '1240', 'The Amount is received from Rehena Akter KD Antem A-4 Apt. aganist Installment no: 2nd. MR No: 1589/22. CQ: 27-11-2022 || 4541276 || 2', 'Cheque', '4541276', '11/27/2022', 'PSML', '2023-03-27 10:50:00', '2023-03-27 10:50:00'),
(1, 'Receipt', '2022-12-26 00:00:00', '1241', 'App\\SalesCollection', '\\N', '1241', 'The Amount is received from Rehena Akter KD Antem A-4 Apt. aganist Installment no: 3rd. MR No: 1831/22. CQ:25-12-2022 || 3496862 || 3', 'Cheque', '3496862', '12/26/2022', 'PSML', '2023-03-27 10:54:00', '2023-03-27 10:54:00'),
(1, 'Receipt', '2023-01-23 00:00:00', '1242', 'App\\SalesCollection', '\\N', '1242', 'The Amount is received from Rehena Akter KD Antem A-4 Apt. aganist Installment no: 4th. MR No: 2046/23. CQ:22-01-2023 || 4601663 || 4', 'Cheque', '4601663', '1/23/2023', 'PSML', '2023-03-27 10:56:00', '2023-03-27 10:56:00'),
(1, 'Receipt', '2023-02-20 00:00:00', '1391', 'App\\SalesCollection', '\\N', '1391', 'The Amount is received from Rehena Akter KD Antem A-4 Apt. aganist Installment no: 4th. MR No: 2047/23. CQ:20-02-2023 || 3496865 || 5', 'Cheque', '3496865', '2/20/2023', 'PSML', '2023-03-27 10:58:00', '2023-03-27 10:58:00'),
(1, 'Receipt', '2023-03-22 00:00:00', '1428', 'App\\SalesCollection', '\\N', '1428', 'The Amount is received from Rehena Akter KD Antem A-4 Apt. 7th Installment . MR No: 2230/23. CQ: 22-03-2023 || 3704161 || 6', 'Cheque', '3704161', '3/22/2023', 'PSML', '2023-03-27 11:19:00', '2023-03-27 11:19:00'),
(1, 'Receipt', '2022-10-31 00:00:00', '1239', 'App\\SalesCollection', '\\N', '1239', 'The amount is received from Rehena Akter  KD Antem A-4 Apt aganist 1st Installment . MR No: 1589/22. 30-11-2022 || 4541273 || 1', 'Cheque', '4541273', '10/31/2022', 'PSML', '2023-03-27 11:28:00', '2023-03-27 11:28:00'),
(1, 'Journal', '2023-03-23 00:00:00', '80', 'App\\Procurement\\MaterialReceive', '\\N', '\\N', '\\N', '\\N', '\\N', '\\N', 'PSML', '2023-04-03 10:11:00', '2023-04-03 10:11:00'),
(1, 'Journal', '2023-03-22 00:00:00', '79', 'App\\Procurement\\MaterialReceive', '\\N', '\\N', '\\N', '\\N', '\\N', '\\N', 'PSML', '2023-04-03 10:11:00', '2023-04-03 10:11:00'),
(1, 'Journal', '2023-04-11 00:00:00', '88', 'App\\Procurement\\MaterialReceive', '\\N', '\\N', '\\N', '\\N', '\\N', '\\N', 'PSML', '2023-04-16 11:54:00', '2023-04-16 11:54:00'),
(1, 'Journal', '2023-04-08 00:00:00', '87', 'App\\Procurement\\MaterialReceive', '\\N', '\\N', '\\N', '\\N', '\\N', '\\N', 'PSML', '2023-04-16 11:55:00', '2023-04-16 11:55:00'),
(1, 'Journal', '2023-04-08 00:00:00', '86', 'App\\Procurement\\MaterialReceive', '\\N', '\\N', '\\N', '\\N', '\\N', '\\N', 'PSML', '2023-04-16 11:55:00', '2023-04-16 11:55:00'),
(1, 'Journal', '2023-04-05 00:00:00', '85', 'App\\Procurement\\MaterialReceive', '\\N', '\\N', '\\N', '\\N', '\\N', '\\N', 'PSML', '2023-04-16 11:55:00', '2023-04-16 11:55:00'),
(1, 'Journal', '2023-04-05 00:00:00', '84', 'App\\Procurement\\MaterialReceive', '\\N', '\\N', '\\N', '\\N', '\\N', '\\N', 'PSML', '2023-04-16 11:55:00', '2023-04-16 11:55:00'),
(1, 'Journal', '2023-04-04 00:00:00', '83', 'App\\Procurement\\MaterialReceive', '\\N', '\\N', '\\N', '\\N', '\\N', '\\N', 'PSML', '2023-04-16 11:55:00', '2023-04-16 11:55:00'),
(1, 'Journal', '2023-04-06 00:00:00', '82', 'App\\Procurement\\MaterialReceive', '\\N', '\\N', '\\N', '\\N', '\\N', '\\N', 'PSML', '2023-04-16 11:55:00', '2023-04-16 11:55:00'),
(1, 'Journal', '2023-03-27 00:00:00', '81', 'App\\Procurement\\MaterialReceive', '\\N', '\\N', '\\N', '\\N', '\\N', '\\N', 'PSML', '2023-04-16 11:55:00', '2023-04-16 11:55:00'),
(1, 'Journal', '2023-04-15 00:00:00', '92', 'App\\Procurement\\MaterialReceive', '\\N', '\\N', '\\N', '\\N', '\\N', '\\N', 'PSML', '2023-04-29 13:46:00', '2023-04-29 13:46:00'),
(1, 'Journal', '2023-04-15 00:00:00', '91', 'App\\Procurement\\MaterialReceive', '\\N', '\\N', '\\N', '\\N', '\\N', '\\N', 'PSML', '2023-04-29 13:46:00', '2023-04-29 13:46:00'),
(1, 'Journal', '2023-04-15 00:00:00', '90', 'App\\Procurement\\MaterialReceive', '\\N', '\\N', '\\N', '\\N', '\\N', '\\N', 'PSML', '2023-04-29 13:46:00', '2023-04-29 13:46:00'),
(1, 'Journal', '2023-04-13 00:00:00', '89', 'App\\Procurement\\MaterialReceive', '\\N', '\\N', '\\N', '\\N', '\\N', '\\N', 'PSML', '2023-04-29 13:46:00', '2023-04-29 13:46:00'),
(1, 'Journal', '2023-05-09 00:00:00', '96', 'App\\Procurement\\MaterialReceive', '\\N', '\\N', '\\N', '\\N', '\\N', '\\N', 'PSML', '2023-05-14 17:21:00', '2023-05-14 17:21:00'),
(1, 'Journal', '2023-04-30 00:00:00', '95', 'App\\Procurement\\MaterialReceive', '\\N', '\\N', '\\N', '\\N', '\\N', '\\N', 'PSML', '2023-05-14 17:21:00', '2023-05-14 17:21:00'),
(1, 'Journal', '2023-04-30 00:00:00', '94', 'App\\Procurement\\MaterialReceive', '\\N', '\\N', '\\N', '\\N', '\\N', '\\N', 'PSML', '2023-05-14 17:21:00', '2023-05-14 17:21:00'),
(1, 'Journal', '2023-03-29 00:00:00', '93', 'App\\Procurement\\MaterialReceive', '\\N', '\\N', '\\N', '\\N', '\\N', '\\N', 'PSML', '2023-05-14 17:21:00', '2023-05-14 17:21:00'),
(1, 'Journal', '2023-05-17 00:00:00', '101', 'App\\Procurement\\MaterialReceive', '\\N', '\\N', '\\N', '\\N', '\\N', '\\N', 'PSML', '2023-05-24 10:21:00', '2023-05-24 10:21:00'),
(1, 'Journal', '2023-05-16 00:00:00', '100', 'App\\Procurement\\MaterialReceive', '\\N', '\\N', '\\N', '\\N', '\\N', '\\N', 'PSML', '2023-05-24 10:21:00', '2023-05-24 10:21:00'),
(1, 'Journal', '2023-05-16 00:00:00', '99', 'App\\Procurement\\MaterialReceive', '\\N', '\\N', '\\N', '\\N', '\\N', '\\N', 'PSML', '2023-05-24 10:21:00', '2023-05-24 10:21:00'),
(1, 'Journal', '2023-05-12 00:00:00', '98', 'App\\Procurement\\MaterialReceive', '\\N', '\\N', '\\N', '\\N', '\\N', '\\N', 'PSML', '2023-05-24 10:21:00', '2023-05-24 10:21:00'),
(1, 'Journal', '2023-05-10 00:00:00', '97', 'App\\Procurement\\MaterialReceive', '\\N', '\\N', '\\N', '\\N', '\\N', '\\N', 'PSML', '2023-05-24 10:21:00', '2023-05-24 10:21:00'),
(1, 'Journal', '2023-06-24 00:00:00', '111', 'App\\Procurement\\MaterialReceive', '\\N', '\\N', '\\N', '\\N', '\\N', '\\N', 'PSML', '2023-07-10 17:38:00', '2023-07-10 17:38:00'),
(1, 'Journal', '2023-06-22 00:00:00', '110', 'App\\Procurement\\MaterialReceive', '\\N', '\\N', '\\N', '\\N', '\\N', '\\N', 'PSML', '2023-07-10 17:38:00', '2023-07-10 17:38:00'),
(1, 'Journal', '2023-06-21 00:00:00', '109', 'App\\Procurement\\MaterialReceive', '\\N', '\\N', '\\N', '\\N', '\\N', '\\N', 'PSML', '2023-07-10 17:38:00', '2023-07-10 17:38:00'),
(1, 'Journal', '2023-06-21 00:00:00', '108', 'App\\Procurement\\MaterialReceive', '\\N', '\\N', '\\N', '\\N', '\\N', '\\N', 'PSML', '2023-07-10 17:38:00', '2023-07-10 17:38:00'),
(1, 'Journal', '2023-06-20 00:00:00', '107', 'App\\Procurement\\MaterialReceive', '\\N', '\\N', '\\N', '\\N', '\\N', '\\N', 'PSML', '2023-07-10 17:38:00', '2023-07-10 17:38:00'),
(1, 'Journal', '2023-06-19 00:00:00', '106', 'App\\Procurement\\MaterialReceive', '\\N', '\\N', '\\N', '\\N', '\\N', '\\N', 'PSML', '2023-07-10 17:38:00', '2023-07-10 17:38:00'),
(1, 'Journal', '2023-06-19 00:00:00', '105', 'App\\Procurement\\MaterialReceive', '\\N', '\\N', '\\N', '\\N', '\\N', '\\N', 'PSML', '2023-07-10 17:38:00', '2023-07-10 17:38:00'),
(1, 'Journal', '2023-06-19 00:00:00', '104', 'App\\Procurement\\MaterialReceive', '\\N', '\\N', '\\N', '\\N', '\\N', '\\N', 'PSML', '2023-07-10 17:38:00', '2023-07-10 17:38:00'),
(1, 'Journal', '2023-05-31 00:00:00', '103', 'App\\Procurement\\MaterialReceive', '\\N', '\\N', '\\N', '\\N', '\\N', '\\N', 'PSML', '2023-07-10 17:38:00', '2023-07-10 17:38:00'),
(1, 'Journal', '2023-05-21 00:00:00', '102', 'App\\Procurement\\MaterialReceive', '\\N', '\\N', '\\N', '\\N', '\\N', '\\N', 'PSML', '2023-07-10 17:38:00', '2023-07-10 17:38:00'),
(1, 'Journal', '2023-08-18 00:00:00', '136', 'App\\Procurement\\MaterialReceive', '\\N', '\\N', '\\N', '\\N', '\\N', '\\N', 'PSML', '2023-09-17 13:42:00', '2023-09-17 13:42:00'),
(1, 'Journal', '2023-08-18 00:00:00', '135', 'App\\Procurement\\MaterialReceive', '\\N', '\\N', '\\N', '\\N', '\\N', '\\N', 'PSML', '2023-09-17 13:42:00', '2023-09-17 13:42:00'),
(1, 'Journal', '2023-08-17 00:00:00', '134', 'App\\Procurement\\MaterialReceive', '\\N', '\\N', '\\N', '\\N', '\\N', '\\N', 'PSML', '2023-09-17 13:42:00', '2023-09-17 13:42:00'),
(1, 'Journal', '2023-08-17 00:00:00', '133', 'App\\Procurement\\MaterialReceive', '\\N', '\\N', '\\N', '\\N', '\\N', '\\N', 'PSML', '2023-09-17 13:42:00', '2023-09-17 13:42:00'),
(1, 'Journal', '2023-08-14 00:00:00', '132', 'App\\Procurement\\MaterialReceive', '\\N', '\\N', '\\N', '\\N', '\\N', '\\N', 'PSML', '2023-09-17 13:42:00', '2023-09-17 13:42:00'),
(1, 'Journal', '2023-08-10 00:00:00', '131', 'App\\Procurement\\MaterialReceive', '\\N', '\\N', '\\N', '\\N', '\\N', '\\N', 'PSML', '2023-09-17 13:42:00', '2023-09-17 13:42:00'),
(1, 'Journal', '2023-08-11 00:00:00', '130', 'App\\Procurement\\MaterialReceive', '\\N', '\\N', '\\N', '\\N', '\\N', '\\N', 'PSML', '2023-09-17 13:42:00', '2023-09-17 13:42:00'),
(1, 'Journal', '2023-08-11 00:00:00', '129', 'App\\Procurement\\MaterialReceive', '\\N', '\\N', '\\N', '\\N', '\\N', '\\N', 'PSML', '2023-09-17 13:42:00', '2023-09-17 13:42:00'),
(1, 'Journal', '2023-08-08 00:00:00', '128', 'App\\Procurement\\MaterialReceive', '\\N', '\\N', '\\N', '\\N', '\\N', '\\N', 'PSML', '2023-09-17 13:42:00', '2023-09-17 13:42:00'),
(1, 'Journal', '2023-08-04 00:00:00', '127', 'App\\Procurement\\MaterialReceive', '\\N', '\\N', '\\N', '\\N', '\\N', '\\N', 'PSML', '2023-09-17 13:42:00', '2023-09-17 13:42:00'),
(1, 'Journal', '2023-07-31 00:00:00', '126', 'App\\Procurement\\MaterialReceive', '\\N', '\\N', '\\N', '\\N', '\\N', '\\N', 'PSML', '2023-09-17 13:42:00', '2023-09-17 13:42:00'),
(1, 'Journal', '2023-07-30 00:00:00', '125', 'App\\Procurement\\MaterialReceive', '\\N', '\\N', '\\N', '\\N', '\\N', '\\N', 'PSML', '2023-09-17 13:42:00', '2023-09-17 13:42:00'),
(1, 'Journal', '2023-07-30 00:00:00', '124', 'App\\Procurement\\MaterialReceive', '\\N', '\\N', '\\N', '\\N', '\\N', '\\N', 'PSML', '2023-09-17 13:42:00', '2023-09-17 13:42:00'),
(1, 'Journal', '2023-07-30 00:00:00', '123', 'App\\Procurement\\MaterialReceive', '\\N', '\\N', '\\N', '\\N', '\\N', '\\N', 'PSML', '2023-09-17 13:43:00', '2023-09-17 13:43:00'),
(1, 'Journal', '2023-07-29 00:00:00', '122', 'App\\Procurement\\MaterialReceive', '\\N', '\\N', '\\N', '\\N', '\\N', '\\N', 'PSML', '2023-09-17 13:43:00', '2023-09-17 13:43:00'),
(1, 'Journal', '2023-07-26 00:00:00', '121', 'App\\Procurement\\MaterialReceive', '\\N', '\\N', '\\N', '\\N', '\\N', '\\N', 'PSML', '2023-09-17 13:43:00', '2023-09-17 13:43:00'),
(1, 'Journal', '2023-07-26 00:00:00', '120', 'App\\Procurement\\MaterialReceive', '\\N', '\\N', '\\N', '\\N', '\\N', '\\N', 'PSML', '2023-09-17 13:43:00', '2023-09-17 13:43:00'),
(1, 'Journal', '2023-07-24 00:00:00', '119', 'App\\Procurement\\MaterialReceive', '\\N', '\\N', '\\N', '\\N', '\\N', '\\N', 'PSML', '2023-09-17 13:43:00', '2023-09-17 13:43:00'),
(1, 'Journal', '2023-07-26 00:00:00', '118', 'App\\Procurement\\MaterialReceive', '\\N', '\\N', '\\N', '\\N', '\\N', '\\N', 'PSML', '2023-09-17 13:43:00', '2023-09-17 13:43:00'),
(1, 'Journal', '2023-07-25 00:00:00', '117', 'App\\Procurement\\MaterialReceive', '\\N', '\\N', '\\N', '\\N', '\\N', '\\N', 'PSML', '2023-09-17 13:43:00', '2023-09-17 13:43:00'),
(1, 'Journal', '2023-07-25 00:00:00', '116', 'App\\Procurement\\MaterialReceive', '\\N', '\\N', '\\N', '\\N', '\\N', '\\N', 'PSML', '2023-09-17 13:43:00', '2023-09-17 13:43:00'),
(1, 'Journal', '2023-07-25 00:00:00', '115', 'App\\Procurement\\MaterialReceive', '\\N', '\\N', '\\N', '\\N', '\\N', '\\N', 'PSML', '2023-09-17 13:43:00', '2023-09-17 13:43:00'),
(1, 'Journal', '2023-07-23 00:00:00', '114', 'App\\Procurement\\MaterialReceive', '\\N', '\\N', '\\N', '\\N', '\\N', '\\N', 'PSML', '2023-09-17 13:43:00', '2023-09-17 13:43:00'),
(1, 'Journal', '2023-07-23 00:00:00', '113', 'App\\Procurement\\MaterialReceive', '\\N', '\\N', '\\N', '\\N', '\\N', '\\N', 'PSML', '2023-09-17 13:43:00', '2023-09-17 13:43:00'),
(1, 'Journal', '2023-07-16 00:00:00', '112', 'App\\Procurement\\MaterialReceive', '\\N', '\\N', '\\N', '\\N', '\\N', '\\N', 'PSML', '2023-09-17 13:43:00', '2023-09-17 13:43:00'),
(1, 'Payment', '2023-09-17 00:00:00', '7', 'App\\Procurement\\Iou', '\\N', '\\N', '\\N', 'Cash', '\\N', '\\N', 'PSML', '2023-09-17 16:08:00', '2023-09-17 16:08:00'),
(1, 'Journal', '2023-09-12 00:00:00', '137', 'App\\Procurement\\MaterialReceive', '\\N', '\\N', '\\N', '\\N', '\\N', '\\N', 'PSML', '2023-09-17 17:36:00', '2023-09-17 17:36:00'),
(1, 'Journal', '2023-05-16 00:00:00', '141', 'App\\Procurement\\MaterialReceive', '\\N', '\\N', '\\N', '\\N', '\\N', '\\N', 'PSML', '2023-10-04 15:02:00', '2023-10-04 15:02:00'),
(1, 'Journal', '2023-10-05 00:00:00', '5', 'App\\Sells\\SaleCancellation', '\\N', '\\N', '\\N', '\\N', '\\N', '\\N', 'PSML', '2023-10-05 13:39:00', '2023-10-05 13:39:00'),
(1, 'Journal', '2023-10-05 00:00:00', '4', 'App\\Sells\\SaleCancellation', '\\N', '\\N', '\\N', '\\N', '\\N', '\\N', 'PSML', '2023-10-05 13:39:00', '2023-10-05 13:39:00'),
(1, 'Journal', '2023-10-05 00:00:00', '3', 'App\\Sells\\SaleCancellation', '\\N', '\\N', '\\N', '\\N', '\\N', '\\N', 'PSML', '2023-10-05 13:39:00', '2023-10-05 13:39:00'),
(1, 'Journal', '2023-10-12 00:00:00', '143', 'App\\Procurement\\MaterialReceive', '\\N', '\\N', '\\N', '\\N', '\\N', '\\N', 'PSML', '2023-10-19 09:56:00', '2023-10-19 09:56:00'),
(1, 'Journal', '2023-10-23 00:00:00', '142', 'App\\Procurement\\MaterialReceive', '\\N', '\\N', '\\N', '\\N', '\\N', '\\N', 'PSML', '2023-10-19 09:56:00', '2023-10-19 09:56:00'),
(1, 'Receipt', '2022-03-10 00:00:00', '827', 'App\\SalesCollection', '\\N', '827', '\\N', 'Cheque', '1203624', '3/10/2022', 'PSML', '2022-05-18 16:55:00', '2022-05-18 16:55:00'),
(1, 'Receipt', '2022-03-10 00:00:00', '826', 'App\\SalesCollection', '\\N', '826', '\\N', 'Cheque', '1203624', '3/10/2022', 'PSML', '2022-05-18 17:25:00', '2022-05-18 17:25:00'),
(1, 'Receipt', '2022-05-17 00:00:00', '824', 'App\\SalesCollection', '\\N', '824', '\\N', 'Cash', '\\N', '5/17/2022', 'PSML', '2022-05-18 17:53:00', '2022-05-18 17:53:00'),
(1, 'Receipt', '2022-05-17 00:00:00', '823', 'App\\SalesCollection', '\\N', '823', '\\N', 'Cash', '\\N', '5/17/2022', 'PSML', '2022-05-18 17:54:00', '2022-05-18 17:54:00'),
(1, 'Receipt', '2022-01-25 00:00:00', '822', 'App\\SalesCollection', '\\N', '822', '\\N', 'Cheque', '1888605', '1/25/2022', 'PSML', '2022-05-18 17:56:00', '2022-05-18 17:56:00'),
(1, 'Receipt', '2022-02-27 00:00:00', '832', 'App\\SalesCollection', '\\N', '832', '\\N', 'Cheque', '1240307', '2/27/2022', 'PSML', '2022-05-19 12:34:00', '2022-05-19 12:34:00'),
(1, 'Receipt', '2019-02-24 00:00:00', '855', 'App\\SalesCollection', '\\N', '855', '\\N', 'Cash', '\\N', '2/24/2019', 'PSML', '2022-05-19 15:13:00', '2022-05-19 15:13:00'),
(1, 'Receipt', '2019-01-13 00:00:00', '854', 'App\\SalesCollection', '\\N', '854', '\\N', 'Cash', '\\N', '1/13/2019', 'PSML', '2022-05-19 15:20:00', '2022-05-19 15:20:00'),
(1, 'Receipt', '2019-06-13 00:00:00', '856', 'App\\SalesCollection', '\\N', '856', '\\N', 'Cheque', '1232356', '6/13/2019', 'PSML', '2022-05-19 16:00:00', '2022-05-19 16:00:00'),
(1, 'Receipt', '2019-06-13 00:00:00', '858', 'App\\SalesCollection', '\\N', '858', '\\N', 'Cash', '\\N', '6/13/2019', 'PSML', '2022-05-19 16:07:00', '2022-05-19 16:07:00'),
(1, 'Receipt', '2021-10-31 00:00:00', '863', 'App\\SalesCollection', '\\N', '863', '\\N', 'Cheque', '5999205', '10/31/2021', 'PSML', '2022-05-19 16:19:00', '2022-05-19 16:19:00'),
(1, 'Receipt', '2022-03-27 00:00:00', '868', 'App\\SalesCollection', '\\N', '868', '\\N', 'Cash', '\\N', '3/27/2022', 'PSML', '2022-05-19 16:48:00', '2022-05-19 16:48:00'),
(1, 'Receipt', '2022-02-22 00:00:00', '867', 'App\\SalesCollection', '\\N', '867', '\\N', 'Cash', '\\N', '2/22/2022', 'PSML', '2022-05-19 16:50:00', '2022-05-19 16:50:00'),
(1, 'Receipt', '2022-01-24 00:00:00', '866', 'App\\SalesCollection', '\\N', '866', '\\N', 'Cash', '\\N', '1/24/2022', 'PSML', '2022-05-19 16:51:00', '2022-05-19 16:51:00'),
(1, 'Receipt', '2018-05-06 00:00:00', '215', 'App\\SalesCollection', '\\N', '215', '\\N', 'Pay Order', '2126330', '5/6/2018', 'PSML', '2022-06-20 16:16:00', '2022-06-20 16:16:00'),
(1, 'Receipt', '2018-05-07 00:00:00', '216', 'App\\SalesCollection', '\\N', '216', '\\N', 'Pay Order', '1623878', '5/7/2018', 'PSML', '2022-06-20 16:18:00', '2022-06-20 16:18:00'),
(1, 'Receipt', '2018-05-09 00:00:00', '217', 'App\\SalesCollection', '\\N', '217', '\\N', 'Pay Order', '2126343', '5/9/2018', 'PSML', '2022-06-20 16:19:00', '2022-06-20 16:19:00'),
(1, 'Receipt', '2018-05-10 00:00:00', '218', 'App\\SalesCollection', '\\N', '218', '\\N', 'Pay Order', '1623883', '5/10/2018', 'PSML', '2022-06-20 16:23:00', '2022-06-20 16:23:00'),
(1, 'Receipt', '2018-05-22 00:00:00', '219', 'App\\SalesCollection', '\\N', '219', '\\N', 'Pay Order', '1623890', '5/22/2018', 'PSML', '2022-06-20 16:33:00', '2022-06-20 16:33:00'),
(1, 'Receipt', '2018-06-19 00:00:00', '220', 'App\\SalesCollection', '\\N', '220', '\\N', 'Pay Order', '2126458', '6/19/2018', 'PSML', '2022-06-20 16:35:00', '2022-06-20 16:35:00'),
(1, 'Receipt', '2018-07-19 00:00:00', '221', 'App\\SalesCollection', '\\N', '221', '\\N', 'Pay Order', '2404378', '7/19/2018', 'PSML', '2022-06-20 16:37:00', '2022-06-20 16:37:00'),
(1, 'Receipt', '2018-08-14 00:00:00', '222', 'App\\SalesCollection', '\\N', '222', '\\N', 'Pay Order', '2430999', '8/14/2018', 'PSML', '2022-06-20 16:45:00', '2022-06-20 16:45:00'),
(1, 'Receipt', '2018-09-23 00:00:00', '223', 'App\\SalesCollection', '\\N', '223', '\\N', 'Pay Order', '2404550', '9/23/2018', 'PSML', '2022-06-20 16:52:00', '2022-06-20 16:52:00'),
(1, 'Receipt', '2018-10-16 00:00:00', '224', 'App\\SalesCollection', '\\N', '224', '\\N', 'Pay Order', '2404637', '10/16/2018', 'PSML', '2022-06-20 16:53:00', '2022-06-20 16:53:00'),
(1, 'Receipt', '2018-11-27 00:00:00', '225', 'App\\SalesCollection', '\\N', '225', '\\N', 'Pay Order', '2404777', '11/27/2018', 'PSML', '2022-06-20 17:49:00', '2022-06-20 17:49:00'),
(1, 'Receipt', '2018-11-18 00:00:00', '226', 'App\\SalesCollection', '\\N', '226', '\\N', 'Pay Order', '2404905', '11/18/2018', 'PSML', '2022-06-20 17:50:00', '2022-06-20 17:50:00'),
(1, 'Receipt', '2019-01-17 00:00:00', '227', 'App\\SalesCollection', '\\N', '227', '\\N', 'Pay Order', '2404990', '1/17/2019', 'PSML', '2022-06-20 17:51:00', '2022-06-20 17:51:00'),
(1, 'Receipt', '2019-02-17 00:00:00', '228', 'App\\SalesCollection', '\\N', '228', '\\N', 'Pay Order', '2555437', '2/17/2019', 'PSML', '2022-06-20 17:55:00', '2022-06-20 17:55:00'),
(1, 'Receipt', '2019-03-18 00:00:00', '229', 'App\\SalesCollection', '\\N', '229', '\\N', 'Pay Order', '2405169', '3/18/2019', 'PSML', '2022-06-20 17:59:00', '2022-06-20 17:59:00'),
(1, 'Receipt', '2019-04-10 00:00:00', '230', 'App\\SalesCollection', '\\N', '230', '\\N', 'Pay Order', '2405242', '4/10/2019', 'PSML', '2022-06-20 18:00:00', '2022-06-20 18:00:00'),
(1, 'Receipt', '2019-04-16 00:00:00', '231', 'App\\SalesCollection', '\\N', '231', '\\N', 'Pay Order', '2405270', '4/16/2019', 'PSML', '2022-06-21 17:45:00', '2022-06-21 17:45:00'),
(1, 'Receipt', '2019-05-14 00:00:00', '232', 'App\\SalesCollection', '\\N', '232', '\\N', 'Pay Order', '2638424', '5/14/2019', 'PSML', '2022-06-21 17:46:00', '2022-06-21 17:46:00'),
(1, 'Receipt', '2019-06-19 00:00:00', '233', 'App\\SalesCollection', '\\N', '233', '\\N', 'Pay Order', '2405464', '6/19/2019', 'PSML', '2022-06-21 17:46:00', '2022-06-21 17:46:00'),
(1, 'Receipt', '2019-07-17 00:00:00', '234', 'App\\SalesCollection', '\\N', '234', '\\N', 'Pay Order', '2405592', '7/17/2019', 'PSML', '2022-06-21 17:48:00', '2022-06-21 17:48:00'),
(1, 'Receipt', '2019-08-18 00:00:00', '235', 'App\\SalesCollection', '\\N', '235', '\\N', 'Pay Order', '2644366', '8/18/2019', 'PSML', '2022-06-21 17:49:00', '2022-06-21 17:49:00'),
(1, 'Receipt', '2019-09-23 00:00:00', '236', 'App\\SalesCollection', '\\N', '236', '\\N', 'Pay Order', '2405791', '9/23/2019', 'PSML', '2022-06-21 17:50:00', '2022-06-21 17:50:00'),
(1, 'Receipt', '2019-10-17 00:00:00', '237', 'App\\SalesCollection', '\\N', '237', '\\N', 'Pay Order', '2727096', '10/17/2019', 'PSML', '2022-06-21 17:53:00', '2022-06-21 17:53:00'),
(1, 'Receipt', '2019-11-19 00:00:00', '238', 'App\\SalesCollection', '\\N', '238', '\\N', 'Pay Order', '2736439', '11/19/2019', 'PSML', '2022-06-21 17:57:00', '2022-06-21 17:57:00'),
(1, 'Receipt', '2019-12-22 00:00:00', '239', 'App\\SalesCollection', '\\N', '239', '\\N', 'Pay Order', '2727438', '12/22/2019', 'PSML', '2022-06-21 17:58:00', '2022-06-21 17:58:00'),
(1, 'Receipt', '2020-01-19 00:00:00', '240', 'App\\SalesCollection', '\\N', '240', '\\N', 'Pay Order', '2727542', '1/19/2020', 'PSML', '2022-06-21 18:00:00', '2022-06-21 18:00:00'),
(1, 'Receipt', '2020-02-25 00:00:00', '241', 'App\\SalesCollection', '\\N', '241', '\\N', 'Pay Order', '2727678', '2/25/2020', 'PSML', '2022-06-21 18:01:00', '2022-06-21 18:01:00'),
(1, 'Receipt', '2020-03-16 00:00:00', '242', 'App\\SalesCollection', '\\N', '242', '\\N', 'Pay Order', '2744806', '3/16/2020', 'PSML', '2022-06-21 18:02:00', '2022-06-21 18:02:00'),
(1, 'Receipt', '2020-05-17 00:00:00', '243', 'App\\SalesCollection', '\\N', '243', '\\N', 'Pay Order', '2727817', '5/17/2020', 'PSML', '2022-06-21 18:03:00', '2022-06-21 18:03:00'),
(1, 'Receipt', '2022-05-19 00:00:00', '244', 'App\\SalesCollection', '\\N', '244', '\\N', 'Pay Order', '2727846', '5/19/2022', 'PSML', '2022-06-21 18:04:00', '2022-06-21 18:04:00'),
(1, 'Receipt', '2020-07-29 00:00:00', '245', 'App\\SalesCollection', '\\N', '245', '\\N', 'Pay Order', '2728060', '7/29/2020', 'PSML', '2022-06-21 18:06:00', '2022-06-21 18:06:00'),
(1, 'Receipt', '2020-09-15 00:00:00', '246', 'App\\SalesCollection', '\\N', '246', '\\N', 'Pay Order', '2728219', '9/15/2020', 'PSML', '2022-06-21 18:06:00', '2022-06-21 18:06:00'),
(1, 'Receipt', '2020-10-15 00:00:00', '247', 'App\\SalesCollection', '\\N', '247', '\\N', 'Pay Order', '2728353', '10/15/2020', 'PSML', '2022-06-21 18:07:00', '2022-06-21 18:07:00'),
(1, 'Receipt', '2020-11-18 00:00:00', '248', 'App\\SalesCollection', '\\N', '248', '\\N', 'Pay Order', '2943210', '11/18/2020', 'PSML', '2022-06-21 18:12:00', '2022-06-21 18:12:00'),
(1, 'Receipt', '2020-12-17 00:00:00', '249', 'App\\SalesCollection', '\\N', '249', '\\N', 'Pay Order', '2943413', '12/17/2020', 'PSML', '2022-06-21 18:13:00', '2022-06-21 18:13:00'),
(1, 'Receipt', '2021-01-19 00:00:00', '250', 'App\\SalesCollection', '\\N', '250', '\\N', 'Pay Order', '2943590', '1/19/2021', 'PSML', '2022-06-21 18:14:00', '2022-06-21 18:14:00'),
(1, 'Receipt', '2021-02-16 00:00:00', '251', 'App\\SalesCollection', '\\N', '251', '\\N', 'Pay Order', '2943724', '2/16/2021', 'PSML', '2022-06-21 18:17:00', '2022-06-21 18:17:00'),
(1, 'Receipt', '2021-03-24 00:00:00', '252', 'App\\SalesCollection', '\\N', '252', '\\N', 'Pay Order', '2943876', '3/24/2021', 'PSML', '2022-06-22 11:08:00', '2022-06-22 11:08:00'),
(1, 'Receipt', '2021-04-19 00:00:00', '253', 'App\\SalesCollection', '\\N', '253', '\\N', 'Pay Order', '2944016', '4/19/2021', 'PSML', '2022-06-22 11:10:00', '2022-06-22 11:10:00'),
(1, 'Receipt', '2021-05-27 00:00:00', '265', 'App\\SalesCollection', '\\N', '265', '\\N', 'Pay Order', '2944119', '5/27/2021', 'PSML', '2022-06-22 11:11:00', '2022-06-22 11:11:00'),
(1, 'Receipt', '2021-06-23 00:00:00', '266', 'App\\SalesCollection', '\\N', '266', '\\N', 'Pay Order', '3032159', '6/23/2021', 'PSML', '2022-06-22 11:13:00', '2022-06-22 11:13:00'),
(1, 'Receipt', '2021-07-14 00:00:00', '267', 'App\\SalesCollection', '\\N', '267', '\\N', 'Pay Order', '3032252', '7/14/2021', 'PSML', '2022-06-22 11:13:00', '2022-06-22 11:13:00'),
(1, 'Receipt', '2021-08-25 00:00:00', '436', 'App\\SalesCollection', '\\N', '436', '\\N', 'Pay Order', '3032353', '8/25/2021', 'PSML', '2022-06-22 11:15:00', '2022-06-22 11:15:00'),
(1, 'Receipt', '2021-09-21 00:00:00', '837', 'App\\SalesCollection', '\\N', '837', '\\N', 'Pay Order', '3032463', '9/21/2021', 'PSML', '2022-06-22 11:19:00', '2022-06-22 11:19:00'),
(1, 'Receipt', '2021-10-25 00:00:00', '838', 'App\\SalesCollection', '\\N', '838', '\\N', 'Pay Order', '3032600', '10/25/2021', 'PSML', '2022-06-22 11:20:00', '2022-06-22 11:20:00'),
(1, 'Receipt', '2021-11-17 00:00:00', '839', 'App\\SalesCollection', '\\N', '839', '\\N', 'Pay Order', '3101713', '11/17/2021', 'PSML', '2022-06-22 11:21:00', '2022-06-22 11:21:00'),
(1, 'Receipt', '2021-12-23 00:00:00', '840', 'App\\SalesCollection', '\\N', '840', '\\N', 'Pay Order', '3032922', '12/23/2021', 'PSML', '2022-06-22 11:21:00', '2022-06-22 11:21:00'),
(1, 'Receipt', '2022-01-19 00:00:00', '841', 'App\\SalesCollection', '\\N', '841', '\\N', 'Pay Order', '3033060', '1/19/2022', 'PSML', '2022-06-22 11:22:00', '2022-06-22 11:22:00'),
(1, 'Receipt', '2022-02-22 00:00:00', '842', 'App\\SalesCollection', '\\N', '842', '\\N', 'Pay Order', '3033214', '2/22/2022', 'PSML', '2022-06-22 11:22:00', '2022-06-22 11:22:00'),
(1, 'Receipt', '2022-03-20 00:00:00', '843', 'App\\SalesCollection', '\\N', '843', '\\N', 'Pay Order', '3033331', '3/20/2022', 'PSML', '2022-06-22 11:23:00', '2022-06-22 11:23:00'),
(1, 'Receipt', '2022-04-25 00:00:00', '844', 'App\\SalesCollection', '\\N', '844', '\\N', 'Pay Order', '3033481', '4/25/2022', 'PSML', '2022-06-22 11:23:00', '2022-06-22 11:23:00'),
(1, 'Receipt', '2022-05-25 00:00:00', '871', 'App\\SalesCollection', '\\N', '871', '\\N', 'Pay Order', '3033553', '5/25/2022', 'PSML', '2022-06-22 11:23:00', '2022-06-22 11:23:00'),
(1, 'Receipt', '2022-06-21 00:00:00', '944', 'App\\SalesCollection', '\\N', '944', '\\N', 'Pay Order', '3033674', '6/21/2022', 'PSML', '2022-06-22 11:33:00', '2022-06-22 11:33:00'),
(1, 'Receipt', '2021-07-06 00:00:00', '255', 'App\\SalesCollection', '\\N', '255', '\\N', 'Cash', '\\N', '7/6/2021', 'PSML', '2022-06-22 11:37:00', '2022-06-22 11:37:00'),
(1, 'Receipt', '2021-07-07 00:00:00', '256', 'App\\SalesCollection', '\\N', '256', '\\N', 'Cash', '\\N', '7/7/2021', 'PSML', '2022-06-22 11:37:00', '2022-06-22 11:37:00'),
(1, 'Receipt', '2021-08-05 00:00:00', '872', 'App\\SalesCollection', '\\N', '872', '\\N', 'Pay Order', '24847', '8/5/2021', 'PSML', '2022-06-22 11:39:00', '2022-06-22 11:39:00'),
(1, 'Receipt', '2021-08-10 00:00:00', '873', 'App\\SalesCollection', '\\N', '873', '\\N', 'Cheque', '2405572', '8/10/2021', 'PSML', '2022-06-22 11:40:00', '2022-06-22 11:40:00'),
(1, 'Receipt', '2021-09-07 00:00:00', '874', 'App\\SalesCollection', '\\N', '874', '\\N', 'Cheque', '2867597', '9/7/2021', 'PSML', '2022-06-22 11:40:00', '2022-06-22 11:40:00'),
(1, 'Receipt', '2021-10-06 00:00:00', '875', 'App\\SalesCollection', '\\N', '875', '\\N', 'Cheque', '2867676', '10/6/2021', 'PSML', '2022-06-22 11:41:00', '2022-06-22 11:41:00'),
(1, 'Receipt', '2021-11-03 00:00:00', '876', 'App\\SalesCollection', '\\N', '876', '\\N', 'Cheque', '2867776', '11/3/2021', 'PSML', '2022-06-22 11:41:00', '2022-06-22 11:41:00'),
(1, 'Receipt', '2022-02-03 00:00:00', '877', 'App\\SalesCollection', '\\N', '877', '\\N', 'Pay Order', '1133482', '2/3/2022', 'PSML', '2022-06-22 11:42:00', '2022-06-22 11:42:00'),
(1, 'Receipt', '2022-03-15 00:00:00', '878', 'App\\SalesCollection', '\\N', '878', '\\N', 'Cheque', '2494297', '3/15/2022', 'PSML', '2022-06-22 11:42:00', '2022-06-22 11:42:00'),
(1, 'Receipt', '2022-03-29 00:00:00', '879', 'App\\SalesCollection', '\\N', '879', '\\N', 'Pay Order', '2868250', '3/29/2022', 'PSML', '2022-06-22 11:54:00', '2022-06-22 11:54:00'),
(1, 'Receipt', '2022-06-20 00:00:00', '942', 'App\\SalesCollection', '\\N', '942', '\\N', 'Pay Order', '2868430', '6/20/2022', 'PSML', '2022-06-22 12:38:00', '2022-06-22 12:38:00'),
(1, 'Receipt', '2022-06-20 00:00:00', '943', 'App\\SalesCollection', '\\N', '943', '\\N', 'Pay Order', '1237138', '6/20/2022', 'PSML', '2022-06-22 12:38:00', '2022-06-22 12:38:00'),
(1, 'Receipt', '2022-06-05 00:00:00', '946', 'App\\SalesCollection', '\\N', '946', '\\N', 'Online Bank Transfer', 'IB22060267633164', '6/5/2022', 'PSML', '2022-06-22 12:44:00', '2022-06-22 12:44:00'),
(1, 'Receipt', '2022-06-05 00:00:00', '947', 'App\\SalesCollection', '\\N', '947', '\\N', 'Online Bank Transfer', 'IB22060236525356', '6/5/2022', 'PSML', '2022-06-22 12:45:00', '2022-06-22 12:45:00'),
(1, 'Receipt', '2022-06-05 00:00:00', '948', 'App\\SalesCollection', '\\N', '948', '\\N', 'Online Bank Transfer', 'IB2206021924639', '6/5/2022', 'PSML', '2022-06-22 12:45:00', '2022-06-22 12:45:00'),
(1, 'Receipt', '2022-06-06 00:00:00', '949', 'App\\SalesCollection', '\\N', '949', '\\N', 'Online Bank Transfer', 'IB22060489399245', '6/6/2022', 'PSML', '2022-06-22 12:46:00', '2022-06-22 12:46:00'),
(1, 'Receipt', '2022-06-21 00:00:00', '950', 'App\\SalesCollection', '\\N', '950', '\\N', 'Cheque', '10100890', '6/21/2022', 'PSML', '2022-06-22 12:46:00', '2022-06-22 12:46:00'),
(1, 'Receipt', '2020-12-29 00:00:00', '268', 'App\\SalesCollection', '\\N', '268', '\\N', 'Cash', '\\N', '12/29/2020', 'PSML', '2022-06-28 11:02:00', '2022-06-28 11:02:00'),
(1, 'Receipt', '2021-01-05 00:00:00', '269', 'App\\SalesCollection', '\\N', '269', '\\N', 'Cash', '\\N', '1/5/2021', 'PSML', '2022-06-28 11:03:00', '2022-06-28 11:03:00'),
(1, 'Receipt', '2021-01-14 00:00:00', '270', 'App\\SalesCollection', '\\N', '270', '\\N', 'Cash', '\\N', '1/14/2021', 'PSML', '2022-06-28 11:04:00', '2022-06-28 11:04:00'),
(1, 'Receipt', '2021-01-17 00:00:00', '271', 'App\\SalesCollection', '\\N', '271', '\\N', 'Cash', '\\N', '1/17/2021', 'PSML', '2022-06-28 11:05:00', '2022-06-28 11:05:00'),
(1, 'Receipt', '2021-01-19 00:00:00', '272', 'App\\SalesCollection', '\\N', '272', '\\N', 'Cash', '\\N', '1/19/2021', 'PSML', '2022-06-28 11:06:00', '2022-06-28 11:06:00'),
(1, 'Receipt', '2020-12-30 00:00:00', '273', 'App\\SalesCollection', '\\N', '273', '\\N', 'Cash', '\\N', '12/30/2020', 'PSML', '2022-06-28 11:23:00', '2022-06-28 11:23:00'),
(1, 'Receipt', '2021-01-05 00:00:00', '274', 'App\\SalesCollection', '\\N', '274', '\\N', 'Cash', '\\N', '1/5/2021', 'PSML', '2022-06-28 11:24:00', '2022-06-28 11:24:00'),
(1, 'Receipt', '2021-01-14 00:00:00', '275', 'App\\SalesCollection', '\\N', '275', '\\N', 'Cash', '\\N', '1/14/2021', 'PSML', '2022-06-28 11:25:00', '2022-06-28 11:25:00'),
(1, 'Receipt', '2022-01-17 00:00:00', '276', 'App\\SalesCollection', '\\N', '276', '\\N', 'Cash', '\\N', '1/17/2022', 'PSML', '2022-06-28 11:27:00', '2022-06-28 11:27:00'),
(1, 'Receipt', '2021-01-19 00:00:00', '277', 'App\\SalesCollection', '\\N', '277', '\\N', 'Cash', '\\N', '1/19/2021', 'PSML', '2022-06-28 11:27:00', '2022-06-28 11:27:00'),
(1, 'Receipt', '2021-11-30 00:00:00', '811', 'App\\SalesCollection', '\\N', '811', '\\N', 'Cash', '\\N', '11/30/2021', 'PSML', '2022-06-28 11:29:00', '2022-06-28 11:29:00'),
(1, 'Receipt', '2021-12-19 00:00:00', '812', 'App\\SalesCollection', '\\N', '812', '\\N', 'Cheque', '1238613', '12/19/2021', 'PSML', '2022-06-28 11:30:00', '2022-06-28 11:30:00'),
(1, 'Receipt', '2022-04-19 00:00:00', '813', 'App\\SalesCollection', '\\N', '813', '\\N', 'Cheque', '1238629', '4/19/2022', 'PSML', '2022-06-28 11:31:00', '2022-06-28 11:31:00'),
(1, 'Receipt', '2021-11-30 00:00:00', '814', 'App\\SalesCollection', '\\N', '814', '\\N', 'Cash', '\\N', '11/30/2021', 'PSML', '2022-06-28 11:32:00', '2022-06-28 11:32:00'),
(1, 'Receipt', '2021-12-19 00:00:00', '815', 'App\\SalesCollection', '\\N', '815', '\\N', 'Cheque', '1238613', '12/19/2021', 'PSML', '2022-06-28 11:33:00', '2022-06-28 11:33:00'),
(1, 'Receipt', '2022-04-19 00:00:00', '816', 'App\\SalesCollection', '\\N', '816', '\\N', 'Cheque', '1238629', '4/19/2022', 'PSML', '2022-06-28 11:34:00', '2022-06-28 11:34:00'),
(1, 'Receipt', '2022-05-16 00:00:00', '806', 'App\\SalesCollection', '\\N', '806', '\\N', 'Cheque', '772826', '5/16/2022', 'PSML', '2022-06-28 11:47:00', '2022-06-28 11:47:00'),
(1, 'Receipt', '2022-05-26 00:00:00', '807', 'App\\SalesCollection', '\\N', '807', '\\N', 'Cheque', '772827', '5/26/2022', 'PSML', '2022-06-28 11:48:00', '2022-06-28 11:48:00'),
(1, 'Receipt', '2022-06-26 00:00:00', '952', 'App\\SalesCollection', '\\N', '952', '\\N', 'Cheque', '772828', '6/26/2022', 'PSML', '2022-06-28 11:49:00', '2022-06-28 11:49:00'),
(1, 'Receipt', '2020-12-01 00:00:00', '8', 'App\\SalesCollection', '\\N', '8', '\\N', 'Cheque', '1181527', '12/1/2020', 'PSML', '2022-06-28 13:23:00', '2022-06-28 13:23:00'),
(1, 'Receipt', '2020-12-01 00:00:00', '9', 'App\\SalesCollection', '\\N', '9', '\\N', 'Online Bank Transfer', 'RTGS', '0020-12-01', 'PSML', '2022-06-28 13:25:00', '2022-06-28 13:25:00'),
(1, 'Receipt', '2020-12-01 00:00:00', '10', 'App\\SalesCollection', '\\N', '10', '\\N', 'Online Bank Transfer', 'RTGS', '0020-12-01', 'PSML', '2022-06-28 13:31:00', '2022-06-28 13:31:00'),
(1, 'Receipt', '2020-12-07 00:00:00', '11', 'App\\SalesCollection', '\\N', '11', '\\N', 'Cheque', '1181528', '0020-12-07', 'PSML', '2022-06-28 13:31:00', '2022-06-28 13:31:00'),
(1, 'Receipt', '2020-12-08 00:00:00', '12', 'App\\SalesCollection', '\\N', '12', '\\N', 'Online Bank Transfer', 'RTGS', '0020-12-08', 'PSML', '2022-06-28 13:33:00', '2022-06-28 13:33:00'),
(1, 'Receipt', '2020-12-08 00:00:00', '13', 'App\\SalesCollection', '\\N', '13', '\\N', 'Cash', '\\N', '0020-12-08', 'PSML', '2022-06-28 13:33:00', '2022-06-28 13:33:00'),
(1, 'Receipt', '2021-03-11 00:00:00', '14', 'App\\SalesCollection', '\\N', '14', '\\N', 'Cash', '\\N', '0021-03-11', 'PSML', '2022-06-28 13:36:00', '2022-06-28 13:36:00'),
(1, 'Receipt', '2020-12-01 00:00:00', '734', 'App\\SalesCollection', '\\N', '734', '\\N', 'Cash', '\\N', '0020-12-01', 'PSML', '2022-06-28 13:37:00', '2022-06-28 13:37:00'),
(1, 'Receipt', '2021-06-16 00:00:00', '735', 'App\\SalesCollection', '\\N', '735', '\\N', 'Cash', '\\N', '0021-06-16', 'PSML', '2022-06-28 13:38:00', '2022-06-28 13:38:00'),
(1, 'Receipt', '2022-06-23 00:00:00', '951', 'App\\SalesCollection', '\\N', '951', '\\N', 'Online Bank Transfer', 'IB22062234515417', '6/23/2022', 'PSML', '2022-06-28 16:38:00', '2022-06-28 16:38:00'),
(1, 'Journal', '2022-03-10 00:00:00', '6', 'App\\Procurement\\MaterialReceive', '\\N', '\\N', '\\N', '\\N', '\\N', '\\N', 'PSML', '2022-11-20 17:38:00', '2022-11-20 17:38:00'),
(1, 'Journal', '2022-03-14 00:00:00', '7', 'App\\Procurement\\MaterialReceive', '\\N', '\\N', '\\N', '\\N', '\\N', '\\N', 'PSML', '2022-11-20 17:44:00', '2022-11-20 17:44:00'),
(1, 'Journal', '2022-03-15 00:00:00', '8', 'App\\Procurement\\MaterialReceive', '\\N', '\\N', '\\N', '\\N', '\\N', '\\N', 'PSML', '2022-11-20 17:48:00', '2022-11-20 17:48:00'),
(1, 'Journal', '2022-05-20 00:00:00', '9', 'App\\Procurement\\MaterialReceive', '\\N', '\\N', '\\N', '\\N', '\\N', '\\N', 'PSML', '2022-11-20 17:54:00', '2022-11-20 17:54:00'),
(1, 'Journal', '2022-05-16 00:00:00', '10', 'App\\Procurement\\MaterialReceive', '\\N', '\\N', '\\N', '\\N', '\\N', '\\N', 'PSML', '2022-11-20 17:54:00', '2022-11-20 17:54:00'),
(1, 'Journal', '2022-05-24 00:00:00', '11', 'App\\Procurement\\MaterialReceive', '\\N', '\\N', '\\N', '\\N', '\\N', '\\N', 'PSML', '2022-11-20 17:56:00', '2022-11-20 17:56:00'),
(1, 'Journal', '2022-05-19 00:00:00', '12', 'App\\Procurement\\MaterialReceive', '\\N', '\\N', '\\N', '\\N', '\\N', '\\N', 'PSML', '2022-11-20 17:57:00', '2022-11-20 17:57:00'),
(1, 'Journal', '2022-06-21 00:00:00', '13', 'App\\Procurement\\MaterialReceive', '\\N', '\\N', '\\N', '\\N', '\\N', '\\N', 'PSML', '2022-11-20 17:58:00', '2022-11-20 17:58:00'),
(1, 'Journal', '2022-06-11 00:00:00', '14', 'App\\Procurement\\MaterialReceive', '\\N', '\\N', '\\N', '\\N', '\\N', '\\N', 'PSML', '2022-11-20 18:08:00', '2022-11-20 18:08:00'),
(1, 'Journal', '2022-06-08 00:00:00', '15', 'App\\Procurement\\MaterialReceive', '\\N', '\\N', '\\N', '\\N', '\\N', '\\N', 'PSML', '2022-11-20 18:09:00', '2022-11-20 18:09:00'),
(1, 'Journal', '2022-06-25 00:00:00', '16', 'App\\Procurement\\MaterialReceive', '\\N', '\\N', '\\N', '\\N', '\\N', '\\N', 'PSML', '2022-11-20 18:11:00', '2022-11-20 18:11:00'),
(1, 'Journal', '2022-06-28 00:00:00', '17', 'App\\Procurement\\MaterialReceive', '\\N', '\\N', '\\N', '\\N', '\\N', '\\N', 'PSML', '2022-11-20 18:13:00', '2022-11-20 18:13:00'),
(1, 'Journal', '2022-07-04 00:00:00', '18', 'App\\Procurement\\MaterialReceive', '\\N', '\\N', '\\N', '\\N', '\\N', '\\N', 'PSML', '2022-11-20 18:24:00', '2022-11-20 18:24:00'),
(1, 'Journal', '2022-07-31 00:00:00', '19', 'App\\Procurement\\MaterialReceive', '\\N', '\\N', '\\N', '\\N', '\\N', '\\N', 'PSML', '2022-11-20 18:29:00', '2022-11-20 18:29:00'),
(1, 'Journal', '2022-07-31 00:00:00', '20', 'App\\Procurement\\MaterialReceive', 'OB_34445', '\\N', '\\N', '\\N', '\\N', '\\N', 'PSML', '2022-11-20 18:29:00', '2023-09-20 14:12:00'),
(1, 'Journal', '2022-07-20 00:00:00', '21', 'App\\Procurement\\MaterialReceive', 'B_1635', '\\N', '\\N', '\\N', '\\N', '\\N', 'PSML', '2022-11-20 18:29:00', '2022-11-20 18:29:00'),
(1, 'Journal', '2022-08-17 00:00:00', '23', 'App\\Procurement\\MaterialReceive', '\\N', '\\N', '\\N', '\\N', '\\N', '\\N', 'PSML', '2022-11-20 18:29:00', '2022-11-20 18:29:00'),
(1, 'Journal', '2022-08-14 00:00:00', '26', 'App\\Procurement\\MaterialReceive', '\\N', '\\N', '\\N', '\\N', '\\N', '\\N', 'PSML', '2022-11-20 18:30:00', '2022-11-20 18:30:00'),
(1, 'Journal', '2022-08-22 00:00:00', '27', 'App\\Procurement\\MaterialReceive', '\\N', '\\N', '\\N', '\\N', '\\N', '\\N', 'PSML', '2022-11-20 18:30:00', '2022-11-20 18:30:00'),
(1, 'Journal', '2022-08-31 00:00:00', '28', 'App\\Procurement\\MaterialReceive', '\\N', '\\N', '\\N', '\\N', '\\N', '\\N', 'PSML', '2022-11-20 18:30:00', '2022-11-20 18:30:00'),
(1, 'Journal', '2022-09-05 00:00:00', '29', 'App\\Procurement\\MaterialReceive', '\\N', '\\N', '\\N', '\\N', '\\N', '\\N', 'PSML', '2022-11-20 18:30:00', '2022-11-20 18:30:00'),
(1, 'Journal', '2022-09-06 00:00:00', '30', 'App\\Procurement\\MaterialReceive', '\\N', '\\N', '\\N', '\\N', '\\N', '\\N', 'PSML', '2022-11-20 18:30:00', '2022-11-20 18:30:00'),
(1, 'Journal', '2022-08-27 00:00:00', '31', 'App\\Procurement\\MaterialReceive', '\\N', '\\N', '\\N', '\\N', '\\N', '\\N', 'PSML', '2022-11-20 18:30:00', '2022-11-20 18:30:00'),
(1, 'Journal', '2022-08-27 00:00:00', '32', 'App\\Procurement\\MaterialReceive', '\\N', '\\N', '\\N', '\\N', '\\N', '\\N', 'PSML', '2022-11-20 18:30:00', '2022-11-20 18:30:00'),
(1, 'Journal', '2022-09-06 00:00:00', '34', 'App\\Procurement\\MaterialReceive', '\\N', '\\N', '\\N', '\\N', '\\N', '\\N', 'PSML', '2022-11-20 18:30:00', '2022-11-20 18:30:00'),
(1, 'Journal', '2022-08-24 00:00:00', '35', 'App\\Procurement\\MaterialReceive', '\\N', '\\N', '\\N', '\\N', '\\N', '\\N', 'PSML', '2022-11-20 18:30:00', '2022-11-20 18:30:00'),
(1, 'Journal', '2022-08-25 00:00:00', '36', 'App\\Procurement\\MaterialReceive', '\\N', '\\N', '\\N', '\\N', '\\N', '\\N', 'PSML', '2022-11-20 18:30:00', '2022-11-20 18:30:00'),
(1, 'Journal', '2022-08-24 00:00:00', '37', 'App\\Procurement\\MaterialReceive', '\\N', '\\N', '\\N', '\\N', '\\N', '\\N', 'PSML', '2022-11-20 18:30:00', '2022-11-20 18:30:00'),
(1, 'Journal', '2022-08-18 00:00:00', '38', 'App\\Procurement\\MaterialReceive', '\\N', '\\N', '\\N', '\\N', '\\N', '\\N', 'PSML', '2022-11-20 18:31:00', '2022-11-20 18:31:00'),
(1, 'Journal', '2022-07-19 00:00:00', '39', 'App\\Procurement\\MaterialReceive', '\\N', '\\N', '\\N', '\\N', '\\N', '\\N', 'PSML', '2022-11-20 18:31:00', '2022-11-20 18:31:00'),
(1, 'Journal', '2022-09-06 00:00:00', '40', 'App\\Procurement\\MaterialReceive', '\\N', '\\N', '\\N', '\\N', '\\N', '\\N', 'PSML', '2022-11-20 18:31:00', '2022-11-20 18:31:00'),
(1, 'Journal', '2022-09-15 00:00:00', '41', 'App\\Procurement\\MaterialReceive', '\\N', '\\N', '\\N', '\\N', '\\N', '\\N', 'PSML', '2022-11-20 18:31:00', '2022-11-20 18:31:00'),
(1, 'Journal', '2022-09-08 00:00:00', '42', 'App\\Procurement\\MaterialReceive', '\\N', '\\N', '\\N', '\\N', '\\N', '\\N', 'PSML', '2022-11-20 18:31:00', '2022-11-20 18:31:00'),
(1, 'Journal', '2022-10-05 00:00:00', '43', 'App\\Procurement\\MaterialReceive', '\\N', '\\N', '\\N', '\\N', '\\N', '\\N', 'PSML', '2022-11-20 18:31:00', '2022-11-20 18:31:00'),
(1, 'Journal', '2022-08-26 00:00:00', '44', 'App\\Procurement\\MaterialReceive', '\\N', '\\N', '\\N', '\\N', '\\N', '\\N', 'PSML', '2022-11-20 18:31:00', '2022-11-20 18:31:00'),
(1, 'Journal', '2022-10-12 00:00:00', '45', 'App\\Procurement\\MaterialReceive', '\\N', '\\N', '\\N', '\\N', '\\N', '\\N', 'PSML', '2022-11-20 18:31:00', '2022-11-20 18:31:00'),
(1, 'Journal', '2022-10-14 00:00:00', '46', 'App\\Procurement\\MaterialReceive', '\\N', '\\N', '\\N', '\\N', '\\N', '\\N', 'PSML', '2022-11-20 18:31:00', '2022-11-20 18:31:00'),
(1, 'Journal', '2022-11-07 00:00:00', '47', 'App\\Procurement\\MaterialReceive', 'OB_34895', '\\N', '\\N', '\\N', '\\N', '\\N', 'PSML', '2022-11-20 18:31:00', '2022-11-20 18:31:00'),
(1, 'Journal', '2022-11-06 00:00:00', '48', 'App\\Procurement\\MaterialReceive', 'OB_34895', '\\N', '\\N', '\\N', '\\N', '\\N', 'PSML', '2022-11-20 18:31:00', '2022-11-20 18:31:00'),
(1, 'Journal', '2022-10-19 00:00:00', '49', 'App\\Procurement\\MaterialReceive', '\\N', '\\N', '\\N', '\\N', '\\N', '\\N', 'PSML', '2022-11-20 18:31:00', '2022-11-20 18:31:00'),
(1, 'Journal', '2022-12-02 00:00:00', '54', 'App\\Procurement\\MaterialReceive', '\\N', '\\N', '\\N', '\\N', '\\N', '\\N', 'PSML', '2022-12-08 17:18:00', '2022-12-08 17:18:00'),
(1, 'Journal', '2022-12-02 00:00:00', '53', 'App\\Procurement\\MaterialReceive', '\\N', '\\N', '\\N', '\\N', '\\N', '\\N', 'PSML', '2022-12-08 17:18:00', '2022-12-08 17:18:00'),
(1, 'Journal', '2022-11-25 00:00:00', '52', 'App\\Procurement\\MaterialReceive', '\\N', '\\N', '\\N', '\\N', '\\N', '\\N', 'PSML', '2022-12-08 17:18:00', '2022-12-08 17:18:00'),
(1, 'Journal', '2022-11-30 00:00:00', '51', 'App\\Procurement\\MaterialReceive', '\\N', '\\N', '\\N', '\\N', '\\N', '\\N', 'PSML', '2022-12-08 17:18:00', '2022-12-08 17:18:00'),
(1, 'Journal', '2022-11-25 00:00:00', '50', 'App\\Procurement\\MaterialReceive', '\\N', '\\N', '\\N', '\\N', '\\N', '\\N', 'PSML', '2022-12-08 17:18:00', '2022-12-08 17:18:00'),
(1, 'Receipt', '2022-06-01 00:00:00', '925', 'App\\SalesCollection', '\\N', '925', 'The Amount is received from Mohammed Manjurul Karim & Tasnuva Shati Beg Snowdonia A-9 Against Booking Money. MR No : 1275/22.', 'Cash', '\\N', '6/1/2022', 'PSML', '2022-12-18 12:50:00', '2022-12-18 12:50:00'),
(1, 'Receipt', '2022-06-22 00:00:00', '991', 'App\\SalesCollection', '\\N', '991', 'The Amount is received from Manjurul Karim & Tasnuva Shati Beg- Snowdonia- A-9  Apt. as a Down payment. MR # 1706.', 'Cheque', '3109057', '6/22/2022', 'PSML', '2022-12-18 12:54:00', '2022-12-18 12:54:00'),
(1, 'Receipt', '2022-07-24 00:00:00', '992', 'App\\SalesCollection', '\\N', '992', 'The amount is received from Manzarul Karim &Tasnova Shati - Snowdonia - A-9against 1st installment MR No. - 1693/22.', 'Cash', '\\N', '7/24/2022', 'PSML', '2022-12-18 12:57:00', '2022-12-18 12:57:00'),
(1, 'Receipt', '2022-08-14 00:00:00', '1074', 'App\\SalesCollection', '\\N', '1074', 'The amount is received from Manzarul Karim & Tasnova Shati - Snowdonia - A-9 against 2nd installment MR No. - 1460/22', 'Cash', '\\N', '8/14/2022', 'PSML', '2022-12-18 12:59:00', '2022-12-18 12:59:00'),
(1, 'Receipt', '2022-09-15 00:00:00', '1075', 'App\\SalesCollection', '\\N', '1075', 'The amount is received from Manzarul Karim & Tasnova Shati - Snowdonia - A-9 against 3rd installment MR No. -', 'Cash', '\\N', '9/15/2022', 'PSML', '2022-12-18 13:02:00', '2022-12-18 13:02:00'),
(1, 'Receipt', '2022-10-19 00:00:00', '1120', 'App\\SalesCollection', '\\N', '1120', 'The amount is received from Manzarul Karim &Tasnova Shati - Snowdonia - A-9 against 4th installment MR No. - 1530/22', 'Cash', '\\N', '10/19/2022', 'PSML', '2022-12-18 13:06:00', '2022-12-18 13:06:00'),
(1, 'Receipt', '2022-11-15 00:00:00', '1143', 'App\\SalesCollection', '\\N', '1143', 'The amount is received from Manzarul Karim & Tasnova Shati - Snowdonia - A-9 against 5th installment MR No. - 1766/22.', 'Cash', '\\N', '11/15/2022', 'PSML', '2022-12-18 13:08:00', '2022-12-18 13:08:00'),
(1, 'Receipt', '2022-12-15 00:00:00', '1176', 'App\\SalesCollection', '\\N', '1176', 'The amount is received from Manzarul Karim & Tasnova Shati - Snowdonia - A-9 against installment MR No. - 1959/22', 'Cash', '\\N', '12/15/2022', 'PSML', '2022-12-18 13:11:00', '2022-12-18 13:11:00'),
(1, 'Receipt', '2022-08-30 00:00:00', '1044', 'App\\SalesCollection', '\\N', '1044', 'The amount is received from Mohammed Iqbal Faruk & Tashin Akter - B-5, Zed-70 against Booking Money MR No.1480/22.', 'Cheque', '8181002', '8/30/2022', 'PSML', '2022-12-18 13:27:00', '2022-12-18 13:27:00'),
(1, 'Receipt', '2022-09-19 00:00:00', '1070', 'App\\SalesCollection', '\\N', '1070', 'The amount is received from Mohammed Iqbal Faruk & Tashin Akter - B-5, Zed-70 against Dowon payment MR No.1746/22.', 'Pay Order', '2335286', '9/19/2022', 'PSML', '2022-12-18 13:29:00', '2022-12-18 13:29:00'),
(1, 'Receipt', '2022-10-27 00:00:00', '1094', 'App\\SalesCollection', '\\N', '1094', 'The amount is received from Mohammed Iqbal Faruk & Tashin Akter - B-5, Zed-70 against 1st Installment MR No.1545/22.', 'Cheque', '4318141', '10/27/2022', 'PSML', '2022-12-18 13:34:00', '2022-12-18 13:34:00'),
(1, 'Receipt', '2022-12-14 00:00:00', '1175', 'App\\SalesCollection', '\\N', '1175', 'The amount is received from Mohammed Iqbal Faruk & Tashin Akter - B-5, Zed-70 against 2nd Installment MR No. 1955/22.', 'Cheque', '818007', '12/14/2022', 'PSML', '2022-12-18 13:36:00', '2022-12-18 13:36:00'),
(1, 'Receipt', '2020-06-11 00:00:00', '518', 'App\\SalesCollection', '\\N', '518', 'The amount is received from Rowshan Ara Akther - Queens Park-C-5 against Booking Money MR No.4365.', 'Cheque', '20', '6/11/2020', 'PSML', '2022-12-18 13:42:00', '2022-12-18 13:42:00'),
(1, 'Receipt', '2020-06-15 00:00:00', '519', 'App\\SalesCollection', '\\N', '519', 'The amount is received from Rowshan Ara Akter - Queens Park-C-5 against Booking Money MR No,. 4366.', 'Cheque', '21', '6/15/2020', 'PSML', '2022-12-18 13:44:00', '2022-12-18 13:44:00'),
(1, 'Receipt', '2020-06-15 00:00:00', '520', 'App\\SalesCollection', '\\N', '520', 'The amount is received from Rowshan Ara Akther-Queens Park - C-5 against Booking Money MR No. 4367.', 'Cheque', '22', '6/15/2020', 'PSML', '2022-12-18 14:00:00', '2022-12-18 14:00:00'),
(1, 'Receipt', '2022-12-12 00:00:00', '1174', 'App\\SalesCollection', '\\N', '1174', 'The amount is received from Rowshan Ara Akther-Queens Park - C-5 against IstInstallment . MR No: 1952/22.', 'Cheque', '1461384', '12/12/2022', 'PSML', '2022-12-18 14:02:00', '2022-12-18 14:02:00'),
(1, 'Journal', '2022-12-15 00:00:00', '59', 'App\\Procurement\\MaterialReceive', '\\N', '\\N', '\\N', '\\N', '\\N', '\\N', 'PSML', '2022-12-21 15:38:00', '2022-12-21 15:38:00'),
(1, 'Journal', '2022-12-14 00:00:00', '58', 'App\\Procurement\\MaterialReceive', '\\N', '\\N', '\\N', '\\N', '\\N', '\\N', 'PSML', '2022-12-21 15:38:00', '2022-12-21 15:38:00'),
(1, 'Journal', '2022-12-07 00:00:00', '57', 'App\\Procurement\\MaterialReceive', '\\N', '\\N', '\\N', '\\N', '\\N', '\\N', 'PSML', '2022-12-21 15:38:00', '2022-12-22 15:10:00'),
(1, 'Journal', '2022-12-25 00:00:00', '63', 'App\\Procurement\\MaterialReceive', '\\N', '\\N', '\\N', '\\N', '\\N', '\\N', 'PSML', '2023-01-01 18:22:00', '2023-01-01 18:22:00'),
(1, 'Journal', '2022-12-19 00:00:00', '62', 'App\\Procurement\\MaterialReceive', '\\N', '\\N', '\\N', '\\N', '\\N', '\\N', 'PSML', '2023-01-01 18:22:00', '2023-01-01 18:22:00'),
(1, 'Journal', '2022-12-24 00:00:00', '61', 'App\\Procurement\\MaterialReceive', '\\N', '\\N', '\\N', '\\N', '\\N', '\\N', 'PSML', '2023-01-01 18:22:00', '2023-01-01 18:22:00'),
(1, 'Journal', '2022-12-21 00:00:00', '60', 'App\\Procurement\\MaterialReceive', '\\N', '\\N', '\\N', '\\N', '\\N', '\\N', 'PSML', '2023-01-01 18:22:00', '2023-01-01 18:22:00'),
(1, 'Journal', '2023-01-02 00:00:00', '64', 'App\\Procurement\\MaterialReceive', '\\N', '\\N', '\\N', '\\N', '\\N', '\\N', 'PSML', '2023-01-30 17:45:00', '2023-01-30 17:45:00'),
(1, 'Receipt', '2021-06-30 00:00:00', '254', 'App\\SalesCollection', '\\N', '254', 'The Amount is received from Dr. Fatema Sanjila Alam  Park Terrace A-9 aganist Booking Money. MR No : 486/21.', 'Cash', '\\N', '6/30/2021', 'PSML', '2023-02-23 17:41:00', '2023-02-23 17:41:00'),
(1, 'Receipt', '2021-09-30 00:00:00', '819', 'App\\SalesCollection', '\\N', '819', 'The Amount being received from Fatema Sanjila Alam Park Terrace A-9 Apt. 1st Installment . MR No: 659/21', 'Cheque', '201514', '9/30/2021', 'PSML', '2023-02-23 17:49:00', '2023-02-23 17:49:00'),
(1, 'Receipt', '2021-09-30 00:00:00', '820', 'App\\SalesCollection', '\\N', '820', 'The Amount being received from Fatema Sanjila Alam Park Terrace A-9 Apt. 1st Installment . MR No: 660/21', 'Cheque', '201515', '9/30/2021', 'PSML', '2023-02-23 17:50:00', '2023-02-23 17:50:00'),
(1, 'Receipt', '2021-09-29 00:00:00', '821', 'App\\SalesCollection', '\\N', '821', 'The Amount being received from Fatema Sanjila Alam Park Terrace A-9 Apt. 1st Installment . MR No: 668/21', 'DD', '1888159', '9/29/2021', 'PSML', '2023-02-23 17:56:00', '2023-02-23 17:56:00'),
(1, 'Receipt', '2022-06-12 00:00:00', '924', 'App\\SalesCollection', '\\N', '924', 'The Amount being received from Fatema Sanjila Alam Park Terrace A-9 Apt. 1st Installment . MR No: 1289/22', 'Cheque', '3381083', '6/12/2022', 'PSML', '2023-02-23 17:59:00', '2023-02-23 17:59:00'),
(1, 'Receipt', '2022-10-23 00:00:00', '1103', 'App\\SalesCollection', '\\N', '1103', 'The Amount being received from Fatema Sanjila Alam Park Terrace A-9 Apt. 1st Installment . MR No: 1535/22.', 'Cheque', '3381091', '10/23/2022', 'PSML', '2023-02-23 18:02:00', '2023-02-23 18:02:00'),
(1, 'Receipt', '2022-10-30 00:00:00', '1104', 'App\\SalesCollection', '\\N', '1104', 'The Amount being received from Fatema Sanjila Alam Park Terrace A-9 Apt. 1st Installment . MR No: 1536/22.', 'Cheque', '3381092', '10/30/2022', 'PSML', '2023-02-23 18:04:00', '2023-02-23 18:04:00'),
(1, 'Receipt', '2022-12-01 00:00:00', '1163', 'App\\SalesCollection', '\\N', '1163', 'The Amount being received from Fatema Sanjila Alam Park Terrace A-9 Apt. as Installment . MR No: 1788/22', 'Pay Order', '1889305', '12/1/2022', 'PSML', '2023-02-23 18:06:00', '2023-02-23 18:06:00'),
(1, 'Receipt', '2022-11-17 00:00:00', '1314', 'App\\SalesCollection', '\\N', '1314', 'The Amount being received from Fatema Sanjila Alam Park Terrace A-9 Apt. 1st Installment . MR No: 1772/22', 'Cheque', '3381093', '11/17/2022', 'PSML', '2023-02-23 18:19:00', '2023-02-23 18:19:00'),
(1, 'Receipt', '2023-02-16 00:00:00', '1363', 'App\\SalesCollection', '\\N', '1363', 'The Amount being received from Fatema Sanjila Alam Park Terrace A-9 Apt.  through the RTGS  as a Installment . MR No: 2092/23', 'Cash', '\\N', '2/16/2023', 'PSML', '2023-02-23 18:22:00', '2023-02-23 18:22:00'),
(1, 'Receipt', '2022-03-15 00:00:00', '671', 'App\\SalesCollection', '\\N', '671', 'The Amount is received as a booking Money against their Apt. # C-4.', 'Cheque', '1542861', '3/15/2022', 'PSML', '2023-02-26 11:34:00', '2023-02-26 11:34:00'),
(1, 'Receipt', '2022-03-15 00:00:00', '672', 'App\\SalesCollection', '\\N', '672', 'The Amount is received as a booking Money against their Apt. # C-4. MR No: 725/22', 'Cheque', '218771', '3/15/2022', 'PSML', '2023-02-26 11:36:00', '2023-02-26 11:36:00'),
(1, 'Receipt', '2022-04-17 00:00:00', '711', 'App\\SalesCollection', '\\N', '711', 'The Amount is received as a Installment against their Apt. # C-4. MR No: 1139/22', 'Cheque', '1542862', '4/17/2022', 'PSML', '2023-02-26 11:41:00', '2023-02-26 11:41:00'),
(1, 'Receipt', '2022-05-19 00:00:00', '836', 'App\\SalesCollection', '\\N', '836', 'The Amount is received as a 2nd Installment against their Apt. # C-4. MR No: 1259/22.', 'Cheque', '3315558', '5/19/2022', 'PSML', '2023-02-26 11:44:00', '2023-02-26 11:44:00'),
(1, 'Receipt', '2022-06-20 00:00:00', '941', 'App\\SalesCollection', '\\N', '941', 'The Amount is received as a 2nd Installment against their Apt. # C-4. MR No: 1704/22.', 'Cheque', '218788', '6/20/2022', 'PSML', '2023-02-26 11:47:00', '2023-02-26 11:47:00'),
(1, 'Receipt', '2022-07-18 00:00:00', '984', 'App\\SalesCollection', '\\N', '984', 'The Amount is received as a Installment against their Apt. # C-4. MR No: 1684/22.', 'Cheque', '3315560', '7/18/2022', 'PSML', '2023-02-26 15:56:00', '2023-02-26 15:56:00'),
(1, 'Receipt', '2022-08-22 00:00:00', '1031', 'App\\SalesCollection', '\\N', '1031', 'The Amount is received as a Installment against their Apt. # C-4.', 'Cheque', '1542868', '8/22/2022', 'PSML', '2023-02-26 16:00:00', '2023-02-26 16:00:00'),
(1, 'Receipt', '2022-09-19 00:00:00', '1071', 'App\\SalesCollection', '\\N', '1071', 'The Amount is received as a 6th Installment against their Apt. # C-4. MR No: 1743/22.', 'Cheque', '8885246', '9/19/2022', 'PSML', '2023-02-26 16:02:00', '2023-02-26 16:02:00'),
(1, 'Receipt', '2022-10-18 00:00:00', '1119', 'App\\SalesCollection', '\\N', '1119', 'The Amount is received as a Installment against their Apt. # C-4. MR No: 1531/22.', 'Cheque', '3000682', '10/18/2022', 'PSML', '2023-02-26 16:03:00', '2023-02-26 16:03:00'),
(1, 'Receipt', '2022-11-20 00:00:00', '1238', 'App\\SalesCollection', '\\N', '1238', 'The Amount is received as a 8th Installment against their Apt. # C-4. MR No: 1777/22.', 'Cheque', '1542872', '11/20/2022', 'PSML', '2023-02-26 16:05:00', '2023-02-26 16:05:00'),
(1, 'Receipt', '2022-12-20 00:00:00', '1301', 'App\\SalesCollection', '\\N', '1301', 'The Amount is received as a 9th Installment against their Apt. # C-4. MR No: 1867/22.', 'Cheque', '1542875', '12/20/2022', 'PSML', '2023-02-26 16:07:00', '2023-02-26 16:07:00'),
(1, 'Receipt', '2023-01-18 00:00:00', '1302', 'App\\SalesCollection', '\\N', '1302', 'The Amount is received as a 10th Installment against their Apt. # C-4. MR No: 2024/23.', 'Cheque', '3000685', '1/18/2023', 'PSML', '2023-02-26 16:09:00', '2023-02-26 16:09:00'),
(1, 'Journal', '2023-02-04 00:00:00', '70', 'App\\Procurement\\MaterialReceive', '\\N', '\\N', '\\N', '\\N', '\\N', '\\N', 'PSML', '2023-02-27 14:38:00', '2023-02-27 14:38:00'),
(1, 'Journal', '2023-01-26 00:00:00', '69', 'App\\Procurement\\MaterialReceive', '\\N', '\\N', '\\N', '\\N', '\\N', '\\N', 'PSML', '2023-02-27 14:38:00', '2023-02-27 14:38:00'),
(1, 'Journal', '2023-01-31 00:00:00', '68', 'App\\Procurement\\MaterialReceive', '\\N', '\\N', '\\N', '\\N', '\\N', '\\N', 'PSML', '2023-02-27 14:38:00', '2023-02-27 14:38:00'),
(1, 'Journal', '2023-01-30 00:00:00', '67', 'App\\Procurement\\MaterialReceive', '\\N', '\\N', '\\N', '\\N', '\\N', '\\N', 'PSML', '2023-02-27 14:38:00', '2023-02-27 14:38:00'),
(1, 'Journal', '2023-03-03 00:00:00', '78', 'App\\Procurement\\MaterialReceive', '\\N', '\\N', '\\N', '\\N', '\\N', '\\N', 'PSML', '2023-03-06 17:49:00', '2023-03-06 17:49:00'),
(1, 'Journal', '2023-02-07 00:00:00', '77', 'App\\Procurement\\MaterialReceive', '\\N', '\\N', '\\N', '\\N', '\\N', '\\N', 'PSML', '2023-03-06 17:49:00', '2023-03-06 17:49:00'),
(1, 'Journal', '2022-12-12 00:00:00', '76', 'App\\Procurement\\MaterialReceive', '\\N', '\\N', '\\N', '\\N', '\\N', '\\N', 'PSML', '2023-03-06 17:49:00', '2023-03-06 17:49:00'),
(1, 'Journal', '2022-12-06 00:00:00', '75', 'App\\Procurement\\MaterialReceive', '\\N', '\\N', '\\N', '\\N', '\\N', '\\N', 'PSML', '2023-03-06 17:49:00', '2023-03-06 17:49:00'),
(1, 'Journal', '2022-12-07 00:00:00', '74', 'App\\Procurement\\MaterialReceive', '\\N', '\\N', '\\N', '\\N', '\\N', '\\N', 'PSML', '2023-03-06 17:49:00', '2023-03-06 17:49:00'),
(1, 'Receipt', '2022-02-13 00:00:00', '608', 'App\\SalesCollection', '\\N', '608', 'The amount is received from Dr. Md. Harunar Rashid Chowdhury- Zed Kings Dale- A -3 against Booking Money MR No. 908/22', 'Cheque', '6284640', '2/13/2022', 'PSML', '2023-03-09 13:35:00', '2023-03-09 13:35:00'),
(1, 'Journal', '2022-05-19 00:00:00', '2', 'App\\Procurement\\Storeissue', '\\N', '\\N', '\\N', '\\N', '\\N', '\\N', 'PSML', '2023-03-12 12:17:00', '2023-03-12 12:17:00'),
(1, 'Journal', '2022-05-19 00:00:00', '2', 'App\\Procurement\\Storeissue', '\\N', '\\N', '\\N', '\\N', '\\N', '\\N', 'PSML', '2023-03-12 12:17:00', '2023-03-12 12:17:00'),
(1, 'Journal', '2022-05-19 00:00:00', '2', 'App\\Procurement\\Storeissue', '\\N', '\\N', '\\N', '\\N', '\\N', '\\N', 'PSML', '2023-03-12 12:17:00', '2023-03-12 12:17:00'),
(1, 'Journal', '2022-05-19 00:00:00', '2', 'App\\Procurement\\Storeissue', '\\N', '\\N', '\\N', '\\N', '\\N', '\\N', 'PSML', '2023-03-12 12:17:00', '2023-03-12 12:17:00'),
(1, 'Payment', '2023-03-12 00:00:00', '\\N', '\\N', 'OB_34895', '\\N', 'dummy payment made for System checking', 'A/C Payee', '878973', '3/12/2023', 'PSML', '2023-03-12 15:52:00', '2023-03-12 15:52:00'),
(1, 'Receipt', '2022-07-20 00:00:00', '1099', 'App\\SalesCollection', '\\N', '1099', 'The Amount is received from Dr. Mohammed Gias Uddin  White oak  B-8 Apt. against 47th Installment MR No: 1687/22. . CQ No:  3033773 || 41', 'Pay Order', '3033773', '7/20/2022', 'PSML', '2023-03-14 15:13:00', '2023-03-14 15:13:00'),
(1, 'Receipt', '2022-08-23 00:00:00', '1100', 'App\\SalesCollection', '\\N', '1100', 'The Amount is received from Dr. Mohammed Gias Uddin  White oak  B-8 Apt. against 48th Installment MR No: 1472/22. . CQ No:  413033904 ||', 'Pay Order', '3033904', '8/23/2022', 'PSML', '2023-03-14 15:19:00', '2023-03-14 15:19:00'),
(1, 'Receipt', '2022-09-22 00:00:00', '1101', 'App\\SalesCollection', '\\N', '1101', 'The Amount is received from Dr. Mohammed Gias Uddin  White oak  B-8 Apt. against 49th Installment MR No: 1472/22. . CQ No: 3034003 ||', 'Pay Order', '3034003', '9/22/2022', 'PSML', '2023-03-14 15:27:00', '2023-03-14 15:27:00'),
(1, 'Receipt', '2022-10-25 00:00:00', '1212', 'App\\SalesCollection', '\\N', '1212', 'The Amount is received from Dr. Mohammed Gias Uddin  White oak  B-8 Apt. against Final Partial. MR No: 1540/22. . CQ Dt: 25-10-2022 CQ No: || 3090687 ||', 'Cheque', '3090687', '10/25/2022', 'PSML', '2023-03-14 15:32:00', '2023-03-14 15:32:00'),
(1, 'Receipt', '2022-08-17 00:00:00', '1025', 'App\\SalesCollection', '\\N', '1025', 'The Amount is received from Rehene Akter KD Antem A-8 Aganist Booking Money. MR NO: 1467/22', 'Cash', '\\N', '8/17/2022', 'PSML', '2023-03-23 10:45:00', '2023-03-23 10:45:00'),
(1, 'Receipt', '2022-08-21 00:00:00', '1026', 'App\\SalesCollection', '\\N', '1026', 'The Amount is received from Rehene Akter KD Antem A-4 MR NO: 1467/22. CQ Dt: 17-08-2022 || CQ No:  3496860 ||', 'Cheque', '3496860', '8/21/2022', 'PSML', '2023-03-23 10:49:00', '2023-03-23 10:49:00'),
(1, 'Receipt', '2022-08-21 00:00:00', '1027', 'App\\SalesCollection', '\\N', '1027', 'The Amount is received from Rehene Akter KD Antem A-4 MR NO: 1469/22.  17-08-2022 || 9499440 ||', 'Cheque', '9499440', '8/21/2022', 'PSML', '2023-03-23 10:58:00', '2023-03-23 10:58:00'),
(1, 'Receipt', '2022-09-21 00:00:00', '1061', 'App\\SalesCollection', '\\N', '1061', 'The Amount is received from Rehene Akter KD Antem A-4 MR NO: 1750/22. CQ 6615065 || CQ dt : 21.09.2022', 'Pay Order', '6615065', '9/21/2022', 'PSML', '2023-03-23 11:06:00', '2023-03-23 11:06:00'),
(1, 'Receipt', '2022-09-22 00:00:00', '1063', 'App\\SalesCollection', '\\N', '1063', 'The Amount is received from Rehene Akter KD Antem A-4 MR NO: 1502/22.  Aganist Down Payment. 22-09-2022 || 3496861 ||', 'Cheque', '3496861', '9/22/2022', 'PSML', '2023-03-23 11:16:00', '2023-03-23 11:16:00'),
(1, 'Receipt', '2022-09-22 00:00:00', '1062', 'App\\SalesCollection', '\\N', '1062', 'The Amount is received from Rehene Akter KD Antem A-4 MR NO: 1501/22.  Aganist Down Payment. 22-09-2022 || 9499441 ||', 'Cheque', '9499441', '9/22/2022', 'PSML', '2023-03-23 11:28:00', '2023-03-23 11:28:00'),
(1, 'Journal', '2022-04-01 00:00:00', '9', 'App\\Procurement\\Storeissue', '\\N', '\\N', '\\N', '\\N', '\\N', '\\N', 'PSML', '2023-03-23 17:14:00', '2023-03-23 17:14:00'),
(1, 'Journal', '2022-04-01 00:00:00', '9', 'App\\Procurement\\Storeissue', '\\N', '\\N', '\\N', '\\N', '\\N', '\\N', 'PSML', '2023-03-23 17:14:00', '2023-03-23 17:14:00'),
(1, 'Journal', '2022-03-16 00:00:00', '8', 'App\\Procurement\\Storeissue', '\\N', '\\N', '\\N', '\\N', '\\N', '\\N', 'PSML', '2023-03-23 17:15:00', '2023-03-23 17:15:00'),
(1, 'Journal', '2022-03-16 00:00:00', '8', 'App\\Procurement\\Storeissue', '\\N', '\\N', '\\N', '\\N', '\\N', '\\N', 'PSML', '2023-03-23 17:15:00', '2023-03-23 17:15:00'),
(1, 'Journal', '2022-03-16 00:00:00', '8', 'App\\Procurement\\Storeissue', '\\N', '\\N', '\\N', '\\N', '\\N', '\\N', 'PSML', '2023-03-23 17:15:00', '2023-03-23 17:15:00'),
(1, 'Journal', '2022-08-30 00:00:00', '7', 'App\\Procurement\\Storeissue', '\\N', '\\N', '\\N', '\\N', '\\N', '\\N', 'PSML', '2023-03-23 17:15:00', '2023-03-23 17:15:00'),
(1, 'Receipt', '2022-11-27 00:00:00', '1240', 'App\\SalesCollection', '\\N', '1240', 'The Amount is received from Rehena Akter KD Antem A-4 Apt. aganist Installment no: 2nd. MR No: 1589/22. CQ: 27-11-2022 || 4541276 || 2', 'Cheque', '4541276', '11/27/2022', 'PSML', '2023-03-27 10:50:00', '2023-03-27 10:50:00'),
(1, 'Receipt', '2022-12-26 00:00:00', '1241', 'App\\SalesCollection', '\\N', '1241', 'The Amount is received from Rehena Akter KD Antem A-4 Apt. aganist Installment no: 3rd. MR No: 1831/22. CQ:25-12-2022 || 3496862 || 3', 'Cheque', '3496862', '12/26/2022', 'PSML', '2023-03-27 10:54:00', '2023-03-27 10:54:00'),
(1, 'Receipt', '2023-01-23 00:00:00', '1242', 'App\\SalesCollection', '\\N', '1242', 'The Amount is received from Rehena Akter KD Antem A-4 Apt. aganist Installment no: 4th. MR No: 2046/23. CQ:22-01-2023 || 4601663 || 4', 'Cheque', '4601663', '1/23/2023', 'PSML', '2023-03-27 10:56:00', '2023-03-27 10:56:00'),
(1, 'Receipt', '2023-02-20 00:00:00', '1391', 'App\\SalesCollection', '\\N', '1391', 'The Amount is received from Rehena Akter KD Antem A-4 Apt. aganist Installment no: 4th. MR No: 2047/23. CQ:20-02-2023 || 3496865 || 5', 'Cheque', '3496865', '2/20/2023', 'PSML', '2023-03-27 10:58:00', '2023-03-27 10:58:00'),
(1, 'Receipt', '2023-03-22 00:00:00', '1428', 'App\\SalesCollection', '\\N', '1428', 'The Amount is received from Rehena Akter KD Antem A-4 Apt. 7th Installment . MR No: 2230/23. CQ: 22-03-2023 || 3704161 || 6', 'Cheque', '3704161', '3/22/2023', 'PSML', '2023-03-27 11:19:00', '2023-03-27 11:19:00'),
(1, 'Receipt', '2022-10-31 00:00:00', '1239', 'App\\SalesCollection', '\\N', '1239', 'The amount is received from Rehena Akter  KD Antem A-4 Apt aganist 1st Installment . MR No: 1589/22. 30-11-2022 || 4541273 || 1', 'Cheque', '4541273', '10/31/2022', 'PSML', '2023-03-27 11:28:00', '2023-03-27 11:28:00'),
(1, 'Journal', '2023-03-23 00:00:00', '80', 'App\\Procurement\\MaterialReceive', '\\N', '\\N', '\\N', '\\N', '\\N', '\\N', 'PSML', '2023-04-03 10:11:00', '2023-04-03 10:11:00'),
(1, 'Journal', '2023-03-22 00:00:00', '79', 'App\\Procurement\\MaterialReceive', '\\N', '\\N', '\\N', '\\N', '\\N', '\\N', 'PSML', '2023-04-03 10:11:00', '2023-04-03 10:11:00'),
(1, 'Journal', '2023-04-11 00:00:00', '88', 'App\\Procurement\\MaterialReceive', '\\N', '\\N', '\\N', '\\N', '\\N', '\\N', 'PSML', '2023-04-16 11:54:00', '2023-04-16 11:54:00'),
(1, 'Journal', '2023-04-08 00:00:00', '87', 'App\\Procurement\\MaterialReceive', '\\N', '\\N', '\\N', '\\N', '\\N', '\\N', 'PSML', '2023-04-16 11:55:00', '2023-04-16 11:55:00'),
(1, 'Journal', '2023-04-08 00:00:00', '86', 'App\\Procurement\\MaterialReceive', '\\N', '\\N', '\\N', '\\N', '\\N', '\\N', 'PSML', '2023-04-16 11:55:00', '2023-04-16 11:55:00'),
(1, 'Journal', '2023-04-05 00:00:00', '85', 'App\\Procurement\\MaterialReceive', '\\N', '\\N', '\\N', '\\N', '\\N', '\\N', 'PSML', '2023-04-16 11:55:00', '2023-04-16 11:55:00'),
(1, 'Journal', '2023-04-05 00:00:00', '84', 'App\\Procurement\\MaterialReceive', '\\N', '\\N', '\\N', '\\N', '\\N', '\\N', 'PSML', '2023-04-16 11:55:00', '2023-04-16 11:55:00'),
(1, 'Journal', '2023-04-04 00:00:00', '83', 'App\\Procurement\\MaterialReceive', '\\N', '\\N', '\\N', '\\N', '\\N', '\\N', 'PSML', '2023-04-16 11:55:00', '2023-04-16 11:55:00'),
(1, 'Journal', '2023-04-06 00:00:00', '82', 'App\\Procurement\\MaterialReceive', '\\N', '\\N', '\\N', '\\N', '\\N', '\\N', 'PSML', '2023-04-16 11:55:00', '2023-04-16 11:55:00'),
(1, 'Journal', '2023-03-27 00:00:00', '81', 'App\\Procurement\\MaterialReceive', '\\N', '\\N', '\\N', '\\N', '\\N', '\\N', 'PSML', '2023-04-16 11:55:00', '2023-04-16 11:55:00'),
(1, 'Journal', '2023-04-15 00:00:00', '92', 'App\\Procurement\\MaterialReceive', '\\N', '\\N', '\\N', '\\N', '\\N', '\\N', 'PSML', '2023-04-29 13:46:00', '2023-04-29 13:46:00'),
(1, 'Journal', '2023-04-15 00:00:00', '91', 'App\\Procurement\\MaterialReceive', '\\N', '\\N', '\\N', '\\N', '\\N', '\\N', 'PSML', '2023-04-29 13:46:00', '2023-04-29 13:46:00'),
(1, 'Journal', '2023-04-15 00:00:00', '90', 'App\\Procurement\\MaterialReceive', '\\N', '\\N', '\\N', '\\N', '\\N', '\\N', 'PSML', '2023-04-29 13:46:00', '2023-04-29 13:46:00'),
(1, 'Journal', '2023-04-13 00:00:00', '89', 'App\\Procurement\\MaterialReceive', '\\N', '\\N', '\\N', '\\N', '\\N', '\\N', 'PSML', '2023-04-29 13:46:00', '2023-04-29 13:46:00'),
(1, 'Journal', '2023-05-09 00:00:00', '96', 'App\\Procurement\\MaterialReceive', '\\N', '\\N', '\\N', '\\N', '\\N', '\\N', 'PSML', '2023-05-14 17:21:00', '2023-05-14 17:21:00'),
(1, 'Journal', '2023-04-30 00:00:00', '95', 'App\\Procurement\\MaterialReceive', '\\N', '\\N', '\\N', '\\N', '\\N', '\\N', 'PSML', '2023-05-14 17:21:00', '2023-05-14 17:21:00'),
(1, 'Journal', '2023-04-30 00:00:00', '94', 'App\\Procurement\\MaterialReceive', '\\N', '\\N', '\\N', '\\N', '\\N', '\\N', 'PSML', '2023-05-14 17:21:00', '2023-05-14 17:21:00'),
(1, 'Journal', '2023-03-29 00:00:00', '93', 'App\\Procurement\\MaterialReceive', '\\N', '\\N', '\\N', '\\N', '\\N', '\\N', 'PSML', '2023-05-14 17:21:00', '2023-05-14 17:21:00'),
(1, 'Journal', '2023-05-17 00:00:00', '101', 'App\\Procurement\\MaterialReceive', '\\N', '\\N', '\\N', '\\N', '\\N', '\\N', 'PSML', '2023-05-24 10:21:00', '2023-05-24 10:21:00'),
(1, 'Journal', '2023-05-16 00:00:00', '100', 'App\\Procurement\\MaterialReceive', '\\N', '\\N', '\\N', '\\N', '\\N', '\\N', 'PSML', '2023-05-24 10:21:00', '2023-05-24 10:21:00'),
(1, 'Journal', '2023-05-16 00:00:00', '99', 'App\\Procurement\\MaterialReceive', '\\N', '\\N', '\\N', '\\N', '\\N', '\\N', 'PSML', '2023-05-24 10:21:00', '2023-05-24 10:21:00'),
(1, 'Journal', '2023-05-12 00:00:00', '98', 'App\\Procurement\\MaterialReceive', '\\N', '\\N', '\\N', '\\N', '\\N', '\\N', 'PSML', '2023-05-24 10:21:00', '2023-05-24 10:21:00');
INSERT INTO `Transactions_lts` (`acc_cost_center_id`, `voucher_type`, `transaction_date`, `transactionable_id`, `transactionable_type`, `bill_no`, `mr_no`, `narration`, `instrument_type`, `instrument_no`, `instrument_date`, `business_unit`, `created_at`, `updated_at`) VALUES
(1, 'Journal', '2023-05-10 00:00:00', '97', 'App\\Procurement\\MaterialReceive', '\\N', '\\N', '\\N', '\\N', '\\N', '\\N', 'PSML', '2023-05-24 10:21:00', '2023-05-24 10:21:00'),
(1, 'Journal', '2023-06-24 00:00:00', '111', 'App\\Procurement\\MaterialReceive', '\\N', '\\N', '\\N', '\\N', '\\N', '\\N', 'PSML', '2023-07-10 17:38:00', '2023-07-10 17:38:00'),
(1, 'Journal', '2023-06-22 00:00:00', '110', 'App\\Procurement\\MaterialReceive', '\\N', '\\N', '\\N', '\\N', '\\N', '\\N', 'PSML', '2023-07-10 17:38:00', '2023-07-10 17:38:00'),
(1, 'Journal', '2023-06-21 00:00:00', '109', 'App\\Procurement\\MaterialReceive', '\\N', '\\N', '\\N', '\\N', '\\N', '\\N', 'PSML', '2023-07-10 17:38:00', '2023-07-10 17:38:00'),
(1, 'Journal', '2023-06-21 00:00:00', '108', 'App\\Procurement\\MaterialReceive', '\\N', '\\N', '\\N', '\\N', '\\N', '\\N', 'PSML', '2023-07-10 17:38:00', '2023-07-10 17:38:00'),
(1, 'Journal', '2023-06-20 00:00:00', '107', 'App\\Procurement\\MaterialReceive', '\\N', '\\N', '\\N', '\\N', '\\N', '\\N', 'PSML', '2023-07-10 17:38:00', '2023-07-10 17:38:00'),
(1, 'Journal', '2023-06-19 00:00:00', '106', 'App\\Procurement\\MaterialReceive', '\\N', '\\N', '\\N', '\\N', '\\N', '\\N', 'PSML', '2023-07-10 17:38:00', '2023-07-10 17:38:00'),
(1, 'Journal', '2023-06-19 00:00:00', '105', 'App\\Procurement\\MaterialReceive', '\\N', '\\N', '\\N', '\\N', '\\N', '\\N', 'PSML', '2023-07-10 17:38:00', '2023-07-10 17:38:00'),
(1, 'Journal', '2023-06-19 00:00:00', '104', 'App\\Procurement\\MaterialReceive', '\\N', '\\N', '\\N', '\\N', '\\N', '\\N', 'PSML', '2023-07-10 17:38:00', '2023-07-10 17:38:00'),
(1, 'Journal', '2023-05-31 00:00:00', '103', 'App\\Procurement\\MaterialReceive', '\\N', '\\N', '\\N', '\\N', '\\N', '\\N', 'PSML', '2023-07-10 17:38:00', '2023-07-10 17:38:00'),
(1, 'Journal', '2023-05-21 00:00:00', '102', 'App\\Procurement\\MaterialReceive', '\\N', '\\N', '\\N', '\\N', '\\N', '\\N', 'PSML', '2023-07-10 17:38:00', '2023-07-10 17:38:00'),
(1, 'Journal', '2023-08-18 00:00:00', '136', 'App\\Procurement\\MaterialReceive', '\\N', '\\N', '\\N', '\\N', '\\N', '\\N', 'PSML', '2023-09-17 13:42:00', '2023-09-17 13:42:00'),
(1, 'Journal', '2023-08-18 00:00:00', '135', 'App\\Procurement\\MaterialReceive', '\\N', '\\N', '\\N', '\\N', '\\N', '\\N', 'PSML', '2023-09-17 13:42:00', '2023-09-17 13:42:00'),
(1, 'Journal', '2023-08-17 00:00:00', '134', 'App\\Procurement\\MaterialReceive', '\\N', '\\N', '\\N', '\\N', '\\N', '\\N', 'PSML', '2023-09-17 13:42:00', '2023-09-17 13:42:00'),
(1, 'Journal', '2023-08-17 00:00:00', '133', 'App\\Procurement\\MaterialReceive', '\\N', '\\N', '\\N', '\\N', '\\N', '\\N', 'PSML', '2023-09-17 13:42:00', '2023-09-17 13:42:00'),
(1, 'Journal', '2023-08-14 00:00:00', '132', 'App\\Procurement\\MaterialReceive', '\\N', '\\N', '\\N', '\\N', '\\N', '\\N', 'PSML', '2023-09-17 13:42:00', '2023-09-17 13:42:00'),
(1, 'Journal', '2023-08-10 00:00:00', '131', 'App\\Procurement\\MaterialReceive', '\\N', '\\N', '\\N', '\\N', '\\N', '\\N', 'PSML', '2023-09-17 13:42:00', '2023-09-17 13:42:00'),
(1, 'Journal', '2023-08-11 00:00:00', '130', 'App\\Procurement\\MaterialReceive', '\\N', '\\N', '\\N', '\\N', '\\N', '\\N', 'PSML', '2023-09-17 13:42:00', '2023-09-17 13:42:00'),
(1, 'Journal', '2023-08-11 00:00:00', '129', 'App\\Procurement\\MaterialReceive', '\\N', '\\N', '\\N', '\\N', '\\N', '\\N', 'PSML', '2023-09-17 13:42:00', '2023-09-17 13:42:00'),
(1, 'Journal', '2023-08-08 00:00:00', '128', 'App\\Procurement\\MaterialReceive', '\\N', '\\N', '\\N', '\\N', '\\N', '\\N', 'PSML', '2023-09-17 13:42:00', '2023-09-17 13:42:00'),
(1, 'Journal', '2023-08-04 00:00:00', '127', 'App\\Procurement\\MaterialReceive', '\\N', '\\N', '\\N', '\\N', '\\N', '\\N', 'PSML', '2023-09-17 13:42:00', '2023-09-17 13:42:00'),
(1, 'Journal', '2023-07-31 00:00:00', '126', 'App\\Procurement\\MaterialReceive', '\\N', '\\N', '\\N', '\\N', '\\N', '\\N', 'PSML', '2023-09-17 13:42:00', '2023-09-17 13:42:00'),
(1, 'Journal', '2023-07-30 00:00:00', '125', 'App\\Procurement\\MaterialReceive', '\\N', '\\N', '\\N', '\\N', '\\N', '\\N', 'PSML', '2023-09-17 13:42:00', '2023-09-17 13:42:00'),
(1, 'Journal', '2023-07-30 00:00:00', '124', 'App\\Procurement\\MaterialReceive', '\\N', '\\N', '\\N', '\\N', '\\N', '\\N', 'PSML', '2023-09-17 13:42:00', '2023-09-17 13:42:00'),
(1, 'Journal', '2023-07-30 00:00:00', '123', 'App\\Procurement\\MaterialReceive', '\\N', '\\N', '\\N', '\\N', '\\N', '\\N', 'PSML', '2023-09-17 13:43:00', '2023-09-17 13:43:00'),
(1, 'Journal', '2023-07-29 00:00:00', '122', 'App\\Procurement\\MaterialReceive', '\\N', '\\N', '\\N', '\\N', '\\N', '\\N', 'PSML', '2023-09-17 13:43:00', '2023-09-17 13:43:00'),
(1, 'Journal', '2023-07-26 00:00:00', '121', 'App\\Procurement\\MaterialReceive', '\\N', '\\N', '\\N', '\\N', '\\N', '\\N', 'PSML', '2023-09-17 13:43:00', '2023-09-17 13:43:00'),
(1, 'Journal', '2023-07-26 00:00:00', '120', 'App\\Procurement\\MaterialReceive', '\\N', '\\N', '\\N', '\\N', '\\N', '\\N', 'PSML', '2023-09-17 13:43:00', '2023-09-17 13:43:00'),
(1, 'Journal', '2023-07-24 00:00:00', '119', 'App\\Procurement\\MaterialReceive', '\\N', '\\N', '\\N', '\\N', '\\N', '\\N', 'PSML', '2023-09-17 13:43:00', '2023-09-17 13:43:00'),
(1, 'Journal', '2023-07-26 00:00:00', '118', 'App\\Procurement\\MaterialReceive', '\\N', '\\N', '\\N', '\\N', '\\N', '\\N', 'PSML', '2023-09-17 13:43:00', '2023-09-17 13:43:00'),
(1, 'Journal', '2023-07-25 00:00:00', '117', 'App\\Procurement\\MaterialReceive', '\\N', '\\N', '\\N', '\\N', '\\N', '\\N', 'PSML', '2023-09-17 13:43:00', '2023-09-17 13:43:00'),
(1, 'Journal', '2023-07-25 00:00:00', '116', 'App\\Procurement\\MaterialReceive', '\\N', '\\N', '\\N', '\\N', '\\N', '\\N', 'PSML', '2023-09-17 13:43:00', '2023-09-17 13:43:00'),
(1, 'Journal', '2023-07-25 00:00:00', '115', 'App\\Procurement\\MaterialReceive', '\\N', '\\N', '\\N', '\\N', '\\N', '\\N', 'PSML', '2023-09-17 13:43:00', '2023-09-17 13:43:00'),
(1, 'Journal', '2023-07-23 00:00:00', '114', 'App\\Procurement\\MaterialReceive', '\\N', '\\N', '\\N', '\\N', '\\N', '\\N', 'PSML', '2023-09-17 13:43:00', '2023-09-17 13:43:00'),
(1, 'Journal', '2023-07-23 00:00:00', '113', 'App\\Procurement\\MaterialReceive', '\\N', '\\N', '\\N', '\\N', '\\N', '\\N', 'PSML', '2023-09-17 13:43:00', '2023-09-17 13:43:00'),
(1, 'Journal', '2023-07-16 00:00:00', '112', 'App\\Procurement\\MaterialReceive', '\\N', '\\N', '\\N', '\\N', '\\N', '\\N', 'PSML', '2023-09-17 13:43:00', '2023-09-17 13:43:00'),
(1, 'Payment', '2023-09-17 00:00:00', '7', 'App\\Procurement\\Iou', '\\N', '\\N', '\\N', 'Cash', '\\N', '\\N', 'PSML', '2023-09-17 16:08:00', '2023-09-17 16:08:00'),
(1, 'Journal', '2023-09-12 00:00:00', '137', 'App\\Procurement\\MaterialReceive', '\\N', '\\N', '\\N', '\\N', '\\N', '\\N', 'PSML', '2023-09-17 17:36:00', '2023-09-17 17:36:00'),
(1, 'Journal', '2023-05-16 00:00:00', '141', 'App\\Procurement\\MaterialReceive', '\\N', '\\N', '\\N', '\\N', '\\N', '\\N', 'PSML', '2023-10-04 15:02:00', '2023-10-04 15:02:00'),
(1, 'Journal', '2023-10-05 00:00:00', '5', 'App\\Sells\\SaleCancellation', '\\N', '\\N', '\\N', '\\N', '\\N', '\\N', 'PSML', '2023-10-05 13:39:00', '2023-10-05 13:39:00'),
(1, 'Journal', '2023-10-05 00:00:00', '4', 'App\\Sells\\SaleCancellation', '\\N', '\\N', '\\N', '\\N', '\\N', '\\N', 'PSML', '2023-10-05 13:39:00', '2023-10-05 13:39:00'),
(1, 'Journal', '2023-10-05 00:00:00', '3', 'App\\Sells\\SaleCancellation', '\\N', '\\N', '\\N', '\\N', '\\N', '\\N', 'PSML', '2023-10-05 13:39:00', '2023-10-05 13:39:00'),
(1, 'Journal', '2023-10-12 00:00:00', '143', 'App\\Procurement\\MaterialReceive', '\\N', '\\N', '\\N', '\\N', '\\N', '\\N', 'PSML', '2023-10-19 09:56:00', '2023-10-19 09:56:00'),
(1, 'Journal', '2023-10-23 00:00:00', '142', 'App\\Procurement\\MaterialReceive', '\\N', '\\N', '\\N', '\\N', '\\N', '\\N', 'PSML', '2023-10-19 09:56:00', '2023-10-19 09:56:00'),
(1, 'Receipt', '2022-03-10 00:00:00', '827', 'App\\SalesCollection', NULL, '827', NULL, 'Cheque', '1203624', '3/10/2022', 'PSML', '2022-05-18 16:55:00', '2022-05-18 16:55:00'),
(1, 'Receipt', '2022-03-10 00:00:00', '826', 'App\\SalesCollection', NULL, '826', NULL, 'Cheque', '1203624', '3/10/2022', 'PSML', '2022-05-18 17:25:00', '2022-05-18 17:25:00'),
(1, 'Receipt', '2022-05-17 00:00:00', '824', 'App\\SalesCollection', NULL, '824', NULL, 'Cash', NULL, '5/17/2022', 'PSML', '2022-05-18 17:53:00', '2022-05-18 17:53:00'),
(1, 'Receipt', '2022-05-17 00:00:00', '823', 'App\\SalesCollection', NULL, '823', NULL, 'Cash', NULL, '5/17/2022', 'PSML', '2022-05-18 17:54:00', '2022-05-18 17:54:00'),
(1, 'Receipt', '2022-01-25 00:00:00', '822', 'App\\SalesCollection', NULL, '822', NULL, 'Cheque', '1888605', '1/25/2022', 'PSML', '2022-05-18 17:56:00', '2022-05-18 17:56:00'),
(1, 'Receipt', '2022-02-27 00:00:00', '832', 'App\\SalesCollection', NULL, '832', NULL, 'Cheque', '1240307', '2/27/2022', 'PSML', '2022-05-19 12:34:00', '2022-05-19 12:34:00'),
(1, 'Receipt', '2019-02-24 00:00:00', '855', 'App\\SalesCollection', NULL, '855', NULL, 'Cash', NULL, '2/24/2019', 'PSML', '2022-05-19 15:13:00', '2022-05-19 15:13:00'),
(1, 'Receipt', '2019-01-13 00:00:00', '854', 'App\\SalesCollection', NULL, '854', NULL, 'Cash', NULL, '1/13/2019', 'PSML', '2022-05-19 15:20:00', '2022-05-19 15:20:00'),
(1, 'Receipt', '2019-06-13 00:00:00', '856', 'App\\SalesCollection', NULL, '856', NULL, 'Cheque', '1232356', '6/13/2019', 'PSML', '2022-05-19 16:00:00', '2022-05-19 16:00:00'),
(1, 'Receipt', '2019-06-13 00:00:00', '858', 'App\\SalesCollection', NULL, '858', NULL, 'Cash', NULL, '6/13/2019', 'PSML', '2022-05-19 16:07:00', '2022-05-19 16:07:00'),
(1, 'Receipt', '2021-10-31 00:00:00', '863', 'App\\SalesCollection', NULL, '863', NULL, 'Cheque', '5999205', '10/31/2021', 'PSML', '2022-05-19 16:19:00', '2022-05-19 16:19:00'),
(1, 'Receipt', '2022-03-27 00:00:00', '868', 'App\\SalesCollection', NULL, '868', NULL, 'Cash', NULL, '3/27/2022', 'PSML', '2022-05-19 16:48:00', '2022-05-19 16:48:00'),
(1, 'Receipt', '2022-02-22 00:00:00', '867', 'App\\SalesCollection', NULL, '867', NULL, 'Cash', NULL, '2/22/2022', 'PSML', '2022-05-19 16:50:00', '2022-05-19 16:50:00'),
(1, 'Receipt', '2022-01-24 00:00:00', '866', 'App\\SalesCollection', NULL, '866', NULL, 'Cash', NULL, '1/24/2022', 'PSML', '2022-05-19 16:51:00', '2022-05-19 16:51:00'),
(1, 'Receipt', '2018-05-06 00:00:00', '215', 'App\\SalesCollection', NULL, '215', NULL, 'Pay Order', '2126330', '5/6/2018', 'PSML', '2022-06-20 16:16:00', '2022-06-20 16:16:00'),
(1, 'Receipt', '2018-05-07 00:00:00', '216', 'App\\SalesCollection', NULL, '216', NULL, 'Pay Order', '1623878', '5/7/2018', 'PSML', '2022-06-20 16:18:00', '2022-06-20 16:18:00'),
(1, 'Receipt', '2018-05-09 00:00:00', '217', 'App\\SalesCollection', NULL, '217', NULL, 'Pay Order', '2126343', '5/9/2018', 'PSML', '2022-06-20 16:19:00', '2022-06-20 16:19:00'),
(1, 'Receipt', '2018-05-10 00:00:00', '218', 'App\\SalesCollection', NULL, '218', NULL, 'Pay Order', '1623883', '5/10/2018', 'PSML', '2022-06-20 16:23:00', '2022-06-20 16:23:00'),
(1, 'Receipt', '2018-05-22 00:00:00', '219', 'App\\SalesCollection', NULL, '219', NULL, 'Pay Order', '1623890', '5/22/2018', 'PSML', '2022-06-20 16:33:00', '2022-06-20 16:33:00'),
(1, 'Receipt', '2018-06-19 00:00:00', '220', 'App\\SalesCollection', NULL, '220', NULL, 'Pay Order', '2126458', '6/19/2018', 'PSML', '2022-06-20 16:35:00', '2022-06-20 16:35:00'),
(1, 'Receipt', '2018-07-19 00:00:00', '221', 'App\\SalesCollection', NULL, '221', NULL, 'Pay Order', '2404378', '7/19/2018', 'PSML', '2022-06-20 16:37:00', '2022-06-20 16:37:00'),
(1, 'Receipt', '2018-08-14 00:00:00', '222', 'App\\SalesCollection', NULL, '222', NULL, 'Pay Order', '2430999', '8/14/2018', 'PSML', '2022-06-20 16:45:00', '2022-06-20 16:45:00'),
(1, 'Receipt', '2018-09-23 00:00:00', '223', 'App\\SalesCollection', NULL, '223', NULL, 'Pay Order', '2404550', '9/23/2018', 'PSML', '2022-06-20 16:52:00', '2022-06-20 16:52:00'),
(1, 'Receipt', '2018-10-16 00:00:00', '224', 'App\\SalesCollection', NULL, '224', NULL, 'Pay Order', '2404637', '10/16/2018', 'PSML', '2022-06-20 16:53:00', '2022-06-20 16:53:00'),
(1, 'Receipt', '2018-11-27 00:00:00', '225', 'App\\SalesCollection', NULL, '225', NULL, 'Pay Order', '2404777', '11/27/2018', 'PSML', '2022-06-20 17:49:00', '2022-06-20 17:49:00'),
(1, 'Receipt', '2018-11-18 00:00:00', '226', 'App\\SalesCollection', NULL, '226', NULL, 'Pay Order', '2404905', '11/18/2018', 'PSML', '2022-06-20 17:50:00', '2022-06-20 17:50:00'),
(1, 'Receipt', '2019-01-17 00:00:00', '227', 'App\\SalesCollection', NULL, '227', NULL, 'Pay Order', '2404990', '1/17/2019', 'PSML', '2022-06-20 17:51:00', '2022-06-20 17:51:00'),
(1, 'Receipt', '2019-02-17 00:00:00', '228', 'App\\SalesCollection', NULL, '228', NULL, 'Pay Order', '2555437', '2/17/2019', 'PSML', '2022-06-20 17:55:00', '2022-06-20 17:55:00'),
(1, 'Receipt', '2019-03-18 00:00:00', '229', 'App\\SalesCollection', NULL, '229', NULL, 'Pay Order', '2405169', '3/18/2019', 'PSML', '2022-06-20 17:59:00', '2022-06-20 17:59:00'),
(1, 'Receipt', '2019-04-10 00:00:00', '230', 'App\\SalesCollection', NULL, '230', NULL, 'Pay Order', '2405242', '4/10/2019', 'PSML', '2022-06-20 18:00:00', '2022-06-20 18:00:00'),
(1, 'Receipt', '2019-04-16 00:00:00', '231', 'App\\SalesCollection', NULL, '231', NULL, 'Pay Order', '2405270', '4/16/2019', 'PSML', '2022-06-21 17:45:00', '2022-06-21 17:45:00'),
(1, 'Receipt', '2019-05-14 00:00:00', '232', 'App\\SalesCollection', NULL, '232', NULL, 'Pay Order', '2638424', '5/14/2019', 'PSML', '2022-06-21 17:46:00', '2022-06-21 17:46:00'),
(1, 'Receipt', '2019-06-19 00:00:00', '233', 'App\\SalesCollection', NULL, '233', NULL, 'Pay Order', '2405464', '6/19/2019', 'PSML', '2022-06-21 17:46:00', '2022-06-21 17:46:00'),
(1, 'Receipt', '2019-07-17 00:00:00', '234', 'App\\SalesCollection', NULL, '234', NULL, 'Pay Order', '2405592', '7/17/2019', 'PSML', '2022-06-21 17:48:00', '2022-06-21 17:48:00'),
(1, 'Receipt', '2019-08-18 00:00:00', '235', 'App\\SalesCollection', NULL, '235', NULL, 'Pay Order', '2644366', '8/18/2019', 'PSML', '2022-06-21 17:49:00', '2022-06-21 17:49:00'),
(1, 'Receipt', '2019-09-23 00:00:00', '236', 'App\\SalesCollection', NULL, '236', NULL, 'Pay Order', '2405791', '9/23/2019', 'PSML', '2022-06-21 17:50:00', '2022-06-21 17:50:00'),
(1, 'Receipt', '2019-10-17 00:00:00', '237', 'App\\SalesCollection', NULL, '237', NULL, 'Pay Order', '2727096', '10/17/2019', 'PSML', '2022-06-21 17:53:00', '2022-06-21 17:53:00'),
(1, 'Receipt', '2019-11-19 00:00:00', '238', 'App\\SalesCollection', NULL, '238', NULL, 'Pay Order', '2736439', '11/19/2019', 'PSML', '2022-06-21 17:57:00', '2022-06-21 17:57:00'),
(1, 'Receipt', '2019-12-22 00:00:00', '239', 'App\\SalesCollection', NULL, '239', NULL, 'Pay Order', '2727438', '12/22/2019', 'PSML', '2022-06-21 17:58:00', '2022-06-21 17:58:00'),
(1, 'Receipt', '2020-01-19 00:00:00', '240', 'App\\SalesCollection', NULL, '240', NULL, 'Pay Order', '2727542', '1/19/2020', 'PSML', '2022-06-21 18:00:00', '2022-06-21 18:00:00'),
(1, 'Receipt', '2020-02-25 00:00:00', '241', 'App\\SalesCollection', NULL, '241', NULL, 'Pay Order', '2727678', '2/25/2020', 'PSML', '2022-06-21 18:01:00', '2022-06-21 18:01:00'),
(1, 'Receipt', '2020-03-16 00:00:00', '242', 'App\\SalesCollection', NULL, '242', NULL, 'Pay Order', '2744806', '3/16/2020', 'PSML', '2022-06-21 18:02:00', '2022-06-21 18:02:00'),
(1, 'Receipt', '2020-05-17 00:00:00', '243', 'App\\SalesCollection', NULL, '243', NULL, 'Pay Order', '2727817', '5/17/2020', 'PSML', '2022-06-21 18:03:00', '2022-06-21 18:03:00'),
(1, 'Receipt', '2022-05-19 00:00:00', '244', 'App\\SalesCollection', NULL, '244', NULL, 'Pay Order', '2727846', '5/19/2022', 'PSML', '2022-06-21 18:04:00', '2022-06-21 18:04:00'),
(1, 'Receipt', '2020-07-29 00:00:00', '245', 'App\\SalesCollection', NULL, '245', NULL, 'Pay Order', '2728060', '7/29/2020', 'PSML', '2022-06-21 18:06:00', '2022-06-21 18:06:00'),
(1, 'Receipt', '2020-09-15 00:00:00', '246', 'App\\SalesCollection', NULL, '246', NULL, 'Pay Order', '2728219', '9/15/2020', 'PSML', '2022-06-21 18:06:00', '2022-06-21 18:06:00'),
(1, 'Receipt', '2020-10-15 00:00:00', '247', 'App\\SalesCollection', NULL, '247', NULL, 'Pay Order', '2728353', '10/15/2020', 'PSML', '2022-06-21 18:07:00', '2022-06-21 18:07:00'),
(1, 'Receipt', '2020-11-18 00:00:00', '248', 'App\\SalesCollection', NULL, '248', NULL, 'Pay Order', '2943210', '11/18/2020', 'PSML', '2022-06-21 18:12:00', '2022-06-21 18:12:00'),
(1, 'Receipt', '2020-12-17 00:00:00', '249', 'App\\SalesCollection', NULL, '249', NULL, 'Pay Order', '2943413', '12/17/2020', 'PSML', '2022-06-21 18:13:00', '2022-06-21 18:13:00'),
(1, 'Receipt', '2021-01-19 00:00:00', '250', 'App\\SalesCollection', NULL, '250', NULL, 'Pay Order', '2943590', '1/19/2021', 'PSML', '2022-06-21 18:14:00', '2022-06-21 18:14:00'),
(1, 'Receipt', '2021-02-16 00:00:00', '251', 'App\\SalesCollection', NULL, '251', NULL, 'Pay Order', '2943724', '2/16/2021', 'PSML', '2022-06-21 18:17:00', '2022-06-21 18:17:00'),
(1, 'Receipt', '2021-03-24 00:00:00', '252', 'App\\SalesCollection', NULL, '252', NULL, 'Pay Order', '2943876', '3/24/2021', 'PSML', '2022-06-22 11:08:00', '2022-06-22 11:08:00'),
(1, 'Receipt', '2021-04-19 00:00:00', '253', 'App\\SalesCollection', NULL, '253', NULL, 'Pay Order', '2944016', '4/19/2021', 'PSML', '2022-06-22 11:10:00', '2022-06-22 11:10:00'),
(1, 'Receipt', '2021-05-27 00:00:00', '265', 'App\\SalesCollection', NULL, '265', NULL, 'Pay Order', '2944119', '5/27/2021', 'PSML', '2022-06-22 11:11:00', '2022-06-22 11:11:00'),
(1, 'Receipt', '2021-06-23 00:00:00', '266', 'App\\SalesCollection', NULL, '266', NULL, 'Pay Order', '3032159', '6/23/2021', 'PSML', '2022-06-22 11:13:00', '2022-06-22 11:13:00'),
(1, 'Receipt', '2021-07-14 00:00:00', '267', 'App\\SalesCollection', NULL, '267', NULL, 'Pay Order', '3032252', '7/14/2021', 'PSML', '2022-06-22 11:13:00', '2022-06-22 11:13:00'),
(1, 'Receipt', '2021-08-25 00:00:00', '436', 'App\\SalesCollection', NULL, '436', NULL, 'Pay Order', '3032353', '8/25/2021', 'PSML', '2022-06-22 11:15:00', '2022-06-22 11:15:00'),
(1, 'Receipt', '2021-09-21 00:00:00', '837', 'App\\SalesCollection', NULL, '837', NULL, 'Pay Order', '3032463', '9/21/2021', 'PSML', '2022-06-22 11:19:00', '2022-06-22 11:19:00'),
(1, 'Receipt', '2021-10-25 00:00:00', '838', 'App\\SalesCollection', NULL, '838', NULL, 'Pay Order', '3032600', '10/25/2021', 'PSML', '2022-06-22 11:20:00', '2022-06-22 11:20:00'),
(1, 'Receipt', '2021-11-17 00:00:00', '839', 'App\\SalesCollection', NULL, '839', NULL, 'Pay Order', '3101713', '11/17/2021', 'PSML', '2022-06-22 11:21:00', '2022-06-22 11:21:00'),
(1, 'Receipt', '2021-12-23 00:00:00', '840', 'App\\SalesCollection', NULL, '840', NULL, 'Pay Order', '3032922', '12/23/2021', 'PSML', '2022-06-22 11:21:00', '2022-06-22 11:21:00'),
(1, 'Receipt', '2022-01-19 00:00:00', '841', 'App\\SalesCollection', NULL, '841', NULL, 'Pay Order', '3033060', '1/19/2022', 'PSML', '2022-06-22 11:22:00', '2022-06-22 11:22:00'),
(1, 'Receipt', '2022-02-22 00:00:00', '842', 'App\\SalesCollection', NULL, '842', NULL, 'Pay Order', '3033214', '2/22/2022', 'PSML', '2022-06-22 11:22:00', '2022-06-22 11:22:00'),
(1, 'Receipt', '2022-03-20 00:00:00', '843', 'App\\SalesCollection', NULL, '843', NULL, 'Pay Order', '3033331', '3/20/2022', 'PSML', '2022-06-22 11:23:00', '2022-06-22 11:23:00'),
(1, 'Receipt', '2022-04-25 00:00:00', '844', 'App\\SalesCollection', NULL, '844', NULL, 'Pay Order', '3033481', '4/25/2022', 'PSML', '2022-06-22 11:23:00', '2022-06-22 11:23:00'),
(1, 'Receipt', '2022-05-25 00:00:00', '871', 'App\\SalesCollection', NULL, '871', NULL, 'Pay Order', '3033553', '5/25/2022', 'PSML', '2022-06-22 11:23:00', '2022-06-22 11:23:00'),
(1, 'Receipt', '2022-06-21 00:00:00', '944', 'App\\SalesCollection', NULL, '944', NULL, 'Pay Order', '3033674', '6/21/2022', 'PSML', '2022-06-22 11:33:00', '2022-06-22 11:33:00'),
(1, 'Receipt', '2021-07-06 00:00:00', '255', 'App\\SalesCollection', NULL, '255', NULL, 'Cash', NULL, '7/6/2021', 'PSML', '2022-06-22 11:37:00', '2022-06-22 11:37:00'),
(1, 'Receipt', '2021-07-07 00:00:00', '256', 'App\\SalesCollection', NULL, '256', NULL, 'Cash', NULL, '7/7/2021', 'PSML', '2022-06-22 11:37:00', '2022-06-22 11:37:00'),
(1, 'Receipt', '2021-08-05 00:00:00', '872', 'App\\SalesCollection', NULL, '872', NULL, 'Pay Order', '24847', '8/5/2021', 'PSML', '2022-06-22 11:39:00', '2022-06-22 11:39:00'),
(1, 'Receipt', '2021-08-10 00:00:00', '873', 'App\\SalesCollection', NULL, '873', NULL, 'Cheque', '2405572', '8/10/2021', 'PSML', '2022-06-22 11:40:00', '2022-06-22 11:40:00'),
(1, 'Receipt', '2021-09-07 00:00:00', '874', 'App\\SalesCollection', NULL, '874', NULL, 'Cheque', '2867597', '9/7/2021', 'PSML', '2022-06-22 11:40:00', '2022-06-22 11:40:00'),
(1, 'Receipt', '2021-10-06 00:00:00', '875', 'App\\SalesCollection', NULL, '875', NULL, 'Cheque', '2867676', '10/6/2021', 'PSML', '2022-06-22 11:41:00', '2022-06-22 11:41:00'),
(1, 'Receipt', '2021-11-03 00:00:00', '876', 'App\\SalesCollection', NULL, '876', NULL, 'Cheque', '2867776', '11/3/2021', 'PSML', '2022-06-22 11:41:00', '2022-06-22 11:41:00'),
(1, 'Receipt', '2022-02-03 00:00:00', '877', 'App\\SalesCollection', NULL, '877', NULL, 'Pay Order', '1133482', '2/3/2022', 'PSML', '2022-06-22 11:42:00', '2022-06-22 11:42:00'),
(1, 'Receipt', '2022-03-15 00:00:00', '878', 'App\\SalesCollection', NULL, '878', NULL, 'Cheque', '2494297', '3/15/2022', 'PSML', '2022-06-22 11:42:00', '2022-06-22 11:42:00'),
(1, 'Receipt', '2022-03-29 00:00:00', '879', 'App\\SalesCollection', NULL, '879', NULL, 'Pay Order', '2868250', '3/29/2022', 'PSML', '2022-06-22 11:54:00', '2022-06-22 11:54:00'),
(1, 'Receipt', '2022-06-20 00:00:00', '942', 'App\\SalesCollection', NULL, '942', NULL, 'Pay Order', '2868430', '6/20/2022', 'PSML', '2022-06-22 12:38:00', '2022-06-22 12:38:00'),
(1, 'Receipt', '2022-06-20 00:00:00', '943', 'App\\SalesCollection', NULL, '943', NULL, 'Pay Order', '1237138', '6/20/2022', 'PSML', '2022-06-22 12:38:00', '2022-06-22 12:38:00'),
(1, 'Receipt', '2022-06-05 00:00:00', '946', 'App\\SalesCollection', NULL, '946', NULL, 'Online Bank Transfer', 'IB22060267633164', '6/5/2022', 'PSML', '2022-06-22 12:44:00', '2022-06-22 12:44:00'),
(1, 'Receipt', '2022-06-05 00:00:00', '947', 'App\\SalesCollection', NULL, '947', NULL, 'Online Bank Transfer', 'IB22060236525356', '6/5/2022', 'PSML', '2022-06-22 12:45:00', '2022-06-22 12:45:00'),
(1, 'Receipt', '2022-06-05 00:00:00', '948', 'App\\SalesCollection', NULL, '948', NULL, 'Online Bank Transfer', 'IB2206021924639', '6/5/2022', 'PSML', '2022-06-22 12:45:00', '2022-06-22 12:45:00'),
(1, 'Receipt', '2022-06-06 00:00:00', '949', 'App\\SalesCollection', NULL, '949', NULL, 'Online Bank Transfer', 'IB22060489399245', '6/6/2022', 'PSML', '2022-06-22 12:46:00', '2022-06-22 12:46:00'),
(1, 'Receipt', '2022-06-21 00:00:00', '950', 'App\\SalesCollection', NULL, '950', NULL, 'Cheque', '10100890', '6/21/2022', 'PSML', '2022-06-22 12:46:00', '2022-06-22 12:46:00'),
(1, 'Receipt', '2020-12-29 00:00:00', '268', 'App\\SalesCollection', NULL, '268', NULL, 'Cash', NULL, '12/29/2020', 'PSML', '2022-06-28 11:02:00', '2022-06-28 11:02:00'),
(1, 'Receipt', '2021-01-05 00:00:00', '269', 'App\\SalesCollection', NULL, '269', NULL, 'Cash', NULL, '1/5/2021', 'PSML', '2022-06-28 11:03:00', '2022-06-28 11:03:00'),
(1, 'Receipt', '2021-01-14 00:00:00', '270', 'App\\SalesCollection', NULL, '270', NULL, 'Cash', NULL, '1/14/2021', 'PSML', '2022-06-28 11:04:00', '2022-06-28 11:04:00'),
(1, 'Receipt', '2021-01-17 00:00:00', '271', 'App\\SalesCollection', NULL, '271', NULL, 'Cash', NULL, '1/17/2021', 'PSML', '2022-06-28 11:05:00', '2022-06-28 11:05:00'),
(1, 'Receipt', '2021-01-19 00:00:00', '272', 'App\\SalesCollection', NULL, '272', NULL, 'Cash', NULL, '1/19/2021', 'PSML', '2022-06-28 11:06:00', '2022-06-28 11:06:00'),
(1, 'Receipt', '2020-12-30 00:00:00', '273', 'App\\SalesCollection', NULL, '273', NULL, 'Cash', NULL, '12/30/2020', 'PSML', '2022-06-28 11:23:00', '2022-06-28 11:23:00'),
(1, 'Receipt', '2021-01-05 00:00:00', '274', 'App\\SalesCollection', NULL, '274', NULL, 'Cash', NULL, '1/5/2021', 'PSML', '2022-06-28 11:24:00', '2022-06-28 11:24:00'),
(1, 'Receipt', '2021-01-14 00:00:00', '275', 'App\\SalesCollection', NULL, '275', NULL, 'Cash', NULL, '1/14/2021', 'PSML', '2022-06-28 11:25:00', '2022-06-28 11:25:00'),
(1, 'Receipt', '2022-01-17 00:00:00', '276', 'App\\SalesCollection', NULL, '276', NULL, 'Cash', NULL, '1/17/2022', 'PSML', '2022-06-28 11:27:00', '2022-06-28 11:27:00'),
(1, 'Receipt', '2021-01-19 00:00:00', '277', 'App\\SalesCollection', NULL, '277', NULL, 'Cash', NULL, '1/19/2021', 'PSML', '2022-06-28 11:27:00', '2022-06-28 11:27:00'),
(1, 'Receipt', '2021-11-30 00:00:00', '811', 'App\\SalesCollection', NULL, '811', NULL, 'Cash', NULL, '11/30/2021', 'PSML', '2022-06-28 11:29:00', '2022-06-28 11:29:00'),
(1, 'Receipt', '2021-12-19 00:00:00', '812', 'App\\SalesCollection', NULL, '812', NULL, 'Cheque', '1238613', '12/19/2021', 'PSML', '2022-06-28 11:30:00', '2022-06-28 11:30:00'),
(1, 'Receipt', '2022-04-19 00:00:00', '813', 'App\\SalesCollection', NULL, '813', NULL, 'Cheque', '1238629', '4/19/2022', 'PSML', '2022-06-28 11:31:00', '2022-06-28 11:31:00'),
(1, 'Receipt', '2021-11-30 00:00:00', '814', 'App\\SalesCollection', NULL, '814', NULL, 'Cash', NULL, '11/30/2021', 'PSML', '2022-06-28 11:32:00', '2022-06-28 11:32:00'),
(1, 'Receipt', '2021-12-19 00:00:00', '815', 'App\\SalesCollection', NULL, '815', NULL, 'Cheque', '1238613', '12/19/2021', 'PSML', '2022-06-28 11:33:00', '2022-06-28 11:33:00'),
(1, 'Receipt', '2022-04-19 00:00:00', '816', 'App\\SalesCollection', NULL, '816', NULL, 'Cheque', '1238629', '4/19/2022', 'PSML', '2022-06-28 11:34:00', '2022-06-28 11:34:00'),
(1, 'Receipt', '2022-05-16 00:00:00', '806', 'App\\SalesCollection', NULL, '806', NULL, 'Cheque', '772826', '5/16/2022', 'PSML', '2022-06-28 11:47:00', '2022-06-28 11:47:00'),
(1, 'Receipt', '2022-05-26 00:00:00', '807', 'App\\SalesCollection', NULL, '807', NULL, 'Cheque', '772827', '5/26/2022', 'PSML', '2022-06-28 11:48:00', '2022-06-28 11:48:00'),
(1, 'Receipt', '2022-06-26 00:00:00', '952', 'App\\SalesCollection', NULL, '952', NULL, 'Cheque', '772828', '6/26/2022', 'PSML', '2022-06-28 11:49:00', '2022-06-28 11:49:00'),
(1, 'Receipt', '2020-12-01 00:00:00', '8', 'App\\SalesCollection', NULL, '8', NULL, 'Cheque', '1181527', '12/1/2020', 'PSML', '2022-06-28 13:23:00', '2022-06-28 13:23:00'),
(1, 'Receipt', '2020-12-01 00:00:00', '9', 'App\\SalesCollection', NULL, '9', NULL, 'Online Bank Transfer', 'RTGS', '0020-12-01', 'PSML', '2022-06-28 13:25:00', '2022-06-28 13:25:00'),
(1, 'Receipt', '2020-12-01 00:00:00', '10', 'App\\SalesCollection', NULL, '10', NULL, 'Online Bank Transfer', 'RTGS', '0020-12-01', 'PSML', '2022-06-28 13:31:00', '2022-06-28 13:31:00'),
(1, 'Receipt', '2020-12-07 00:00:00', '11', 'App\\SalesCollection', NULL, '11', NULL, 'Cheque', '1181528', '0020-12-07', 'PSML', '2022-06-28 13:31:00', '2022-06-28 13:31:00'),
(1, 'Receipt', '2020-12-08 00:00:00', '12', 'App\\SalesCollection', NULL, '12', NULL, 'Online Bank Transfer', 'RTGS', '0020-12-08', 'PSML', '2022-06-28 13:33:00', '2022-06-28 13:33:00'),
(1, 'Receipt', '2020-12-08 00:00:00', '13', 'App\\SalesCollection', NULL, '13', NULL, 'Cash', NULL, '0020-12-08', 'PSML', '2022-06-28 13:33:00', '2022-06-28 13:33:00'),
(1, 'Receipt', '2021-03-11 00:00:00', '14', 'App\\SalesCollection', NULL, '14', NULL, 'Cash', NULL, '0021-03-11', 'PSML', '2022-06-28 13:36:00', '2022-06-28 13:36:00'),
(1, 'Receipt', '2020-12-01 00:00:00', '734', 'App\\SalesCollection', NULL, '734', NULL, 'Cash', NULL, '0020-12-01', 'PSML', '2022-06-28 13:37:00', '2022-06-28 13:37:00'),
(1, 'Receipt', '2021-06-16 00:00:00', '735', 'App\\SalesCollection', NULL, '735', NULL, 'Cash', NULL, '0021-06-16', 'PSML', '2022-06-28 13:38:00', '2022-06-28 13:38:00'),
(1, 'Receipt', '2022-06-23 00:00:00', '951', 'App\\SalesCollection', NULL, '951', NULL, 'Online Bank Transfer', 'IB22062234515417', '6/23/2022', 'PSML', '2022-06-28 16:38:00', '2022-06-28 16:38:00'),
(1, 'Journal', '2022-03-10 00:00:00', '6', 'App\\Procurement\\MaterialReceive', NULL, NULL, NULL, NULL, NULL, NULL, 'PSML', '2022-11-20 17:38:00', '2022-11-20 17:38:00'),
(1, 'Journal', '2022-03-14 00:00:00', '7', 'App\\Procurement\\MaterialReceive', NULL, NULL, NULL, NULL, NULL, NULL, 'PSML', '2022-11-20 17:44:00', '2022-11-20 17:44:00'),
(1, 'Journal', '2022-03-15 00:00:00', '8', 'App\\Procurement\\MaterialReceive', NULL, NULL, NULL, NULL, NULL, NULL, 'PSML', '2022-11-20 17:48:00', '2022-11-20 17:48:00'),
(1, 'Journal', '2022-05-20 00:00:00', '9', 'App\\Procurement\\MaterialReceive', NULL, NULL, NULL, NULL, NULL, NULL, 'PSML', '2022-11-20 17:54:00', '2022-11-20 17:54:00'),
(1, 'Journal', '2022-05-16 00:00:00', '10', 'App\\Procurement\\MaterialReceive', NULL, NULL, NULL, NULL, NULL, NULL, 'PSML', '2022-11-20 17:54:00', '2022-11-20 17:54:00'),
(1, 'Journal', '2022-05-24 00:00:00', '11', 'App\\Procurement\\MaterialReceive', NULL, NULL, NULL, NULL, NULL, NULL, 'PSML', '2022-11-20 17:56:00', '2022-11-20 17:56:00'),
(1, 'Journal', '2022-05-19 00:00:00', '12', 'App\\Procurement\\MaterialReceive', NULL, NULL, NULL, NULL, NULL, NULL, 'PSML', '2022-11-20 17:57:00', '2022-11-20 17:57:00'),
(1, 'Journal', '2022-06-21 00:00:00', '13', 'App\\Procurement\\MaterialReceive', NULL, NULL, NULL, NULL, NULL, NULL, 'PSML', '2022-11-20 17:58:00', '2022-11-20 17:58:00'),
(1, 'Journal', '2022-06-11 00:00:00', '14', 'App\\Procurement\\MaterialReceive', NULL, NULL, NULL, NULL, NULL, NULL, 'PSML', '2022-11-20 18:08:00', '2022-11-20 18:08:00'),
(1, 'Journal', '2022-06-08 00:00:00', '15', 'App\\Procurement\\MaterialReceive', NULL, NULL, NULL, NULL, NULL, NULL, 'PSML', '2022-11-20 18:09:00', '2022-11-20 18:09:00'),
(1, 'Journal', '2022-06-25 00:00:00', '16', 'App\\Procurement\\MaterialReceive', NULL, NULL, NULL, NULL, NULL, NULL, 'PSML', '2022-11-20 18:11:00', '2022-11-20 18:11:00'),
(1, 'Journal', '2022-06-28 00:00:00', '17', 'App\\Procurement\\MaterialReceive', NULL, NULL, NULL, NULL, NULL, NULL, 'PSML', '2022-11-20 18:13:00', '2022-11-20 18:13:00'),
(1, 'Journal', '2022-07-04 00:00:00', '18', 'App\\Procurement\\MaterialReceive', NULL, NULL, NULL, NULL, NULL, NULL, 'PSML', '2022-11-20 18:24:00', '2022-11-20 18:24:00'),
(1, 'Journal', '2022-07-31 00:00:00', '19', 'App\\Procurement\\MaterialReceive', NULL, NULL, NULL, NULL, NULL, NULL, 'PSML', '2022-11-20 18:29:00', '2022-11-20 18:29:00'),
(1, 'Journal', '2022-07-31 00:00:00', '20', 'App\\Procurement\\MaterialReceive', NULL, NULL, NULL, NULL, NULL, NULL, 'PSML', '2022-11-20 18:29:00', '2023-09-20 14:12:00'),
(1, 'Journal', '2022-07-20 00:00:00', '21', 'App\\Procurement\\MaterialReceive', NULL, NULL, NULL, NULL, NULL, NULL, 'PSML', '2022-11-20 18:29:00', '2022-11-20 18:29:00'),
(1, 'Journal', '2022-08-17 00:00:00', '23', 'App\\Procurement\\MaterialReceive', NULL, NULL, NULL, NULL, NULL, NULL, 'PSML', '2022-11-20 18:29:00', '2022-11-20 18:29:00'),
(1, 'Journal', '2022-08-14 00:00:00', '26', 'App\\Procurement\\MaterialReceive', NULL, NULL, NULL, NULL, NULL, NULL, 'PSML', '2022-11-20 18:30:00', '2022-11-20 18:30:00'),
(1, 'Journal', '2022-08-22 00:00:00', '27', 'App\\Procurement\\MaterialReceive', NULL, NULL, NULL, NULL, NULL, NULL, 'PSML', '2022-11-20 18:30:00', '2022-11-20 18:30:00'),
(1, 'Journal', '2022-08-31 00:00:00', '28', 'App\\Procurement\\MaterialReceive', NULL, NULL, NULL, NULL, NULL, NULL, 'PSML', '2022-11-20 18:30:00', '2022-11-20 18:30:00'),
(1, 'Journal', '2022-09-05 00:00:00', '29', 'App\\Procurement\\MaterialReceive', NULL, NULL, NULL, NULL, NULL, NULL, 'PSML', '2022-11-20 18:30:00', '2022-11-20 18:30:00'),
(1, 'Journal', '2022-09-06 00:00:00', '30', 'App\\Procurement\\MaterialReceive', NULL, NULL, NULL, NULL, NULL, NULL, 'PSML', '2022-11-20 18:30:00', '2022-11-20 18:30:00'),
(1, 'Journal', '2022-08-27 00:00:00', '31', 'App\\Procurement\\MaterialReceive', NULL, NULL, NULL, NULL, NULL, NULL, 'PSML', '2022-11-20 18:30:00', '2022-11-20 18:30:00'),
(1, 'Journal', '2022-08-27 00:00:00', '32', 'App\\Procurement\\MaterialReceive', NULL, NULL, NULL, NULL, NULL, NULL, 'PSML', '2022-11-20 18:30:00', '2022-11-20 18:30:00'),
(1, 'Journal', '2022-09-06 00:00:00', '34', 'App\\Procurement\\MaterialReceive', NULL, NULL, NULL, NULL, NULL, NULL, 'PSML', '2022-11-20 18:30:00', '2022-11-20 18:30:00'),
(1, 'Journal', '2022-08-24 00:00:00', '35', 'App\\Procurement\\MaterialReceive', NULL, NULL, NULL, NULL, NULL, NULL, 'PSML', '2022-11-20 18:30:00', '2022-11-20 18:30:00'),
(1, 'Journal', '2022-08-25 00:00:00', '36', 'App\\Procurement\\MaterialReceive', NULL, NULL, NULL, NULL, NULL, NULL, 'PSML', '2022-11-20 18:30:00', '2022-11-20 18:30:00'),
(1, 'Journal', '2022-08-24 00:00:00', '37', 'App\\Procurement\\MaterialReceive', NULL, NULL, NULL, NULL, NULL, NULL, 'PSML', '2022-11-20 18:30:00', '2022-11-20 18:30:00'),
(1, 'Journal', '2022-08-18 00:00:00', '38', 'App\\Procurement\\MaterialReceive', NULL, NULL, NULL, NULL, NULL, NULL, 'PSML', '2022-11-20 18:31:00', '2022-11-20 18:31:00'),
(1, 'Journal', '2022-07-19 00:00:00', '39', 'App\\Procurement\\MaterialReceive', NULL, NULL, NULL, NULL, NULL, NULL, 'PSML', '2022-11-20 18:31:00', '2022-11-20 18:31:00'),
(1, 'Journal', '2022-09-06 00:00:00', '40', 'App\\Procurement\\MaterialReceive', NULL, NULL, NULL, NULL, NULL, NULL, 'PSML', '2022-11-20 18:31:00', '2022-11-20 18:31:00'),
(1, 'Journal', '2022-09-15 00:00:00', '41', 'App\\Procurement\\MaterialReceive', NULL, NULL, NULL, NULL, NULL, NULL, 'PSML', '2022-11-20 18:31:00', '2022-11-20 18:31:00'),
(1, 'Journal', '2022-09-08 00:00:00', '42', 'App\\Procurement\\MaterialReceive', NULL, NULL, NULL, NULL, NULL, NULL, 'PSML', '2022-11-20 18:31:00', '2022-11-20 18:31:00'),
(1, 'Journal', '2022-10-05 00:00:00', '43', 'App\\Procurement\\MaterialReceive', NULL, NULL, NULL, NULL, NULL, NULL, 'PSML', '2022-11-20 18:31:00', '2022-11-20 18:31:00'),
(1, 'Journal', '2022-08-26 00:00:00', '44', 'App\\Procurement\\MaterialReceive', NULL, NULL, NULL, NULL, NULL, NULL, 'PSML', '2022-11-20 18:31:00', '2022-11-20 18:31:00'),
(1, 'Journal', '2022-10-12 00:00:00', '45', 'App\\Procurement\\MaterialReceive', NULL, NULL, NULL, NULL, NULL, NULL, 'PSML', '2022-11-20 18:31:00', '2022-11-20 18:31:00'),
(1, 'Journal', '2022-10-14 00:00:00', '46', 'App\\Procurement\\MaterialReceive', NULL, NULL, NULL, NULL, NULL, NULL, 'PSML', '2022-11-20 18:31:00', '2022-11-20 18:31:00'),
(1, 'Journal', '2022-11-07 00:00:00', '47', 'App\\Procurement\\MaterialReceive', NULL, NULL, NULL, NULL, NULL, NULL, 'PSML', '2022-11-20 18:31:00', '2022-11-20 18:31:00'),
(1, 'Journal', '2022-11-06 00:00:00', '48', 'App\\Procurement\\MaterialReceive', NULL, NULL, NULL, NULL, NULL, NULL, 'PSML', '2022-11-20 18:31:00', '2022-11-20 18:31:00'),
(1, 'Journal', '2022-10-19 00:00:00', '49', 'App\\Procurement\\MaterialReceive', NULL, NULL, NULL, NULL, NULL, NULL, 'PSML', '2022-11-20 18:31:00', '2022-11-20 18:31:00'),
(1, 'Journal', '2022-12-02 00:00:00', '54', 'App\\Procurement\\MaterialReceive', NULL, NULL, NULL, NULL, NULL, NULL, 'PSML', '2022-12-08 17:18:00', '2022-12-08 17:18:00'),
(1, 'Journal', '2022-12-02 00:00:00', '53', 'App\\Procurement\\MaterialReceive', NULL, NULL, NULL, NULL, NULL, NULL, 'PSML', '2022-12-08 17:18:00', '2022-12-08 17:18:00'),
(1, 'Journal', '2022-11-25 00:00:00', '52', 'App\\Procurement\\MaterialReceive', NULL, NULL, NULL, NULL, NULL, NULL, 'PSML', '2022-12-08 17:18:00', '2022-12-08 17:18:00'),
(1, 'Journal', '2022-11-30 00:00:00', '51', 'App\\Procurement\\MaterialReceive', NULL, NULL, NULL, NULL, NULL, NULL, 'PSML', '2022-12-08 17:18:00', '2022-12-08 17:18:00'),
(1, 'Journal', '2022-11-25 00:00:00', '50', 'App\\Procurement\\MaterialReceive', NULL, NULL, NULL, NULL, NULL, NULL, 'PSML', '2022-12-08 17:18:00', '2022-12-08 17:18:00'),
(1, 'Receipt', '2022-06-01 00:00:00', '925', 'App\\SalesCollection', NULL, '925', 'The Amount is received from Mohammed Manjurul Karim & Tasnuva Shati Beg Snowdonia A-9 Against Booking Money. MR No : 1275/22.', 'Cash', NULL, '6/1/2022', 'PSML', '2022-12-18 12:50:00', '2022-12-18 12:50:00'),
(1, 'Receipt', '2022-06-22 00:00:00', '991', 'App\\SalesCollection', NULL, '991', 'The Amount is received from Manjurul Karim & Tasnuva Shati Beg- Snowdonia- A-9  Apt. as a Down payment. MR # 1706.', 'Cheque', '3109057', '6/22/2022', 'PSML', '2022-12-18 12:54:00', '2022-12-18 12:54:00'),
(1, 'Receipt', '2022-07-24 00:00:00', '992', 'App\\SalesCollection', NULL, '992', 'The amount is received from Manzarul Karim &Tasnova Shati - Snowdonia - A-9against 1st installment MR No. - 1693/22.', 'Cash', NULL, '7/24/2022', 'PSML', '2022-12-18 12:57:00', '2022-12-18 12:57:00'),
(1, 'Receipt', '2022-08-14 00:00:00', '1074', 'App\\SalesCollection', NULL, '1074', 'The amount is received from Manzarul Karim & Tasnova Shati - Snowdonia - A-9 against 2nd installment MR No. - 1460/22', 'Cash', NULL, '8/14/2022', 'PSML', '2022-12-18 12:59:00', '2022-12-18 12:59:00'),
(1, 'Receipt', '2022-09-15 00:00:00', '1075', 'App\\SalesCollection', NULL, '1075', 'The amount is received from Manzarul Karim & Tasnova Shati - Snowdonia - A-9 against 3rd installment MR No. -', 'Cash', NULL, '9/15/2022', 'PSML', '2022-12-18 13:02:00', '2022-12-18 13:02:00'),
(1, 'Receipt', '2022-10-19 00:00:00', '1120', 'App\\SalesCollection', NULL, '1120', 'The amount is received from Manzarul Karim &Tasnova Shati - Snowdonia - A-9 against 4th installment MR No. - 1530/22', 'Cash', NULL, '10/19/2022', 'PSML', '2022-12-18 13:06:00', '2022-12-18 13:06:00'),
(1, 'Receipt', '2022-11-15 00:00:00', '1143', 'App\\SalesCollection', NULL, '1143', 'The amount is received from Manzarul Karim & Tasnova Shati - Snowdonia - A-9 against 5th installment MR No. - 1766/22.', 'Cash', NULL, '11/15/2022', 'PSML', '2022-12-18 13:08:00', '2022-12-18 13:08:00'),
(1, 'Receipt', '2022-12-15 00:00:00', '1176', 'App\\SalesCollection', NULL, '1176', 'The amount is received from Manzarul Karim & Tasnova Shati - Snowdonia - A-9 against installment MR No. - 1959/22', 'Cash', NULL, '12/15/2022', 'PSML', '2022-12-18 13:11:00', '2022-12-18 13:11:00'),
(1, 'Receipt', '2022-08-30 00:00:00', '1044', 'App\\SalesCollection', NULL, '1044', 'The amount is received from Mohammed Iqbal Faruk & Tashin Akter - B-5, Zed-70 against Booking Money MR No.1480/22.', 'Cheque', '8181002', '8/30/2022', 'PSML', '2022-12-18 13:27:00', '2022-12-18 13:27:00'),
(1, 'Receipt', '2022-09-19 00:00:00', '1070', 'App\\SalesCollection', NULL, '1070', 'The amount is received from Mohammed Iqbal Faruk & Tashin Akter - B-5, Zed-70 against Dowon payment MR No.1746/22.', 'Pay Order', '2335286', '9/19/2022', 'PSML', '2022-12-18 13:29:00', '2022-12-18 13:29:00'),
(1, 'Receipt', '2022-10-27 00:00:00', '1094', 'App\\SalesCollection', NULL, '1094', 'The amount is received from Mohammed Iqbal Faruk & Tashin Akter - B-5, Zed-70 against 1st Installment MR No.1545/22.', 'Cheque', '4318141', '10/27/2022', 'PSML', '2022-12-18 13:34:00', '2022-12-18 13:34:00'),
(1, 'Receipt', '2022-12-14 00:00:00', '1175', 'App\\SalesCollection', NULL, '1175', 'The amount is received from Mohammed Iqbal Faruk & Tashin Akter - B-5, Zed-70 against 2nd Installment MR No. 1955/22.', 'Cheque', '818007', '12/14/2022', 'PSML', '2022-12-18 13:36:00', '2022-12-18 13:36:00'),
(1, 'Receipt', '2020-06-11 00:00:00', '518', 'App\\SalesCollection', NULL, '518', 'The amount is received from Rowshan Ara Akther - Queens Park-C-5 against Booking Money MR No.4365.', 'Cheque', '20', '6/11/2020', 'PSML', '2022-12-18 13:42:00', '2022-12-18 13:42:00'),
(1, 'Receipt', '2020-06-15 00:00:00', '519', 'App\\SalesCollection', NULL, '519', 'The amount is received from Rowshan Ara Akter - Queens Park-C-5 against Booking Money MR No,. 4366.', 'Cheque', '21', '6/15/2020', 'PSML', '2022-12-18 13:44:00', '2022-12-18 13:44:00'),
(1, 'Receipt', '2020-06-15 00:00:00', '520', 'App\\SalesCollection', NULL, '520', 'The amount is received from Rowshan Ara Akther-Queens Park - C-5 against Booking Money MR No. 4367.', 'Cheque', '22', '6/15/2020', 'PSML', '2022-12-18 14:00:00', '2022-12-18 14:00:00'),
(1, 'Receipt', '2022-12-12 00:00:00', '1174', 'App\\SalesCollection', NULL, '1174', 'The amount is received from Rowshan Ara Akther-Queens Park - C-5 against IstInstallment . MR No: 1952/22.', 'Cheque', '1461384', '12/12/2022', 'PSML', '2022-12-18 14:02:00', '2022-12-18 14:02:00'),
(1, 'Journal', '2022-12-15 00:00:00', '59', 'App\\Procurement\\MaterialReceive', NULL, NULL, NULL, NULL, NULL, NULL, 'PSML', '2022-12-21 15:38:00', '2022-12-21 15:38:00'),
(1, 'Journal', '2022-12-14 00:00:00', '58', 'App\\Procurement\\MaterialReceive', NULL, NULL, NULL, NULL, NULL, NULL, 'PSML', '2022-12-21 15:38:00', '2022-12-21 15:38:00'),
(1, 'Journal', '2022-12-07 00:00:00', '57', 'App\\Procurement\\MaterialReceive', NULL, NULL, NULL, NULL, NULL, NULL, 'PSML', '2022-12-21 15:38:00', '2022-12-22 15:10:00'),
(1, 'Journal', '2022-12-25 00:00:00', '63', 'App\\Procurement\\MaterialReceive', NULL, NULL, NULL, NULL, NULL, NULL, 'PSML', '2023-01-01 18:22:00', '2023-01-01 18:22:00'),
(1, 'Journal', '2022-12-19 00:00:00', '62', 'App\\Procurement\\MaterialReceive', NULL, NULL, NULL, NULL, NULL, NULL, 'PSML', '2023-01-01 18:22:00', '2023-01-01 18:22:00'),
(1, 'Journal', '2022-12-24 00:00:00', '61', 'App\\Procurement\\MaterialReceive', NULL, NULL, NULL, NULL, NULL, NULL, 'PSML', '2023-01-01 18:22:00', '2023-01-01 18:22:00'),
(1, 'Journal', '2022-12-21 00:00:00', '60', 'App\\Procurement\\MaterialReceive', NULL, NULL, NULL, NULL, NULL, NULL, 'PSML', '2023-01-01 18:22:00', '2023-01-01 18:22:00'),
(1, 'Journal', '2023-01-02 00:00:00', '64', 'App\\Procurement\\MaterialReceive', NULL, NULL, NULL, NULL, NULL, NULL, 'PSML', '2023-01-30 17:45:00', '2023-01-30 17:45:00'),
(1, 'Receipt', '2021-06-30 00:00:00', '254', 'App\\SalesCollection', NULL, '254', 'The Amount is received from Dr. Fatema Sanjila Alam  Park Terrace A-9 aganist Booking Money. MR No : 486/21.', 'Cash', NULL, '6/30/2021', 'PSML', '2023-02-23 17:41:00', '2023-02-23 17:41:00'),
(1, 'Receipt', '2021-09-30 00:00:00', '819', 'App\\SalesCollection', NULL, '819', 'The Amount being received from Fatema Sanjila Alam Park Terrace A-9 Apt. 1st Installment . MR No: 659/21', 'Cheque', '201514', '9/30/2021', 'PSML', '2023-02-23 17:49:00', '2023-02-23 17:49:00'),
(1, 'Receipt', '2021-09-30 00:00:00', '820', 'App\\SalesCollection', NULL, '820', 'The Amount being received from Fatema Sanjila Alam Park Terrace A-9 Apt. 1st Installment . MR No: 660/21', 'Cheque', '201515', '9/30/2021', 'PSML', '2023-02-23 17:50:00', '2023-02-23 17:50:00'),
(1, 'Receipt', '2021-09-29 00:00:00', '821', 'App\\SalesCollection', NULL, '821', 'The Amount being received from Fatema Sanjila Alam Park Terrace A-9 Apt. 1st Installment . MR No: 668/21', 'DD', '1888159', '9/29/2021', 'PSML', '2023-02-23 17:56:00', '2023-02-23 17:56:00'),
(1, 'Receipt', '2022-06-12 00:00:00', '924', 'App\\SalesCollection', NULL, '924', 'The Amount being received from Fatema Sanjila Alam Park Terrace A-9 Apt. 1st Installment . MR No: 1289/22', 'Cheque', '3381083', '6/12/2022', 'PSML', '2023-02-23 17:59:00', '2023-02-23 17:59:00'),
(1, 'Receipt', '2022-10-23 00:00:00', '1103', 'App\\SalesCollection', NULL, '1103', 'The Amount being received from Fatema Sanjila Alam Park Terrace A-9 Apt. 1st Installment . MR No: 1535/22.', 'Cheque', '3381091', '10/23/2022', 'PSML', '2023-02-23 18:02:00', '2023-02-23 18:02:00'),
(1, 'Receipt', '2022-10-30 00:00:00', '1104', 'App\\SalesCollection', NULL, '1104', 'The Amount being received from Fatema Sanjila Alam Park Terrace A-9 Apt. 1st Installment . MR No: 1536/22.', 'Cheque', '3381092', '10/30/2022', 'PSML', '2023-02-23 18:04:00', '2023-02-23 18:04:00'),
(1, 'Receipt', '2022-12-01 00:00:00', '1163', 'App\\SalesCollection', NULL, '1163', 'The Amount being received from Fatema Sanjila Alam Park Terrace A-9 Apt. as Installment . MR No: 1788/22', 'Pay Order', '1889305', '12/1/2022', 'PSML', '2023-02-23 18:06:00', '2023-02-23 18:06:00'),
(1, 'Receipt', '2022-11-17 00:00:00', '1314', 'App\\SalesCollection', NULL, '1314', 'The Amount being received from Fatema Sanjila Alam Park Terrace A-9 Apt. 1st Installment . MR No: 1772/22', 'Cheque', '3381093', '11/17/2022', 'PSML', '2023-02-23 18:19:00', '2023-02-23 18:19:00'),
(1, 'Receipt', '2023-02-16 00:00:00', '1363', 'App\\SalesCollection', NULL, '1363', 'The Amount being received from Fatema Sanjila Alam Park Terrace A-9 Apt.  through the RTGS  as a Installment . MR No: 2092/23', 'Cash', NULL, '2/16/2023', 'PSML', '2023-02-23 18:22:00', '2023-02-23 18:22:00'),
(1, 'Receipt', '2022-03-15 00:00:00', '671', 'App\\SalesCollection', NULL, '671', 'The Amount is received as a booking Money against their Apt. # C-4.', 'Cheque', '1542861', '3/15/2022', 'PSML', '2023-02-26 11:34:00', '2023-02-26 11:34:00'),
(1, 'Receipt', '2022-03-15 00:00:00', '672', 'App\\SalesCollection', NULL, '672', 'The Amount is received as a booking Money against their Apt. # C-4. MR No: 725/22', 'Cheque', '218771', '3/15/2022', 'PSML', '2023-02-26 11:36:00', '2023-02-26 11:36:00'),
(1, 'Receipt', '2022-04-17 00:00:00', '711', 'App\\SalesCollection', NULL, '711', 'The Amount is received as a Installment against their Apt. # C-4. MR No: 1139/22', 'Cheque', '1542862', '4/17/2022', 'PSML', '2023-02-26 11:41:00', '2023-02-26 11:41:00'),
(1, 'Receipt', '2022-05-19 00:00:00', '836', 'App\\SalesCollection', NULL, '836', 'The Amount is received as a 2nd Installment against their Apt. # C-4. MR No: 1259/22.', 'Cheque', '3315558', '5/19/2022', 'PSML', '2023-02-26 11:44:00', '2023-02-26 11:44:00'),
(1, 'Receipt', '2022-06-20 00:00:00', '941', 'App\\SalesCollection', NULL, '941', 'The Amount is received as a 2nd Installment against their Apt. # C-4. MR No: 1704/22.', 'Cheque', '218788', '6/20/2022', 'PSML', '2023-02-26 11:47:00', '2023-02-26 11:47:00'),
(1, 'Receipt', '2022-07-18 00:00:00', '984', 'App\\SalesCollection', NULL, '984', 'The Amount is received as a Installment against their Apt. # C-4. MR No: 1684/22.', 'Cheque', '3315560', '7/18/2022', 'PSML', '2023-02-26 15:56:00', '2023-02-26 15:56:00'),
(1, 'Receipt', '2022-08-22 00:00:00', '1031', 'App\\SalesCollection', NULL, '1031', 'The Amount is received as a Installment against their Apt. # C-4.', 'Cheque', '1542868', '8/22/2022', 'PSML', '2023-02-26 16:00:00', '2023-02-26 16:00:00'),
(1, 'Receipt', '2022-09-19 00:00:00', '1071', 'App\\SalesCollection', NULL, '1071', 'The Amount is received as a 6th Installment against their Apt. # C-4. MR No: 1743/22.', 'Cheque', '8885246', '9/19/2022', 'PSML', '2023-02-26 16:02:00', '2023-02-26 16:02:00'),
(1, 'Receipt', '2022-10-18 00:00:00', '1119', 'App\\SalesCollection', NULL, '1119', 'The Amount is received as a Installment against their Apt. # C-4. MR No: 1531/22.', 'Cheque', '3000682', '10/18/2022', 'PSML', '2023-02-26 16:03:00', '2023-02-26 16:03:00'),
(1, 'Receipt', '2022-11-20 00:00:00', '1238', 'App\\SalesCollection', NULL, '1238', 'The Amount is received as a 8th Installment against their Apt. # C-4. MR No: 1777/22.', 'Cheque', '1542872', '11/20/2022', 'PSML', '2023-02-26 16:05:00', '2023-02-26 16:05:00'),
(1, 'Receipt', '2022-12-20 00:00:00', '1301', 'App\\SalesCollection', NULL, '1301', 'The Amount is received as a 9th Installment against their Apt. # C-4. MR No: 1867/22.', 'Cheque', '1542875', '12/20/2022', 'PSML', '2023-02-26 16:07:00', '2023-02-26 16:07:00'),
(1, 'Receipt', '2023-01-18 00:00:00', '1302', 'App\\SalesCollection', NULL, '1302', 'The Amount is received as a 10th Installment against their Apt. # C-4. MR No: 2024/23.', 'Cheque', '3000685', '1/18/2023', 'PSML', '2023-02-26 16:09:00', '2023-02-26 16:09:00'),
(1, 'Journal', '2023-02-04 00:00:00', '70', 'App\\Procurement\\MaterialReceive', NULL, NULL, NULL, NULL, NULL, NULL, 'PSML', '2023-02-27 14:38:00', '2023-02-27 14:38:00'),
(1, 'Journal', '2023-01-26 00:00:00', '69', 'App\\Procurement\\MaterialReceive', NULL, NULL, NULL, NULL, NULL, NULL, 'PSML', '2023-02-27 14:38:00', '2023-02-27 14:38:00'),
(1, 'Journal', '2023-01-31 00:00:00', '68', 'App\\Procurement\\MaterialReceive', NULL, NULL, NULL, NULL, NULL, NULL, 'PSML', '2023-02-27 14:38:00', '2023-02-27 14:38:00'),
(1, 'Journal', '2023-01-30 00:00:00', '67', 'App\\Procurement\\MaterialReceive', NULL, NULL, NULL, NULL, NULL, NULL, 'PSML', '2023-02-27 14:38:00', '2023-02-27 14:38:00'),
(1, 'Journal', '2023-03-03 00:00:00', '78', 'App\\Procurement\\MaterialReceive', NULL, NULL, NULL, NULL, NULL, NULL, 'PSML', '2023-03-06 17:49:00', '2023-03-06 17:49:00'),
(1, 'Journal', '2023-02-07 00:00:00', '77', 'App\\Procurement\\MaterialReceive', NULL, NULL, NULL, NULL, NULL, NULL, 'PSML', '2023-03-06 17:49:00', '2023-03-06 17:49:00'),
(1, 'Journal', '2022-12-12 00:00:00', '76', 'App\\Procurement\\MaterialReceive', NULL, NULL, NULL, NULL, NULL, NULL, 'PSML', '2023-03-06 17:49:00', '2023-03-06 17:49:00'),
(1, 'Journal', '2022-12-06 00:00:00', '75', 'App\\Procurement\\MaterialReceive', NULL, NULL, NULL, NULL, NULL, NULL, 'PSML', '2023-03-06 17:49:00', '2023-03-06 17:49:00'),
(1, 'Journal', '2022-12-07 00:00:00', '74', 'App\\Procurement\\MaterialReceive', NULL, NULL, NULL, NULL, NULL, NULL, 'PSML', '2023-03-06 17:49:00', '2023-03-06 17:49:00'),
(1, 'Receipt', '2022-02-13 00:00:00', '608', 'App\\SalesCollection', NULL, '608', 'The amount is received from Dr. Md. Harunar Rashid Chowdhury- Zed Kings Dale- A -3 against Booking Money MR No. 908/22', 'Cheque', '6284640', '2/13/2022', 'PSML', '2023-03-09 13:35:00', '2023-03-09 13:35:00'),
(1, 'Journal', '2022-05-19 00:00:00', '2', 'App\\Procurement\\Storeissue', NULL, NULL, NULL, NULL, NULL, NULL, 'PSML', '2023-03-12 12:17:00', '2023-03-12 12:17:00'),
(1, 'Journal', '2022-05-19 00:00:00', '2', 'App\\Procurement\\Storeissue', NULL, NULL, NULL, NULL, NULL, NULL, 'PSML', '2023-03-12 12:17:00', '2023-03-12 12:17:00'),
(1, 'Journal', '2022-05-19 00:00:00', '2', 'App\\Procurement\\Storeissue', NULL, NULL, NULL, NULL, NULL, NULL, 'PSML', '2023-03-12 12:17:00', '2023-03-12 12:17:00'),
(1, 'Journal', '2022-05-19 00:00:00', '2', 'App\\Procurement\\Storeissue', NULL, NULL, NULL, NULL, NULL, NULL, 'PSML', '2023-03-12 12:17:00', '2023-03-12 12:17:00'),
(1, 'Payment', '2023-03-12 00:00:00', NULL, NULL, NULL, NULL, 'dummy payment made for System checking', 'A/C Payee', '878973', '3/12/2023', 'PSML', '2023-03-12 15:52:00', '2023-03-12 15:52:00'),
(1, 'Receipt', '2022-07-20 00:00:00', '1099', 'App\\SalesCollection', NULL, '1099', 'The Amount is received from Dr. Mohammed Gias Uddin  White oak  B-8 Apt. against 47th Installment MR No: 1687/22. . CQ No:  3033773 || 41', 'Pay Order', '3033773', '7/20/2022', 'PSML', '2023-03-14 15:13:00', '2023-03-14 15:13:00'),
(1, 'Receipt', '2022-08-23 00:00:00', '1100', 'App\\SalesCollection', NULL, '1100', 'The Amount is received from Dr. Mohammed Gias Uddin  White oak  B-8 Apt. against 48th Installment MR No: 1472/22. . CQ No:  413033904 ||', 'Pay Order', '3033904', '8/23/2022', 'PSML', '2023-03-14 15:19:00', '2023-03-14 15:19:00'),
(1, 'Receipt', '2022-09-22 00:00:00', '1101', 'App\\SalesCollection', NULL, '1101', 'The Amount is received from Dr. Mohammed Gias Uddin  White oak  B-8 Apt. against 49th Installment MR No: 1472/22. . CQ No: 3034003 ||', 'Pay Order', '3034003', '9/22/2022', 'PSML', '2023-03-14 15:27:00', '2023-03-14 15:27:00'),
(1, 'Receipt', '2022-10-25 00:00:00', '1212', 'App\\SalesCollection', NULL, '1212', 'The Amount is received from Dr. Mohammed Gias Uddin  White oak  B-8 Apt. against Final Partial. MR No: 1540/22. . CQ Dt: 25-10-2022 CQ No: || 3090687 ||', 'Cheque', '3090687', '10/25/2022', 'PSML', '2023-03-14 15:32:00', '2023-03-14 15:32:00'),
(1, 'Receipt', '2022-08-17 00:00:00', '1025', 'App\\SalesCollection', NULL, '1025', 'The Amount is received from Rehene Akter KD Antem A-8 Aganist Booking Money. MR NO: 1467/22', 'Cash', NULL, '8/17/2022', 'PSML', '2023-03-23 10:45:00', '2023-03-23 10:45:00'),
(1, 'Receipt', '2022-08-21 00:00:00', '1026', 'App\\SalesCollection', NULL, '1026', 'The Amount is received from Rehene Akter KD Antem A-4 MR NO: 1467/22. CQ Dt: 17-08-2022 || CQ No:  3496860 ||', 'Cheque', '3496860', '8/21/2022', 'PSML', '2023-03-23 10:49:00', '2023-03-23 10:49:00'),
(1, 'Receipt', '2022-08-21 00:00:00', '1027', 'App\\SalesCollection', NULL, '1027', 'The Amount is received from Rehene Akter KD Antem A-4 MR NO: 1469/22.  17-08-2022 || 9499440 ||', 'Cheque', '9499440', '8/21/2022', 'PSML', '2023-03-23 10:58:00', '2023-03-23 10:58:00'),
(1, 'Receipt', '2022-09-21 00:00:00', '1061', 'App\\SalesCollection', NULL, '1061', 'The Amount is received from Rehene Akter KD Antem A-4 MR NO: 1750/22. CQ 6615065 || CQ dt : 21.09.2022', 'Pay Order', '6615065', '9/21/2022', 'PSML', '2023-03-23 11:06:00', '2023-03-23 11:06:00'),
(1, 'Receipt', '2022-09-22 00:00:00', '1063', 'App\\SalesCollection', NULL, '1063', 'The Amount is received from Rehene Akter KD Antem A-4 MR NO: 1502/22.  Aganist Down Payment. 22-09-2022 || 3496861 ||', 'Cheque', '3496861', '9/22/2022', 'PSML', '2023-03-23 11:16:00', '2023-03-23 11:16:00'),
(1, 'Receipt', '2022-09-22 00:00:00', '1062', 'App\\SalesCollection', NULL, '1062', 'The Amount is received from Rehene Akter KD Antem A-4 MR NO: 1501/22.  Aganist Down Payment. 22-09-2022 || 9499441 ||', 'Cheque', '9499441', '9/22/2022', 'PSML', '2023-03-23 11:28:00', '2023-03-23 11:28:00'),
(1, 'Journal', '2022-04-01 00:00:00', '9', 'App\\Procurement\\Storeissue', NULL, NULL, NULL, NULL, NULL, NULL, 'PSML', '2023-03-23 17:14:00', '2023-03-23 17:14:00'),
(1, 'Journal', '2022-04-01 00:00:00', '9', 'App\\Procurement\\Storeissue', NULL, NULL, NULL, NULL, NULL, NULL, 'PSML', '2023-03-23 17:14:00', '2023-03-23 17:14:00'),
(1, 'Journal', '2022-03-16 00:00:00', '8', 'App\\Procurement\\Storeissue', NULL, NULL, NULL, NULL, NULL, NULL, 'PSML', '2023-03-23 17:15:00', '2023-03-23 17:15:00'),
(1, 'Journal', '2022-03-16 00:00:00', '8', 'App\\Procurement\\Storeissue', NULL, NULL, NULL, NULL, NULL, NULL, 'PSML', '2023-03-23 17:15:00', '2023-03-23 17:15:00'),
(1, 'Journal', '2022-03-16 00:00:00', '8', 'App\\Procurement\\Storeissue', NULL, NULL, NULL, NULL, NULL, NULL, 'PSML', '2023-03-23 17:15:00', '2023-03-23 17:15:00'),
(1, 'Journal', '2022-08-30 00:00:00', '7', 'App\\Procurement\\Storeissue', NULL, NULL, NULL, NULL, NULL, NULL, 'PSML', '2023-03-23 17:15:00', '2023-03-23 17:15:00'),
(1, 'Receipt', '2022-11-27 00:00:00', '1240', 'App\\SalesCollection', NULL, '1240', 'The Amount is received from Rehena Akter KD Antem A-4 Apt. aganist Installment no: 2nd. MR No: 1589/22. CQ: 27-11-2022 || 4541276 || 2', 'Cheque', '4541276', '11/27/2022', 'PSML', '2023-03-27 10:50:00', '2023-03-27 10:50:00'),
(1, 'Receipt', '2022-12-26 00:00:00', '1241', 'App\\SalesCollection', NULL, '1241', 'The Amount is received from Rehena Akter KD Antem A-4 Apt. aganist Installment no: 3rd. MR No: 1831/22. CQ:25-12-2022 || 3496862 || 3', 'Cheque', '3496862', '12/26/2022', 'PSML', '2023-03-27 10:54:00', '2023-03-27 10:54:00'),
(1, 'Receipt', '2023-01-23 00:00:00', '1242', 'App\\SalesCollection', NULL, '1242', 'The Amount is received from Rehena Akter KD Antem A-4 Apt. aganist Installment no: 4th. MR No: 2046/23. CQ:22-01-2023 || 4601663 || 4', 'Cheque', '4601663', '1/23/2023', 'PSML', '2023-03-27 10:56:00', '2023-03-27 10:56:00'),
(1, 'Receipt', '2023-02-20 00:00:00', '1391', 'App\\SalesCollection', NULL, '1391', 'The Amount is received from Rehena Akter KD Antem A-4 Apt. aganist Installment no: 4th. MR No: 2047/23. CQ:20-02-2023 || 3496865 || 5', 'Cheque', '3496865', '2/20/2023', 'PSML', '2023-03-27 10:58:00', '2023-03-27 10:58:00'),
(1, 'Receipt', '2023-03-22 00:00:00', '1428', 'App\\SalesCollection', NULL, '1428', 'The Amount is received from Rehena Akter KD Antem A-4 Apt. 7th Installment . MR No: 2230/23. CQ: 22-03-2023 || 3704161 || 6', 'Cheque', '3704161', '3/22/2023', 'PSML', '2023-03-27 11:19:00', '2023-03-27 11:19:00'),
(1, 'Receipt', '2022-10-31 00:00:00', '1239', 'App\\SalesCollection', NULL, '1239', 'The amount is received from Rehena Akter  KD Antem A-4 Apt aganist 1st Installment . MR No: 1589/22. 30-11-2022 || 4541273 || 1', 'Cheque', '4541273', '10/31/2022', 'PSML', '2023-03-27 11:28:00', '2023-03-27 11:28:00'),
(1, 'Journal', '2023-03-23 00:00:00', '80', 'App\\Procurement\\MaterialReceive', NULL, NULL, NULL, NULL, NULL, NULL, 'PSML', '2023-04-03 10:11:00', '2023-04-03 10:11:00'),
(1, 'Journal', '2023-03-22 00:00:00', '79', 'App\\Procurement\\MaterialReceive', NULL, NULL, NULL, NULL, NULL, NULL, 'PSML', '2023-04-03 10:11:00', '2023-04-03 10:11:00'),
(1, 'Journal', '2023-04-11 00:00:00', '88', 'App\\Procurement\\MaterialReceive', NULL, NULL, NULL, NULL, NULL, NULL, 'PSML', '2023-04-16 11:54:00', '2023-04-16 11:54:00'),
(1, 'Journal', '2023-04-08 00:00:00', '87', 'App\\Procurement\\MaterialReceive', NULL, NULL, NULL, NULL, NULL, NULL, 'PSML', '2023-04-16 11:55:00', '2023-04-16 11:55:00'),
(1, 'Journal', '2023-04-08 00:00:00', '86', 'App\\Procurement\\MaterialReceive', NULL, NULL, NULL, NULL, NULL, NULL, 'PSML', '2023-04-16 11:55:00', '2023-04-16 11:55:00'),
(1, 'Journal', '2023-04-05 00:00:00', '85', 'App\\Procurement\\MaterialReceive', NULL, NULL, NULL, NULL, NULL, NULL, 'PSML', '2023-04-16 11:55:00', '2023-04-16 11:55:00'),
(1, 'Journal', '2023-04-05 00:00:00', '84', 'App\\Procurement\\MaterialReceive', NULL, NULL, NULL, NULL, NULL, NULL, 'PSML', '2023-04-16 11:55:00', '2023-04-16 11:55:00'),
(1, 'Journal', '2023-04-04 00:00:00', '83', 'App\\Procurement\\MaterialReceive', NULL, NULL, NULL, NULL, NULL, NULL, 'PSML', '2023-04-16 11:55:00', '2023-04-16 11:55:00'),
(1, 'Journal', '2023-04-06 00:00:00', '82', 'App\\Procurement\\MaterialReceive', NULL, NULL, NULL, NULL, NULL, NULL, 'PSML', '2023-04-16 11:55:00', '2023-04-16 11:55:00'),
(1, 'Journal', '2023-03-27 00:00:00', '81', 'App\\Procurement\\MaterialReceive', NULL, NULL, NULL, NULL, NULL, NULL, 'PSML', '2023-04-16 11:55:00', '2023-04-16 11:55:00'),
(1, 'Journal', '2023-04-15 00:00:00', '92', 'App\\Procurement\\MaterialReceive', NULL, NULL, NULL, NULL, NULL, NULL, 'PSML', '2023-04-29 13:46:00', '2023-04-29 13:46:00'),
(1, 'Journal', '2023-04-15 00:00:00', '91', 'App\\Procurement\\MaterialReceive', NULL, NULL, NULL, NULL, NULL, NULL, 'PSML', '2023-04-29 13:46:00', '2023-04-29 13:46:00'),
(1, 'Journal', '2023-04-15 00:00:00', '90', 'App\\Procurement\\MaterialReceive', NULL, NULL, NULL, NULL, NULL, NULL, 'PSML', '2023-04-29 13:46:00', '2023-04-29 13:46:00'),
(1, 'Journal', '2023-04-13 00:00:00', '89', 'App\\Procurement\\MaterialReceive', NULL, NULL, NULL, NULL, NULL, NULL, 'PSML', '2023-04-29 13:46:00', '2023-04-29 13:46:00'),
(1, 'Journal', '2023-05-09 00:00:00', '96', 'App\\Procurement\\MaterialReceive', NULL, NULL, NULL, NULL, NULL, NULL, 'PSML', '2023-05-14 17:21:00', '2023-05-14 17:21:00'),
(1, 'Journal', '2023-04-30 00:00:00', '95', 'App\\Procurement\\MaterialReceive', NULL, NULL, NULL, NULL, NULL, NULL, 'PSML', '2023-05-14 17:21:00', '2023-05-14 17:21:00'),
(1, 'Journal', '2023-04-30 00:00:00', '94', 'App\\Procurement\\MaterialReceive', NULL, NULL, NULL, NULL, NULL, NULL, 'PSML', '2023-05-14 17:21:00', '2023-05-14 17:21:00'),
(1, 'Journal', '2023-03-29 00:00:00', '93', 'App\\Procurement\\MaterialReceive', NULL, NULL, NULL, NULL, NULL, NULL, 'PSML', '2023-05-14 17:21:00', '2023-05-14 17:21:00'),
(1, 'Journal', '2023-05-17 00:00:00', '101', 'App\\Procurement\\MaterialReceive', NULL, NULL, NULL, NULL, NULL, NULL, 'PSML', '2023-05-24 10:21:00', '2023-05-24 10:21:00'),
(1, 'Journal', '2023-05-16 00:00:00', '100', 'App\\Procurement\\MaterialReceive', NULL, NULL, NULL, NULL, NULL, NULL, 'PSML', '2023-05-24 10:21:00', '2023-05-24 10:21:00'),
(1, 'Journal', '2023-05-16 00:00:00', '99', 'App\\Procurement\\MaterialReceive', NULL, NULL, NULL, NULL, NULL, NULL, 'PSML', '2023-05-24 10:21:00', '2023-05-24 10:21:00'),
(1, 'Journal', '2023-05-12 00:00:00', '98', 'App\\Procurement\\MaterialReceive', NULL, NULL, NULL, NULL, NULL, NULL, 'PSML', '2023-05-24 10:21:00', '2023-05-24 10:21:00'),
(1, 'Journal', '2023-05-10 00:00:00', '97', 'App\\Procurement\\MaterialReceive', NULL, NULL, NULL, NULL, NULL, NULL, 'PSML', '2023-05-24 10:21:00', '2023-05-24 10:21:00'),
(1, 'Journal', '2023-06-24 00:00:00', '111', 'App\\Procurement\\MaterialReceive', NULL, NULL, NULL, NULL, NULL, NULL, 'PSML', '2023-07-10 17:38:00', '2023-07-10 17:38:00'),
(1, 'Journal', '2023-06-22 00:00:00', '110', 'App\\Procurement\\MaterialReceive', NULL, NULL, NULL, NULL, NULL, NULL, 'PSML', '2023-07-10 17:38:00', '2023-07-10 17:38:00'),
(1, 'Journal', '2023-06-21 00:00:00', '109', 'App\\Procurement\\MaterialReceive', NULL, NULL, NULL, NULL, NULL, NULL, 'PSML', '2023-07-10 17:38:00', '2023-07-10 17:38:00'),
(1, 'Journal', '2023-06-21 00:00:00', '108', 'App\\Procurement\\MaterialReceive', NULL, NULL, NULL, NULL, NULL, NULL, 'PSML', '2023-07-10 17:38:00', '2023-07-10 17:38:00'),
(1, 'Journal', '2023-06-20 00:00:00', '107', 'App\\Procurement\\MaterialReceive', NULL, NULL, NULL, NULL, NULL, NULL, 'PSML', '2023-07-10 17:38:00', '2023-07-10 17:38:00'),
(1, 'Journal', '2023-06-19 00:00:00', '106', 'App\\Procurement\\MaterialReceive', NULL, NULL, NULL, NULL, NULL, NULL, 'PSML', '2023-07-10 17:38:00', '2023-07-10 17:38:00'),
(1, 'Journal', '2023-06-19 00:00:00', '105', 'App\\Procurement\\MaterialReceive', NULL, NULL, NULL, NULL, NULL, NULL, 'PSML', '2023-07-10 17:38:00', '2023-07-10 17:38:00'),
(1, 'Journal', '2023-06-19 00:00:00', '104', 'App\\Procurement\\MaterialReceive', NULL, NULL, NULL, NULL, NULL, NULL, 'PSML', '2023-07-10 17:38:00', '2023-07-10 17:38:00'),
(1, 'Journal', '2023-05-31 00:00:00', '103', 'App\\Procurement\\MaterialReceive', NULL, NULL, NULL, NULL, NULL, NULL, 'PSML', '2023-07-10 17:38:00', '2023-07-10 17:38:00'),
(1, 'Journal', '2023-05-21 00:00:00', '102', 'App\\Procurement\\MaterialReceive', NULL, NULL, NULL, NULL, NULL, NULL, 'PSML', '2023-07-10 17:38:00', '2023-07-10 17:38:00'),
(1, 'Journal', '2023-08-18 00:00:00', '136', 'App\\Procurement\\MaterialReceive', NULL, NULL, NULL, NULL, NULL, NULL, 'PSML', '2023-09-17 13:42:00', '2023-09-17 13:42:00'),
(1, 'Journal', '2023-08-18 00:00:00', '135', 'App\\Procurement\\MaterialReceive', NULL, NULL, NULL, NULL, NULL, NULL, 'PSML', '2023-09-17 13:42:00', '2023-09-17 13:42:00'),
(1, 'Journal', '2023-08-17 00:00:00', '134', 'App\\Procurement\\MaterialReceive', NULL, NULL, NULL, NULL, NULL, NULL, 'PSML', '2023-09-17 13:42:00', '2023-09-17 13:42:00'),
(1, 'Journal', '2023-08-17 00:00:00', '133', 'App\\Procurement\\MaterialReceive', NULL, NULL, NULL, NULL, NULL, NULL, 'PSML', '2023-09-17 13:42:00', '2023-09-17 13:42:00'),
(1, 'Journal', '2023-08-14 00:00:00', '132', 'App\\Procurement\\MaterialReceive', NULL, NULL, NULL, NULL, NULL, NULL, 'PSML', '2023-09-17 13:42:00', '2023-09-17 13:42:00'),
(1, 'Journal', '2023-08-10 00:00:00', '131', 'App\\Procurement\\MaterialReceive', NULL, NULL, NULL, NULL, NULL, NULL, 'PSML', '2023-09-17 13:42:00', '2023-09-17 13:42:00'),
(1, 'Journal', '2023-08-11 00:00:00', '130', 'App\\Procurement\\MaterialReceive', NULL, NULL, NULL, NULL, NULL, NULL, 'PSML', '2023-09-17 13:42:00', '2023-09-17 13:42:00'),
(1, 'Journal', '2023-08-11 00:00:00', '129', 'App\\Procurement\\MaterialReceive', NULL, NULL, NULL, NULL, NULL, NULL, 'PSML', '2023-09-17 13:42:00', '2023-09-17 13:42:00'),
(1, 'Journal', '2023-08-08 00:00:00', '128', 'App\\Procurement\\MaterialReceive', NULL, NULL, NULL, NULL, NULL, NULL, 'PSML', '2023-09-17 13:42:00', '2023-09-17 13:42:00'),
(1, 'Journal', '2023-08-04 00:00:00', '127', 'App\\Procurement\\MaterialReceive', NULL, NULL, NULL, NULL, NULL, NULL, 'PSML', '2023-09-17 13:42:00', '2023-09-17 13:42:00'),
(1, 'Journal', '2023-07-31 00:00:00', '126', 'App\\Procurement\\MaterialReceive', NULL, NULL, NULL, NULL, NULL, NULL, 'PSML', '2023-09-17 13:42:00', '2023-09-17 13:42:00'),
(1, 'Journal', '2023-07-30 00:00:00', '125', 'App\\Procurement\\MaterialReceive', NULL, NULL, NULL, NULL, NULL, NULL, 'PSML', '2023-09-17 13:42:00', '2023-09-17 13:42:00'),
(1, 'Journal', '2023-07-30 00:00:00', '124', 'App\\Procurement\\MaterialReceive', NULL, NULL, NULL, NULL, NULL, NULL, 'PSML', '2023-09-17 13:42:00', '2023-09-17 13:42:00'),
(1, 'Journal', '2023-07-30 00:00:00', '123', 'App\\Procurement\\MaterialReceive', NULL, NULL, NULL, NULL, NULL, NULL, 'PSML', '2023-09-17 13:43:00', '2023-09-17 13:43:00'),
(1, 'Journal', '2023-07-29 00:00:00', '122', 'App\\Procurement\\MaterialReceive', NULL, NULL, NULL, NULL, NULL, NULL, 'PSML', '2023-09-17 13:43:00', '2023-09-17 13:43:00'),
(1, 'Journal', '2023-07-26 00:00:00', '121', 'App\\Procurement\\MaterialReceive', NULL, NULL, NULL, NULL, NULL, NULL, 'PSML', '2023-09-17 13:43:00', '2023-09-17 13:43:00'),
(1, 'Journal', '2023-07-26 00:00:00', '120', 'App\\Procurement\\MaterialReceive', NULL, NULL, NULL, NULL, NULL, NULL, 'PSML', '2023-09-17 13:43:00', '2023-09-17 13:43:00'),
(1, 'Journal', '2023-07-24 00:00:00', '119', 'App\\Procurement\\MaterialReceive', NULL, NULL, NULL, NULL, NULL, NULL, 'PSML', '2023-09-17 13:43:00', '2023-09-17 13:43:00'),
(1, 'Journal', '2023-07-26 00:00:00', '118', 'App\\Procurement\\MaterialReceive', NULL, NULL, NULL, NULL, NULL, NULL, 'PSML', '2023-09-17 13:43:00', '2023-09-17 13:43:00'),
(1, 'Journal', '2023-07-25 00:00:00', '117', 'App\\Procurement\\MaterialReceive', NULL, NULL, NULL, NULL, NULL, NULL, 'PSML', '2023-09-17 13:43:00', '2023-09-17 13:43:00'),
(1, 'Journal', '2023-07-25 00:00:00', '116', 'App\\Procurement\\MaterialReceive', NULL, NULL, NULL, NULL, NULL, NULL, 'PSML', '2023-09-17 13:43:00', '2023-09-17 13:43:00'),
(1, 'Journal', '2023-07-25 00:00:00', '115', 'App\\Procurement\\MaterialReceive', NULL, NULL, NULL, NULL, NULL, NULL, 'PSML', '2023-09-17 13:43:00', '2023-09-17 13:43:00'),
(1, 'Journal', '2023-07-23 00:00:00', '114', 'App\\Procurement\\MaterialReceive', NULL, NULL, NULL, NULL, NULL, NULL, 'PSML', '2023-09-17 13:43:00', '2023-09-17 13:43:00'),
(1, 'Journal', '2023-07-23 00:00:00', '113', 'App\\Procurement\\MaterialReceive', NULL, NULL, NULL, NULL, NULL, NULL, 'PSML', '2023-09-17 13:43:00', '2023-09-17 13:43:00'),
(1, 'Journal', '2023-07-16 00:00:00', '112', 'App\\Procurement\\MaterialReceive', NULL, NULL, NULL, NULL, NULL, NULL, 'PSML', '2023-09-17 13:43:00', '2023-09-17 13:43:00'),
(1, 'Payment', '2023-09-17 00:00:00', '7', 'App\\Procurement\\Iou', NULL, NULL, NULL, 'Cash', NULL, NULL, 'PSML', '2023-09-17 16:08:00', '2023-09-17 16:08:00'),
(1, 'Journal', '2023-09-12 00:00:00', '137', 'App\\Procurement\\MaterialReceive', NULL, NULL, NULL, NULL, NULL, NULL, 'PSML', '2023-09-17 17:36:00', '2023-09-17 17:36:00'),
(1, 'Journal', '2023-05-16 00:00:00', '141', 'App\\Procurement\\MaterialReceive', NULL, NULL, NULL, NULL, NULL, NULL, 'PSML', '2023-10-04 15:02:00', '2023-10-04 15:02:00'),
(1, 'Journal', '2023-10-05 00:00:00', '5', 'App\\Sells\\SaleCancellation', NULL, NULL, NULL, NULL, NULL, NULL, 'PSML', '2023-10-05 13:39:00', '2023-10-05 13:39:00'),
(1, 'Journal', '2023-10-05 00:00:00', '4', 'App\\Sells\\SaleCancellation', NULL, NULL, NULL, NULL, NULL, NULL, 'PSML', '2023-10-05 13:39:00', '2023-10-05 13:39:00'),
(1, 'Journal', '2023-10-05 00:00:00', '3', 'App\\Sells\\SaleCancellation', NULL, NULL, NULL, NULL, NULL, NULL, 'PSML', '2023-10-05 13:39:00', '2023-10-05 13:39:00'),
(1, 'Journal', '2023-10-12 00:00:00', '143', 'App\\Procurement\\MaterialReceive', NULL, NULL, NULL, NULL, NULL, NULL, 'PSML', '2023-10-19 09:56:00', '2023-10-19 09:56:00'),
(1, 'Journal', '2023-10-23 00:00:00', '142', 'App\\Procurement\\MaterialReceive', NULL, NULL, NULL, NULL, NULL, NULL, 'PSML', '2023-10-19 09:56:00', '2023-10-19 09:56:00');

INSERT INTO `users` (`id`, `business_unit`, `name`, `email`, `email_verified_at`, `password`, `remember_token`, `created_at`, `updated_at`) VALUES
(1, 'PSML', 'General', 'general@magnetismtech.com', NULL, '$2y$10$E7cmIuauwGuhZsqPTyi08.h/RNIaUahr6A8cZh6L0To576Nhgddzu', NULL, '2023-08-21 11:45:06', '2023-11-18 08:12:57');
INSERT INTO `users` (`id`, `business_unit`, `name`, `email`, `email_verified_at`, `password`, `remember_token`, `created_at`, `updated_at`) VALUES
(2, 'TSLL', 'Admin', 'admin@magnetismtech.com', NULL, '$2y$10$sPWrIykmPWOBV5YLml9J5uCk33VscRE73851LE9.cjIELfY1WKdV2', NULL, '2023-08-21 11:45:06', '2023-10-09 09:23:48');
INSERT INTO `users` (`id`, `business_unit`, `name`, `email`, `email_verified_at`, `password`, `remember_token`, `created_at`, `updated_at`) VALUES
(6, 'ALL', 'Showrav Biswas', 'showrav@magnetismtech.com', NULL, '$2y$10$pkt00ZMsXWPWosWaJ5Z2J.69GobypahJIEMI4.OUpv.pwmDlUyc4y', NULL, '2023-09-17 04:55:41', '2023-10-12 08:19:13');
INSERT INTO `users` (`id`, `business_unit`, `name`, `email`, `email_verified_at`, `password`, `remember_token`, `created_at`, `updated_at`) VALUES
(9, 'PSML', 'demo@magnetismtech.com', 'demo@magnetismtech.com', NULL, '$2y$10$YA0k5kOl.H.5ShpwFdHKp.pgwPnT773UgARBcCoVBBdnv7PAhrZky', NULL, '2023-11-05 09:54:40', '2023-11-18 08:09:28'),
(10, 'PSML', 'Mahbub', 'mahbub@magnetismtech.com', NULL, '$2y$10$x0Ro1Ow0ucfU5f2jXWul2uI1Civ4s3PHDfydKUUvUKXS/ym6Js/0a', NULL, '2023-11-05 09:56:42', '2023-11-05 09:56:42'),
(13, 'ALL', 'Jahangir Hossain', 'jahangir@magnetismtech.com', NULL, '$2y$10$aDl18kHUnxSbaQ33r.2vQurvIxbjqihgMYY15mhWRJbku2bReh/DC', NULL, '2023-11-16 07:18:36', '2023-11-16 07:18:36');


/*!40101 SET SQL_MODE=@OLD_SQL_MODE */;
/*!40014 SET FOREIGN_KEY_CHECKS=@OLD_FOREIGN_KEY_CHECKS */;
/*!40014 SET UNIQUE_CHECKS=@OLD_UNIQUE_CHECKS */;
/*!40101 SET CHARACTER_SET_CLIENT=@OLD_CHARACTER_SET_CLIENT */;
/*!40101 SET CHARACTER_SET_RESULTS=@OLD_CHARACTER_SET_RESULTS */;
/*!40101 SET COLLATION_CONNECTION=@OLD_COLLATION_CONNECTION */;
/*!40111 SET SQL_NOTES=@OLD_SQL_NOTES */;